charger_id,day_of_week,day_time_block,session_count,avg_duration_minutes,is_weekend,num_ports,utilization_rate
1,0,1,2,25.0,False,1,0.2083
1,0,2,1,52.0,False,1,0.1444
1,0,3,4,37.0,False,1,0.4933
1,0,4,1,47.0,False,1,0.2611
1,1,1,1,82.0,False,1,0.3417
1,1,2,1,48.0,False,1,0.1333
1,1,3,4,37.0,False,1,0.4933
1,1,4,1,46.0,False,1,0.2556
1,2,1,1,12.0,False,1,0.05
1,2,2,2,71.0,False,1,0.3944
1,2,3,2,55.0,False,1,0.3667
1,2,4,1,61.0,False,1,0.3389
1,3,2,3,57.33,False,1,0.4778
1,3,3,2,53.0,False,1,0.3533
1,4,0,1,45.0,False,1,0.125
1,4,3,3,52.33,False,1,0.5233
1,4,4,4,30.0,False,1,0.6667
1,5,1,1,41.0,True,1,0.1708
1,5,2,2,51.0,True,1,0.2833
1,5,3,1,58.0,True,1,0.1933
1,6,1,1,94.0,True,1,0.3917
1,6,2,2,54.0,True,1,0.3
1,6,3,1,95.0,True,1,0.3167
2,0,1,2,14.5,False,1,0.1208
2,0,2,3,5.0,False,1,0.0417
2,0,3,3,25.33,False,1,0.2533
2,1,1,4,20.0,False,1,0.3333
2,1,2,1,7.0,False,1,0.0194
2,1,3,5,17.8,False,1,0.2967
2,1,4,2,18.0,False,1,0.2
2,2,1,2,33.0,False,1,0.275
2,2,2,3,17.33,False,1,0.1444
2,2,3,2,11.0,False,1,0.0733
2,3,1,2,10.0,False,1,0.0833
2,3,2,2,14.5,False,1,0.0806
2,3,3,3,26.33,False,1,0.2633
2,3,4,1,3.0,False,1,0.0167
2,4,1,3,19.33,False,1,0.2417
2,4,2,1,10.0,False,1,0.0278
2,4,3,5,16.2,False,1,0.27
2,5,2,4,14.25,True,1,0.1583
2,5,3,3,13.67,True,1,0.1367
2,6,0,1,9.0,True,1,0.025
2,6,1,1,17.0,True,1,0.0708
2,6,2,3,17.0,True,1,0.1417
2,6,3,3,20.0,True,1,0.2
2,6,4,2,11.5,True,1,0.1278
3,0,1,2,92.5,False,1,0.7708
3,0,2,1,119.0,False,1,0.3306
3,0,3,8,162.62,False,1,1.0
3,0,4,3,238.0,False,1,1.0
3,1,1,3,121.33,False,1,1.0
3,1,2,3,189.67,False,1,1.0
3,1,3,6,129.5,False,1,1.0
3,1,4,4,231.75,False,1,1.0
3,2,0,1,193.0,False,1,0.5361
3,2,1,1,182.0,False,1,0.7583
3,2,3,6,163.67,False,1,1.0
3,2,4,2,146.0,False,1,1.0
3,3,1,2,200.5,False,1,1.0
3,3,2,1,103.0,False,1,0.2861
3,3,3,4,143.5,False,1,1.0
3,4,0,2,32.0,False,1,0.1778
3,4,1,4,107.0,False,1,1.0
3,4,2,3,191.0,False,1,1.0
3,4,3,9,194.22,False,1,1.0
3,4,4,1,266.0,False,1,1.0
3,5,0,2,133.0,True,1,0.7389
3,5,1,4,211.25,True,1,1.0
3,5,2,4,153.5,True,1,1.0
3,5,3,5,158.6,True,1,1.0
3,5,4,2,150.0,True,1,1.0
3,6,1,2,131.5,True,1,1.0
3,6,2,10,101.8,True,1,1.0
3,6,3,5,139.0,True,1,1.0
4,0,1,2,20.0,False,1,0.1667
4,0,3,5,48.8,False,1,0.8133
4,0,4,1,30.0,False,1,0.1667
4,1,1,6,34.83,False,1,0.8708
4,1,3,1,53.0,False,1,0.1767
4,2,0,1,20.0,False,1,0.0556
4,2,1,1,37.0,False,1,0.1542
4,2,2,1,58.0,False,1,0.1611
4,2,3,3,35.33,False,1,0.3533
4,2,4,2,43.0,False,1,0.4778
4,3,1,5,42.4,False,1,0.8833
4,3,3,4,57.25,False,1,0.7633
4,3,4,1,26.0,False,1,0.1444
4,4,1,2,38.5,False,1,0.3208
4,4,3,2,80.0,False,1,0.5333
4,4,4,3,30.33,False,1,0.5056
4,5,3,3,34.67,True,1,0.3467
4,6,0,1,50.0,True,1,0.1389
4,6,1,2,48.0,True,1,0.4
4,6,2,8,49.5,True,1,1.0
4,6,3,2,11.0,True,1,0.0733
4,6,4,1,31.0,True,1,0.1722
5,0,0,2,23.5,False,1,0.1306
5,0,1,6,21.83,False,1,0.5458
5,0,2,7,19.14,False,1,0.3722
5,0,3,5,14.4,False,1,0.24
5,0,4,1,24.0,False,1,0.1333
5,1,1,4,31.0,False,1,0.5167
5,1,2,4,20.75,False,1,0.2306
5,1,3,5,17.6,False,1,0.2933
5,2,0,2,23.5,False,1,0.1306
5,2,1,4,16.5,False,1,0.275
5,2,2,3,17.0,False,1,0.1417
5,2,3,3,27.0,False,1,0.27
5,3,1,3,15.67,False,1,0.1958
5,3,2,1,11.0,False,1,0.0306
5,3,3,5,26.4,False,1,0.44
5,3,4,4,19.25,False,1,0.4278
5,4,0,1,17.0,False,1,0.0472
5,4,1,1,19.0,False,1,0.0792
5,4,3,6,19.0,False,1,0.38
5,4,4,3,32.33,False,1,0.5389
5,5,0,1,40.0,True,1,0.1111
5,5,1,1,13.0,True,1,0.0542
5,5,2,4,12.5,True,1,0.1389
5,5,3,3,12.67,True,1,0.1267
5,6,0,1,19.0,True,1,0.0528
5,6,1,3,22.0,True,1,0.275
5,6,2,4,22.75,True,1,0.2528
5,6,3,11,19.18,True,1,0.7033
5,6,4,1,7.0,True,1,0.0389
6,0,0,1,10.0,False,1,0.0278
6,0,1,2,25.0,False,1,0.2083
6,0,2,1,21.0,False,1,0.0583
6,0,3,8,12.12,False,1,0.3233
6,1,1,1,14.0,False,1,0.0583
6,1,2,3,21.67,False,1,0.1806
6,1,3,1,28.0,False,1,0.0933
6,1,4,2,13.5,False,1,0.15
6,2,1,4,19.0,False,1,0.3167
6,2,2,2,11.5,False,1,0.0639
6,2,3,3,20.67,False,1,0.2067
6,2,4,1,27.0,False,1,0.15
6,3,2,4,18.5,False,1,0.2056
6,3,3,7,20.43,False,1,0.4767
6,4,0,1,7.0,False,1,0.0194
6,4,1,3,11.33,False,1,0.1417
6,4,2,4,9.5,False,1,0.1056
6,4,3,7,23.86,False,1,0.5567
6,4,4,1,27.0,False,1,0.15
6,5,1,2,25.0,True,1,0.2083
6,5,2,7,15.0,True,1,0.2917
6,5,3,6,18.0,True,1,0.36
6,5,4,1,19.0,True,1,0.1056
6,6,2,1,11.0,True,1,0.0306
6,6,3,5,22.6,True,1,0.3767
6,6,4,1,28.0,True,1,0.1556
7,0,0,2,10.5,False,2,0.0292
7,0,1,3,9.67,False,2,0.0604
7,0,3,4,10.25,False,2,0.0683
7,0,4,3,8.67,False,2,0.0722
7,1,1,8,10.12,False,2,0.1688
7,1,3,9,11.0,False,2,0.165
7,2,1,2,14.0,False,2,0.0583
7,2,2,2,15.0,False,2,0.0417
7,2,3,7,11.29,False,2,0.1317
7,2,4,1,11.0,False,2,0.0306
7,3,0,2,9.0,False,2,0.025
7,3,1,2,7.0,False,2,0.0292
7,3,2,2,10.0,False,2,0.0278
7,3,3,7,7.43,False,2,0.0867
7,3,4,4,13.0,False,2,0.1444
7,4,1,2,9.0,False,2,0.0375
7,4,2,3,13.0,False,2,0.0542
7,4,3,8,12.75,False,2,0.17
7,4,4,4,10.25,False,2,0.1139
7,5,1,2,10.5,True,2,0.0438
7,5,2,12,11.17,True,2,0.1861
7,5,3,7,9.43,True,2,0.11
7,5,4,1,13.0,True,2,0.0361
7,6,0,1,10.0,True,2,0.0139
7,6,1,1,13.0,True,2,0.0271
7,6,2,12,11.42,True,2,0.1903
7,6,3,6,9.0,True,2,0.09
7,6,4,2,8.0,True,2,0.0444
8,0,0,1,13.0,False,1,0.0361
8,0,1,2,28.5,False,1,0.2375
8,0,2,2,26.5,False,1,0.1472
8,0,3,5,14.6,False,1,0.2433
8,1,1,2,8.5,False,1,0.0708
8,1,2,1,36.0,False,1,0.1
8,1,3,4,13.25,False,1,0.1767
8,1,4,1,5.0,False,1,0.0278
8,2,1,4,21.75,False,1,0.3625
8,2,3,3,25.33,False,1,0.2533
8,3,0,1,23.0,False,1,0.0639
8,3,1,1,5.0,False,1,0.0208
8,3,3,4,11.25,False,1,0.15
8,4,1,1,37.0,False,1,0.1542
8,4,2,1,34.0,False,1,0.0944
8,4,3,4,13.0,False,1,0.1733
8,4,4,2,10.0,False,1,0.1111
8,5,2,7,14.0,True,1,0.2722
8,5,3,5,17.0,True,1,0.2833
8,6,1,1,34.0,True,1,0.1417
8,6,2,5,17.2,True,1,0.2389
8,6,3,1,36.0,True,1,0.12
8,6,4,1,27.0,True,1,0.15
9,0,1,2,23.0,False,1,0.1917
9,0,2,3,26.67,False,1,0.2222
9,0,3,2,15.0,False,1,0.1
9,0,4,2,25.0,False,1,0.2778
9,1,1,5,20.4,False,1,0.425
9,1,3,1,19.0,False,1,0.0633
9,1,4,1,13.0,False,1,0.0722
9,2,1,3,19.33,False,1,0.2417
9,2,2,1,7.0,False,1,0.0194
9,2,3,3,19.0,False,1,0.19
9,2,4,2,22.5,False,1,0.25
9,3,2,3,13.67,False,1,0.1139
9,3,3,4,18.5,False,1,0.2467
9,4,2,1,26.0,False,1,0.0722
9,4,3,3,19.67,False,1,0.1967
9,4,4,2,13.5,False,1,0.15
9,5,0,2,31.5,True,1,0.175
9,5,1,1,31.0,True,1,0.1292
9,5,2,2,23.0,True,1,0.1278
9,5,3,5,25.6,True,1,0.4267
9,6,2,1,24.0,True,1,0.0667
9,6,3,5,23.4,True,1,0.39
9,6,4,1,30.0,True,1,0.1667
10,0,1,3,123.33,False,1,1.0
10,0,3,3,73.0,False,1,0.73
10,1,1,2,64.5,False,1,0.5375
10,1,2,2,158.5,False,1,0.8806
10,1,3,3,73.67,False,1,0.7367
10,1,4,2,97.0,False,1,1.0
10,2,0,1,172.0,False,1,0.4778
10,2,1,3,95.67,False,1,1.0
10,2,2,1,68.0,False,1,0.1889
10,2,3,1,71.0,False,1,0.2367
10,3,1,6,112.0,False,1,1.0
10,3,2,2,121.5,False,1,0.675
10,3,3,4,68.75,False,1,0.9167
10,3,4,1,216.0,False,1,1.0
10,4,1,2,95.0,False,1,0.7917
10,4,2,1,79.0,False,1,0.2194
10,4,3,2,106.5,False,1,0.71
10,5,0,1,9.0,True,1,0.025
10,5,1,1,90.0,True,1,0.375
10,5,2,6,46.0,True,1,0.7667
10,5,3,2,224.0,True,1,1.0
10,6,1,1,56.0,True,1,0.2333
10,6,2,6,82.5,True,1,1.0
10,6,3,2,145.0,True,1,0.9667
10,6,4,1,60.0,True,1,0.3333
11,0,0,2,8.0,False,1,0.0444
11,0,1,4,7.75,False,1,0.1292
11,0,2,6,12.33,False,1,0.2056
11,0,3,11,9.27,False,1,0.34
11,0,4,2,12.0,False,1,0.1333
11,1,1,4,10.5,False,1,0.175
11,1,2,5,12.0,False,1,0.1667
11,1,3,6,12.17,False,1,0.2433
11,1,4,2,14.5,False,1,0.1611
11,2,0,1,7.0,False,1,0.0194
11,2,1,11,8.73,False,1,0.4
11,2,2,2,14.0,False,1,0.0778
11,2,3,5,10.8,False,1,0.18
11,2,4,1,10.0,False,1,0.0556
11,3,1,5,8.6,False,1,0.1792
11,3,2,2,17.0,False,1,0.0944
11,3,3,10,8.7,False,1,0.29
11,4,0,1,9.0,False,1,0.025
11,4,1,8,11.5,False,1,0.3833
11,4,2,3,9.33,False,1,0.0778
11,4,3,7,8.43,False,1,0.1967
11,4,4,1,5.0,False,1,0.0278
11,5,2,9,9.56,True,1,0.2389
11,5,3,4,9.75,True,1,0.13
11,5,4,3,9.67,True,1,0.1611
11,6,0,1,10.0,True,1,0.0278
11,6,1,4,12.75,True,1,0.2125
11,6,2,9,9.11,True,1,0.2278
11,6,3,6,8.83,True,1,0.1767
11,6,4,2,9.5,True,1,0.1056
12,0,1,11,10.64,False,1,0.4875
12,0,2,3,13.67,False,1,0.1139
12,0,3,7,11.43,False,1,0.2667
12,0,4,4,17.25,False,1,0.3833
12,1,0,1,10.0,False,1,0.0278
12,1,1,7,13.71,False,1,0.4
12,1,2,5,8.4,False,1,0.1167
12,1,3,4,16.5,False,1,0.22
12,1,4,2,13.5,False,1,0.15
12,2,1,7,12.71,False,1,0.3708
12,2,2,2,13.5,False,1,0.075
12,2,3,6,11.33,False,1,0.2267
12,2,4,1,9.0,False,1,0.05
12,3,0,2,24.5,False,1,0.1361
12,3,1,6,13.17,False,1,0.3292
12,3,2,6,8.5,False,1,0.1417
12,3,3,5,11.2,False,1,0.1867
12,3,4,2,4.5,False,1,0.05
12,4,0,1,2.0,False,1,0.0056
12,4,1,7,12.29,False,1,0.3583
12,4,2,3,16.67,False,1,0.1389
12,4,3,4,13.75,False,1,0.1833
12,4,4,4,12.25,False,1,0.2722
12,5,0,2,20.0,True,1,0.1111
12,5,1,1,9.0,True,1,0.0375
12,5,2,9,11.33,True,1,0.2833
12,5,3,3,11.0,True,1,0.11
12,5,4,1,18.0,True,1,0.1
12,6,0,2,10.0,True,1,0.0556
12,6,2,5,13.8,True,1,0.1917
12,6,3,5,11.4,True,1,0.19
13,0,1,5,21.6,False,1,0.45
13,0,2,4,20.75,False,1,0.2306
13,0,3,8,22.25,False,1,0.5933
13,0,4,2,20.5,False,1,0.2278
13,1,0,2,18.0,False,1,0.1
13,1,1,4,28.25,False,1,0.4708
13,1,2,1,27.0,False,1,0.075
13,1,3,9,17.33,False,1,0.52
13,1,4,1,9.0,False,1,0.05
13,2,0,3,16.67,False,1,0.1389
13,2,1,6,22.0,False,1,0.55
13,2,2,2,12.5,False,1,0.0694
13,2,3,8,19.38,False,1,0.5167
13,2,4,2,19.0,False,1,0.2111
13,3,0,1,27.0,False,1,0.075
13,3,1,7,18.43,False,1,0.5375
13,3,2,3,18.33,False,1,0.1528
13,3,3,13,16.85,False,1,0.73
13,3,4,2,24.5,False,1,0.2722
13,4,1,3,28.0,False,1,0.35
13,4,2,5,17.6,False,1,0.2444
13,4,3,7,21.71,False,1,0.5067
13,4,4,5,12.8,False,1,0.3556
13,5,0,1,13.0,True,1,0.0361
13,5,2,5,21.8,True,1,0.3028
13,5,3,5,12.8,True,1,0.2133
13,5,4,1,24.0,True,1,0.1333
13,6,1,1,36.0,True,1,0.15
13,6,2,13,20.69,True,1,0.7472
13,6,3,8,19.12,True,1,0.51
13,6,4,1,15.0,True,1,0.0833
14,0,1,2,38.0,False,1,0.3167
14,0,2,5,50.6,False,1,0.7028
14,0,3,8,53.88,False,1,1.0
14,0,4,2,46.0,False,1,0.5111
14,1,0,1,14.0,False,1,0.0389
14,1,1,3,4.67,False,1,0.0583
14,1,2,1,43.0,False,1,0.1194
14,1,3,6,19.83,False,1,0.3967
14,1,4,1,52.0,False,1,0.2889
14,2,0,2,57.5,False,1,0.3194
14,2,1,4,48.75,False,1,0.8125
14,2,2,1,35.0,False,1,0.0972
14,2,3,5,47.0,False,1,0.7833
14,2,4,1,25.0,False,1,0.1389
14,3,0,4,34.5,False,1,0.3833
14,3,1,2,61.5,False,1,0.5125
14,3,2,5,46.6,False,1,0.6472
14,3,3,6,72.33,False,1,1.0
14,3,4,1,67.0,False,1,0.3722
14,4,1,3,24.33,False,1,0.3042
14,4,2,5,39.4,False,1,0.5472
14,4,3,8,46.5,False,1,1.0
14,4,4,3,63.33,False,1,1.0
14,5,2,8,40.25,True,1,0.8944
14,5,3,4,53.75,True,1,0.7167
14,5,4,4,30.0,True,1,0.6667
14,6,0,1,55.0,True,1,0.1528
14,6,1,2,62.0,True,1,0.5167
14,6,2,7,64.86,True,1,1.0
14,6,3,5,50.4,True,1,0.84
15,0,0,2,17.5,False,1,0.0972
15,0,1,4,27.0,False,1,0.45
15,0,2,2,16.0,False,1,0.0889
15,0,3,9,19.33,False,1,0.58
15,1,1,4,24.0,False,1,0.4
15,1,2,4,29.25,False,1,0.325
15,1,3,5,16.2,False,1,0.27
15,1,4,1,22.0,False,1,0.1222
15,2,1,3,29.0,False,1,0.3625
15,2,2,4,26.25,False,1,0.2917
15,2,3,4,16.75,False,1,0.2233
15,3,1,3,13.67,False,1,0.1708
15,3,2,5,22.0,False,1,0.3056
15,3,3,7,23.57,False,1,0.55
15,3,4,3,20.33,False,1,0.3389
15,4,1,7,21.29,False,1,0.6208
15,4,2,1,24.0,False,1,0.0667
15,4,3,11,14.45,False,1,0.53
15,5,0,1,10.0,True,1,0.0278
15,5,1,2,19.5,True,1,0.1625
15,5,2,8,23.38,True,1,0.5194
15,5,3,9,23.33,True,1,0.7
15,5,4,1,32.0,True,1,0.1778
15,6,1,1,18.0,True,1,0.075
15,6,2,10,21.2,True,1,0.5889
15,6,3,3,14.33,True,1,0.1433
16,0,1,1,14.0,False,1,0.0583
16,0,2,1,16.0,False,1,0.0444
16,1,1,1,15.0,False,1,0.0625
16,1,3,3,23.0,False,1,0.23
16,1,4,1,4.0,False,1,0.0222
16,2,1,3,23.0,False,1,0.2875
16,2,2,1,8.0,False,1,0.0222
16,2,3,2,29.0,False,1,0.1933
16,3,1,2,15.0,False,1,0.125
16,3,2,4,21.5,False,1,0.2389
16,3,3,2,19.0,False,1,0.1267
16,4,1,2,9.5,False,1,0.0792
16,4,2,3,6.33,False,1,0.0528
16,4,3,5,19.8,False,1,0.33
16,4,4,1,18.0,False,1,0.1
16,5,2,1,24.0,True,1,0.0667
16,5,3,2,19.5,True,1,0.13
16,6,2,1,6.0,True,1,0.0167
16,6,3,3,18.33,True,1,0.1833
17,0,0,1,10.0,False,1,0.0278
17,0,1,7,15.43,False,1,0.45
17,0,3,7,20.71,False,1,0.4833
17,0,4,4,29.25,False,1,0.65
17,1,0,1,31.0,False,1,0.0861
17,1,1,5,13.0,False,1,0.2708
17,1,2,4,16.5,False,1,0.1833
17,1,3,9,19.67,False,1,0.59
17,1,4,3,14.67,False,1,0.2444
17,2,1,3,19.33,False,1,0.2417
17,2,2,2,13.0,False,1,0.0722
17,2,3,4,15.5,False,1,0.2067
17,2,4,1,23.0,False,1,0.1278
17,3,1,9,19.67,False,1,0.7375
17,3,2,1,3.0,False,1,0.0083
17,3,3,5,23.4,False,1,0.39
17,3,4,1,7.0,False,1,0.0389
17,4,0,1,22.0,False,1,0.0611
17,4,1,6,27.17,False,1,0.6792
17,4,2,2,21.5,False,1,0.1194
17,4,3,6,21.17,False,1,0.4233
17,4,4,1,7.0,False,1,0.0389
17,5,1,2,17.5,True,1,0.1458
17,5,2,4,17.5,True,1,0.1944
17,5,3,8,14.88,True,1,0.3967
17,6,0,2,33.5,True,1,0.1861
17,6,2,9,15.0,True,1,0.375
17,6,3,8,14.12,True,1,0.3767
18,0,0,2,47.0,False,1,0.2611
18,0,1,11,37.64,False,1,1.0
18,0,2,6,41.17,False,1,0.6861
18,0,3,10,50.6,False,1,1.0
18,0,4,3,58.67,False,1,0.9778
18,1,0,1,36.0,False,1,0.1
18,1,1,5,49.6,False,1,1.0
18,1,2,3,28.67,False,1,0.2389
18,1,3,6,30.83,False,1,0.6167
18,1,4,2,20.5,False,1,0.2278
18,2,1,5,31.2,False,1,0.65
18,2,2,4,55.75,False,1,0.6194
18,2,3,6,45.33,False,1,0.9067
18,2,4,5,38.8,False,1,1.0
18,3,0,2,51.0,False,1,0.2833
18,3,1,7,37.71,False,1,1.0
18,3,2,2,26.5,False,1,0.1472
18,3,3,6,33.0,False,1,0.66
18,3,4,5,34.2,False,1,0.95
18,4,0,1,24.0,False,1,0.0667
18,4,1,7,37.71,False,1,1.0
18,4,2,3,67.0,False,1,0.5583
18,4,3,11,45.73,False,1,1.0
18,4,4,2,73.0,False,1,0.8111
18,5,2,13,46.0,True,1,1.0
18,5,3,5,23.4,True,1,0.39
18,5,4,2,34.0,True,1,0.3778
18,6,1,4,42.0,True,1,0.7
18,6,2,7,37.57,True,1,0.7306
18,6,3,1,31.0,True,1,0.1033
18,6,4,3,31.67,True,1,0.5278
19,0,0,2,36.5,False,1,0.2028
19,0,1,3,16.0,False,1,0.2
19,0,2,2,12.5,False,1,0.0694
19,0,3,3,24.33,False,1,0.2433
19,0,4,3,14.0,False,1,0.2333
19,1,1,2,30.5,False,1,0.2542
19,1,2,1,2.0,False,1,0.0056
19,1,3,5,17.4,False,1,0.29
19,1,4,1,31.0,False,1,0.1722
19,2,1,1,40.0,False,1,0.1667
19,2,2,1,20.0,False,1,0.0556
19,2,3,5,22.0,False,1,0.3667
19,3,0,1,18.0,False,1,0.05
19,3,1,4,27.25,False,1,0.4542
19,3,2,1,16.0,False,1,0.0444
19,3,3,6,23.83,False,1,0.4767
19,3,4,1,27.0,False,1,0.15
19,4,2,2,13.5,False,1,0.075
19,4,3,4,14.0,False,1,0.1867
19,4,4,1,8.0,False,1,0.0444
19,5,1,1,1.0,True,1,0.0042
19,5,2,4,8.25,True,1,0.0917
19,5,3,1,30.0,True,1,0.1
19,5,4,1,20.0,True,1,0.1111
19,6,0,1,32.0,True,1,0.0889
19,6,1,2,22.5,True,1,0.1875
19,6,2,5,15.0,True,1,0.2083
19,6,3,2,20.0,True,1,0.1333
20,0,1,3,29.33,False,1,0.3667
20,0,3,3,38.0,False,1,0.38
20,1,0,1,58.0,False,1,0.1611
20,1,1,1,18.0,False,1,0.075
20,1,2,2,37.5,False,1,0.2083
20,1,3,9,42.22,False,1,1.0
20,1,4,2,54.5,False,1,0.6056
20,2,0,1,33.0,False,1,0.0917
20,2,1,1,42.0,False,1,0.175
20,2,3,6,41.67,False,1,0.8333
20,2,4,1,36.0,False,1,0.2
20,3,0,1,52.0,False,1,0.1444
20,3,1,1,43.0,False,1,0.1792
20,3,2,3,38.0,False,1,0.3167
20,3,3,4,28.25,False,1,0.3767
20,3,4,1,40.0,False,1,0.2222
20,4,1,4,48.0,False,1,0.8
20,4,2,3,57.67,False,1,0.4806
20,4,3,2,32.5,False,1,0.2167
20,4,4,2,48.5,False,1,0.5389
20,5,0,2,50.0,True,1,0.2778
20,5,1,2,50.5,True,1,0.4208
20,5,2,11,46.91,True,1,1.0
20,5,3,5,24.2,True,1,0.4033
20,6,1,2,23.0,True,1,0.1917
20,6,2,2,26.5,True,1,0.1472
20,6,3,3,65.33,True,1,0.6533
21,0,1,1,6.0,False,1,0.025
21,0,2,1,44.0,False,1,0.1222
21,0,3,1,24.0,False,1,0.08
21,1,0,1,39.0,False,1,0.1083
21,1,1,4,35.5,False,1,0.5917
21,1,2,1,3.0,False,1,0.0083
21,1,3,1,101.0,False,1,0.3367
21,1,4,1,36.0,False,1,0.2
21,2,1,7,39.14,False,1,1.0
21,2,3,6,34.5,False,1,0.69
21,2,4,1,39.0,False,1,0.2167
21,3,1,3,72.33,False,1,0.9042
21,3,2,2,26.5,False,1,0.1472
21,3,3,2,54.0,False,1,0.36
21,3,4,1,6.0,False,1,0.0333
21,4,1,3,45.33,False,1,0.5667
21,4,2,1,27.0,False,1,0.075
21,4,3,4,36.0,False,1,0.48
21,5,0,2,35.0,True,1,0.1944
21,5,2,6,27.33,True,1,0.4556
21,5,3,4,39.0,True,1,0.52
21,6,1,1,87.0,True,1,0.3625
21,6,2,4,43.5,True,1,0.4833
22,0,1,1,21.0,False,1,0.0875
22,0,2,1,13.0,False,1,0.0361
22,0,3,3,18.67,False,1,0.1867
22,0,4,3,12.33,False,1,0.2056
22,1,1,4,17.0,False,1,0.2833
22,1,2,2,7.5,False,1,0.0417
22,1,3,5,12.2,False,1,0.2033
22,1,4,2,6.5,False,1,0.0722
22,2,0,2,19.0,False,1,0.1056
22,2,1,3,8.0,False,1,0.1
22,2,2,3,13.67,False,1,0.1139
22,2,3,1,6.0,False,1,0.02
22,2,4,1,5.0,False,1,0.0278
22,3,1,4,12.0,False,1,0.2
22,3,2,3,17.33,False,1,0.1444
22,3,3,3,21.33,False,1,0.2133
22,3,4,3,12.0,False,1,0.2
22,4,1,2,18.5,False,1,0.1542
22,4,3,2,7.0,False,1,0.0467
22,4,4,1,9.0,False,1,0.05
22,5,2,3,7.0,True,1,0.0583
22,5,3,5,11.6,True,1,0.1933
22,5,4,1,14.0,True,1,0.0778
22,6,2,4,13.0,True,1,0.1444
22,6,3,2,11.0,True,1,0.0733
23,0,1,3,21.0,False,1,0.2625
23,0,2,1,23.0,False,1,0.0639
23,0,3,5,14.8,False,1,0.2467
23,0,4,4,25.0,False,1,0.5556
23,1,0,1,19.0,False,1,0.0528
23,1,1,7,19.14,False,1,0.5583
23,1,2,3,21.0,False,1,0.175
23,1,3,3,17.67,False,1,0.1767
23,1,4,1,9.0,False,1,0.05
23,2,0,1,22.0,False,1,0.0611
23,2,1,5,20.4,False,1,0.425
23,2,2,3,29.33,False,1,0.2444
23,2,3,7,19.86,False,1,0.4633
23,2,4,2,12.0,False,1,0.1333
23,3,1,6,15.33,False,1,0.3833
23,3,2,6,23.83,False,1,0.3972
23,3,3,9,17.78,False,1,0.5333
23,3,4,3,12.0,False,1,0.2
23,4,0,1,23.0,False,1,0.0639
23,4,1,4,12.0,False,1,0.2
23,4,2,4,14.75,False,1,0.1639
23,4,3,5,16.2,False,1,0.27
23,4,4,1,8.0,False,1,0.0444
23,5,1,1,12.0,True,1,0.05
23,5,2,8,19.0,True,1,0.4222
23,5,3,5,18.2,True,1,0.3033
23,6,0,1,25.0,True,1,0.0694
23,6,2,6,25.67,True,1,0.4278
23,6,3,6,23.0,True,1,0.46
23,6,4,1,21.0,True,1,0.1167
24,0,1,4,46.5,False,1,0.775
24,0,2,6,30.33,False,1,0.5056
24,0,3,8,49.62,False,1,1.0
24,0,4,8,41.12,False,1,1.0
24,1,1,4,26.0,False,1,0.4333
24,1,2,5,42.6,False,1,0.5917
24,1,3,8,44.75,False,1,1.0
24,1,4,1,7.0,False,1,0.0389
24,2,0,1,5.0,False,1,0.0139
24,2,1,5,35.6,False,1,0.7417
24,2,2,2,27.5,False,1,0.1528
24,2,3,7,56.71,False,1,1.0
24,3,1,5,36.6,False,1,0.7625
24,3,2,4,45.75,False,1,0.5083
24,3,3,12,35.75,False,1,1.0
24,4,0,1,25.0,False,1,0.0694
24,4,1,4,34.5,False,1,0.575
24,4,2,1,39.0,False,1,0.1083
24,4,3,6,31.67,False,1,0.6333
24,4,4,4,41.25,False,1,0.9167
24,5,0,1,46.0,True,1,0.1278
24,5,1,3,37.0,True,1,0.4625
24,5,2,6,43.17,True,1,0.7194
24,5,3,5,62.0,True,1,1.0
24,6,1,3,42.67,True,1,0.5333
24,6,2,12,44.25,True,1,1.0
24,6,3,10,33.2,True,1,1.0
24,6,4,1,32.0,True,1,0.1778
25,0,0,1,35.0,False,1,0.0972
25,0,1,2,33.0,False,1,0.275
25,0,2,3,18.0,False,1,0.15
25,0,3,4,18.75,False,1,0.25
25,0,4,2,18.0,False,1,0.2
25,1,1,4,22.75,False,1,0.3792
25,1,2,3,32.0,False,1,0.2667
25,1,3,2,19.0,False,1,0.1267
25,1,4,1,17.0,False,1,0.0944
25,2,0,2,26.0,False,1,0.1444
25,2,1,1,15.0,False,1,0.0625
25,2,2,2,17.0,False,1,0.0944
25,2,3,4,15.5,False,1,0.2067
25,2,4,1,19.0,False,1,0.1056
25,3,2,2,17.0,False,1,0.0944
25,3,3,3,31.67,False,1,0.3167
25,3,4,2,8.0,False,1,0.0889
25,4,0,1,25.0,False,1,0.0694
25,4,1,2,18.0,False,1,0.15
25,4,3,7,30.14,False,1,0.7033
25,4,4,1,11.0,False,1,0.0611
25,5,0,1,17.0,True,1,0.0472
25,5,2,5,15.2,True,1,0.2111
25,6,1,1,12.0,True,1,0.05
25,6,2,8,16.12,True,1,0.3583
25,6,3,2,8.5,True,1,0.0567
26,0,1,5,38.4,False,1,0.8
26,0,2,4,21.25,False,1,0.2361
26,0,3,12,33.08,False,1,1.0
26,0,4,2,26.0,False,1,0.2889
26,1,1,5,33.4,False,1,0.6958
26,1,2,8,28.12,False,1,0.625
26,1,3,9,13.33,False,1,0.4
26,1,4,1,17.0,False,1,0.0944
26,2,1,5,38.4,False,1,0.8
26,2,3,4,27.75,False,1,0.37
26,2,4,2,60.5,False,1,0.6722
26,3,0,1,14.0,False,1,0.0389
26,3,1,7,45.0,False,1,1.0
26,3,2,1,25.0,False,1,0.0694
26,3,3,6,48.0,False,1,0.96
26,3,4,2,16.0,False,1,0.1778
26,4,1,8,15.62,False,1,0.5208
26,4,2,3,30.0,False,1,0.25
26,4,3,6,26.83,False,1,0.5367
26,4,4,1,4.0,False,1,0.0222
26,5,0,1,48.0,True,1,0.1333
26,5,1,1,23.0,True,1,0.0958
26,5,2,7,35.57,True,1,0.6917
26,5,3,8,25.5,True,1,0.68
26,5,4,1,5.0,True,1,0.0278
26,6,0,4,32.75,True,1,0.3639
26,6,1,2,58.5,True,1,0.4875
26,6,2,10,25.5,True,1,0.7083
26,6,3,3,34.0,True,1,0.34
27,0,1,2,41.0,False,1,0.3417
27,0,2,4,28.0,False,1,0.3111
27,0,3,15,33.73,False,1,1.0
27,1,0,1,32.0,False,1,0.0889
27,1,1,2,24.5,False,1,0.2042
27,1,2,5,34.8,False,1,0.4833
27,1,3,6,14.33,False,1,0.2867
27,1,4,3,14.0,False,1,0.2333
27,2,0,1,42.0,False,1,0.1167
27,2,1,3,53.67,False,1,0.6708
27,2,2,3,22.67,False,1,0.1889
27,2,3,8,27.0,False,1,0.72
27,3,0,2,37.0,False,1,0.2056
27,3,1,5,42.0,False,1,0.875
27,3,2,3,34.0,False,1,0.2833
27,3,3,10,24.9,False,1,0.83
27,4,0,1,48.0,False,1,0.1333
27,4,1,3,36.33,False,1,0.4542
27,4,2,6,22.33,False,1,0.3722
27,4,3,6,28.0,False,1,0.56
27,4,4,1,12.0,False,1,0.0667
27,5,0,1,21.0,True,1,0.0583
27,5,1,2,45.0,True,1,0.375
27,5,2,10,33.2,True,1,0.9222
27,5,3,10,36.6,True,1,1.0
27,6,0,1,23.0,True,1,0.0639
27,6,1,1,1.0,True,1,0.0042
27,6,2,11,21.18,True,1,0.6472
27,6,3,4,46.5,True,1,0.62
27,6,4,2,26.5,True,1,0.2944
28,0,1,2,16.0,False,1,0.1333
28,0,2,4,16.25,False,1,0.1806
28,0,3,3,26.67,False,1,0.2667
28,1,0,1,12.0,False,1,0.0333
28,1,1,2,19.5,False,1,0.1625
28,1,2,1,25.0,False,1,0.0694
28,1,3,5,21.0,False,1,0.35
28,1,4,1,21.0,False,1,0.1167
28,2,1,4,21.5,False,1,0.3583
28,2,2,4,26.5,False,1,0.2944
28,2,3,1,22.0,False,1,0.0733
28,3,1,1,24.0,False,1,0.1
28,3,2,2,45.5,False,1,0.2528
28,3,3,6,17.5,False,1,0.35
28,3,4,1,11.0,False,1,0.0611
28,4,1,1,25.0,False,1,0.1042
28,4,3,3,16.67,False,1,0.1667
28,4,4,1,5.0,False,1,0.0278
28,5,0,1,9.0,True,1,0.025
28,5,2,2,18.0,True,1,0.1
28,5,3,1,12.0,True,1,0.04
28,6,0,2,11.0,True,1,0.0611
28,6,2,3,16.33,True,1,0.1361
28,6,3,8,22.25,True,1,0.5933
29,0,1,2,50.0,False,1,0.4167
29,0,2,2,66.5,False,1,0.3694
29,0,3,5,45.2,False,1,0.7533
29,0,4,1,40.0,False,1,0.2222
29,1,1,3,37.33,False,1,0.4667
29,1,2,2,38.0,False,1,0.2111
29,1,3,4,39.5,False,1,0.5267
29,2,1,5,27.6,False,1,0.575
29,2,2,3,54.0,False,1,0.45
29,2,3,2,37.0,False,1,0.2467
29,2,4,2,33.0,False,1,0.3667
29,3,0,1,61.0,False,1,0.1694
29,3,1,7,48.0,False,1,1.0
29,3,3,7,48.71,False,1,1.0
29,3,4,3,28.67,False,1,0.4778
29,4,0,1,2.0,False,1,0.0056
29,4,1,2,31.0,False,1,0.2583
29,4,2,4,42.5,False,1,0.4722
29,4,3,5,30.2,False,1,0.5033
29,4,4,1,61.0,False,1,0.3389
29,5,1,1,20.0,True,1,0.0833
29,5,2,13,36.69,True,1,1.0
29,5,3,6,52.0,True,1,1.0
29,6,1,3,53.0,True,1,0.6625
29,6,2,5,36.2,True,1,0.5028
29,6,4,1,42.0,True,1,0.2333
30,0,0,1,19.0,False,1,0.0528
30,0,1,2,12.0,False,1,0.1
30,0,2,1,26.0,False,1,0.0722
30,0,3,4,24.75,False,1,0.33
30,0,4,4,16.0,False,1,0.3556
30,1,0,1,23.0,False,1,0.0639
30,1,1,2,9.0,False,1,0.075
30,1,2,3,19.67,False,1,0.1639
30,1,3,5,19.0,False,1,0.3167
30,1,4,1,13.0,False,1,0.0722
30,2,3,4,15.0,False,1,0.2
30,2,4,1,16.0,False,1,0.0889
30,3,1,2,16.0,False,1,0.1333
30,3,2,4,12.0,False,1,0.1333
30,3,3,1,15.0,False,1,0.05
30,3,4,1,37.0,False,1,0.2056
30,4,0,1,35.0,False,1,0.0972
30,4,1,4,11.75,False,1,0.1958
30,4,2,2,23.0,False,1,0.1278
30,4,3,4,21.0,False,1,0.28
30,5,1,2,14.5,True,1,0.1208
30,5,2,3,25.33,True,1,0.2111
30,5,4,1,3.0,True,1,0.0167
30,6,1,4,21.5,True,1,0.3583
30,6,2,4,24.5,True,1,0.2722
30,6,3,1,18.0,True,1,0.06
30,6,4,1,24.0,True,1,0.1333
31,0,0,1,14.0,False,1,0.0389
31,0,1,3,31.67,False,1,0.3958
31,0,2,7,16.43,False,1,0.3194
31,0,3,9,20.33,False,1,0.61
31,0,4,1,7.0,False,1,0.0389
31,1,1,2,28.0,False,1,0.2333
31,1,2,4,25.75,False,1,0.2861
31,1,3,6,24.67,False,1,0.4933
31,1,4,1,27.0,False,1,0.15
31,2,0,1,31.0,False,1,0.0861
31,2,1,5,21.0,False,1,0.4375
31,2,2,2,10.5,False,1,0.0583
31,2,3,7,23.86,False,1,0.5567
31,2,4,2,27.0,False,1,0.3
31,3,1,1,1.0,False,1,0.0042
31,3,2,3,21.33,False,1,0.1778
31,3,3,6,23.83,False,1,0.4767
31,4,1,2,17.0,False,1,0.1417
31,4,2,2,21.0,False,1,0.1167
31,4,3,7,15.57,False,1,0.3633
31,4,4,3,40.67,False,1,0.6778
31,5,0,1,30.0,True,1,0.0833
31,5,1,2,23.5,True,1,0.1958
31,5,2,11,18.91,True,1,0.5778
31,5,3,7,23.71,True,1,0.5533
31,5,4,1,17.0,True,1,0.0944
31,6,0,2,27.0,True,1,0.15
31,6,1,2,21.0,True,1,0.175
31,6,2,11,19.0,True,1,0.5806
31,6,3,10,20.1,True,1,0.67
31,6,4,1,23.0,True,1,0.1278
32,0,1,3,23.67,False,1,0.2958
32,0,2,2,30.0,False,1,0.1667
32,0,3,3,25.0,False,1,0.25
32,0,4,1,6.0,False,1,0.0333
32,1,3,1,4.0,False,1,0.0133
32,1,4,1,26.0,False,1,0.1444
32,2,1,3,22.33,False,1,0.2792
32,2,3,4,20.0,False,1,0.2667
32,2,4,1,23.0,False,1,0.1278
32,3,1,1,21.0,False,1,0.0875
32,3,2,2,16.0,False,1,0.0889
32,3,3,2,16.5,False,1,0.11
32,3,4,1,16.0,False,1,0.0889
32,4,1,4,22.0,False,1,0.3667
32,4,2,1,29.0,False,1,0.0806
32,4,3,4,20.25,False,1,0.27
32,4,4,1,29.0,False,1,0.1611
32,5,2,3,22.0,True,1,0.1833
32,5,4,2,20.5,True,1,0.2278
32,6,0,2,16.0,True,1,0.0889
32,6,1,2,20.5,True,1,0.1708
32,6,2,1,25.0,True,1,0.0694
32,6,3,4,13.5,True,1,0.18
32,6,4,2,14.5,True,1,0.1611
33,0,1,7,13.86,False,1,0.4042
33,0,2,3,11.0,False,1,0.0917
33,0,3,7,17.14,False,1,0.4
33,0,4,1,16.0,False,1,0.0889
33,1,0,3,12.67,False,1,0.1056
33,1,1,2,18.0,False,1,0.15
33,1,2,6,10.5,False,1,0.175
33,1,3,9,13.0,False,1,0.39
33,1,4,2,7.0,False,1,0.0778
33,2,1,5,20.8,False,1,0.4333
33,2,2,3,8.67,False,1,0.0722
33,2,3,10,14.1,False,1,0.47
33,2,4,1,10.0,False,1,0.0556
33,3,0,1,12.0,False,1,0.0333
33,3,1,6,12.33,False,1,0.3083
33,3,2,3,13.67,False,1,0.1139
33,3,3,6,14.83,False,1,0.2967
33,4,0,3,14.33,False,1,0.1194
33,4,1,4,13.25,False,1,0.2208
33,4,2,1,11.0,False,1,0.0306
33,4,3,2,19.5,False,1,0.13
33,4,4,3,11.33,False,1,0.1889
33,5,0,2,11.5,True,1,0.0639
33,5,1,1,12.0,True,1,0.05
33,5,2,5,15.4,True,1,0.2139
33,5,3,7,13.57,True,1,0.3167
33,5,4,1,13.0,True,1,0.0722
33,6,1,4,17.5,True,1,0.2917
33,6,2,6,17.5,True,1,0.2917
33,6,3,5,11.0,True,1,0.1833
33,6,4,1,34.0,True,1,0.1889
34,0,1,2,35.0,False,1,0.2917
34,0,2,1,9.0,False,1,0.025
34,0,3,4,37.5,False,1,0.5
34,1,1,5,32.0,False,1,0.6667
34,1,2,4,70.25,False,1,0.7806
34,1,3,4,43.5,False,1,0.58
34,2,2,2,45.5,False,1,0.2528
34,2,3,5,48.2,False,1,0.8033
34,2,4,2,26.5,False,1,0.2944
34,3,1,1,35.0,False,1,0.1458
34,3,2,2,37.5,False,1,0.2083
34,3,3,3,54.0,False,1,0.54
34,3,4,1,102.0,False,1,0.5667
34,4,1,1,69.0,False,1,0.2875
34,4,2,2,50.0,False,1,0.2778
34,4,3,2,26.0,False,1,0.1733
34,5,1,1,33.0,True,1,0.1375
34,5,2,8,32.5,True,1,0.7222
34,5,3,3,62.0,True,1,0.62
34,5,4,1,29.0,True,1,0.1611
34,6,1,1,30.0,True,1,0.125
34,6,2,7,62.86,True,1,1.0
34,6,3,1,26.0,True,1,0.0867
35,0,1,3,42.67,False,1,0.5333
35,0,2,5,46.6,False,1,0.6472
35,0,3,4,34.75,False,1,0.4633
35,0,4,3,58.0,False,1,0.9667
35,1,2,3,45.0,False,1,0.375
35,1,3,7,45.71,False,1,1.0
35,1,4,1,45.0,False,1,0.25
35,2,0,1,9.0,False,1,0.025
35,2,1,6,52.17,False,1,1.0
35,2,3,1,27.0,False,1,0.09
35,2,4,3,62.0,False,1,1.0
35,3,1,3,62.67,False,1,0.7833
35,3,2,3,68.33,False,1,0.5694
35,3,3,2,63.5,False,1,0.4233
35,3,4,2,77.0,False,1,0.8556
35,4,1,2,83.0,False,1,0.6917
35,4,2,3,50.67,False,1,0.4222
35,4,3,2,60.5,False,1,0.4033
35,5,2,3,35.0,True,1,0.2917
35,5,3,4,13.25,True,1,0.1767
35,5,4,1,2.0,True,1,0.0111
35,6,0,1,77.0,True,1,0.2139
35,6,2,4,59.25,True,1,0.6583
35,6,3,6,59.17,True,1,1.0
36,0,0,2,41.0,False,1,0.2278
36,0,1,2,57.5,False,1,0.4792
36,0,3,6,34.83,False,1,0.6967
36,0,4,1,42.0,False,1,0.2333
36,1,0,1,69.0,False,1,0.1917
36,1,1,6,41.33,False,1,1.0
36,1,2,4,51.5,False,1,0.5722
36,1,3,8,40.25,False,1,1.0
36,2,1,3,54.33,False,1,0.6792
36,2,2,3,73.33,False,1,0.6111
36,2,3,9,41.89,False,1,1.0
36,2,4,1,17.0,False,1,0.0944
36,3,0,1,66.0,False,1,0.1833
36,3,1,4,60.75,False,1,1.0
36,3,2,5,39.6,False,1,0.55
36,3,3,9,43.78,False,1,1.0
36,4,0,2,105.5,False,1,0.5861
36,4,1,4,39.5,False,1,0.6583
36,4,2,1,42.0,False,1,0.1167
36,4,3,6,45.17,False,1,0.9033
36,4,4,2,57.0,False,1,0.6333
36,5,0,1,26.0,True,1,0.0722
36,5,1,1,106.0,True,1,0.4417
36,5,2,7,58.0,True,1,1.0
36,5,3,6,37.83,True,1,0.7567
36,6,2,11,46.36,True,1,1.0
36,6,3,6,53.83,True,1,1.0
36,6,4,1,58.0,True,1,0.3222
37,0,0,1,49.0,False,1,0.1361
37,0,1,5,40.6,False,1,0.8458
37,0,3,4,23.0,False,1,0.3067
37,0,4,1,25.0,False,1,0.1389
37,1,0,1,29.0,False,1,0.0806
37,1,1,4,27.25,False,1,0.4542
37,1,2,4,43.75,False,1,0.4861
37,1,3,6,37.17,False,1,0.7433
37,1,4,1,59.0,False,1,0.3278
37,2,1,4,38.25,False,1,0.6375
37,2,2,4,59.5,False,1,0.6611
37,2,3,5,29.0,False,1,0.4833
37,2,4,1,12.0,False,1,0.0667
37,3,1,4,43.75,False,1,0.7292
37,3,2,5,14.6,False,1,0.2028
37,3,3,3,35.67,False,1,0.3567
37,4,0,2,42.0,False,1,0.2333
37,4,1,3,50.67,False,1,0.6333
37,4,2,4,39.0,False,1,0.4333
37,4,3,9,31.11,False,1,0.9333
37,4,4,1,5.0,False,1,0.0278
37,5,1,1,49.0,True,1,0.2042
37,5,2,7,43.14,True,1,0.8389
37,5,3,5,42.0,True,1,0.7
37,5,4,2,39.5,True,1,0.4389
37,6,0,1,19.0,True,1,0.0528
37,6,2,4,62.5,True,1,0.6944
37,6,3,3,63.67,True,1,0.6367
38,0,1,5,17.6,False,1,0.3667
38,0,2,3,17.0,False,1,0.1417
38,0,3,8,22.38,False,1,0.5967
38,0,4,1,17.0,False,1,0.0944
38,1,1,6,18.83,False,1,0.4708
38,1,2,4,20.5,False,1,0.2278
38,1,3,12,21.83,False,1,0.8733
38,1,4,1,19.0,False,1,0.1056
38,2,0,1,15.0,False,1,0.0417
38,2,1,4,23.75,False,1,0.3958
38,2,2,2,19.0,False,1,0.1056
38,2,3,8,17.5,False,1,0.4667
38,2,4,1,55.0,False,1,0.3056
38,3,1,2,23.0,False,1,0.1917
38,3,2,7,24.43,False,1,0.475
38,3,3,6,15.5,False,1,0.31
38,3,4,1,37.0,False,1,0.2056
38,4,1,4,29.25,False,1,0.4875
38,4,2,6,18.5,False,1,0.3083
38,4,3,2,27.0,False,1,0.18
38,4,4,2,16.0,False,1,0.1778
38,5,0,2,20.0,True,1,0.1111
38,5,1,1,7.0,True,1,0.0292
38,5,2,3,23.67,True,1,0.1972
38,5,3,5,15.4,True,1,0.2567
38,6,1,4,13.0,True,1,0.2167
38,6,2,11,15.91,True,1,0.4861
38,6,3,4,16.5,True,1,0.22
39,0,1,7,34.43,False,1,1.0
39,0,2,1,25.0,False,1,0.0694
39,0,3,3,41.33,False,1,0.4133
39,0,4,1,17.0,False,1,0.0944
39,1,0,2,46.5,False,1,0.2583
39,1,1,3,36.67,False,1,0.4583
39,1,2,3,41.0,False,1,0.3417
39,1,3,5,43.4,False,1,0.7233
39,1,4,5,59.6,False,1,1.0
39,2,1,11,55.64,False,1,1.0
39,2,2,3,30.67,False,1,0.2556
39,2,3,6,33.83,False,1,0.6767
39,2,4,3,32.0,False,1,0.5333
39,3,1,4,47.5,False,1,0.7917
39,3,2,3,35.67,False,1,0.2972
39,3,3,3,36.67,False,1,0.3667
39,3,4,2,47.5,False,1,0.5278
39,4,1,4,55.0,False,1,0.9167
39,4,2,4,47.0,False,1,0.5222
39,4,3,7,26.0,False,1,0.6067
39,4,4,2,47.0,False,1,0.5222
39,5,2,3,32.33,True,1,0.2694
39,5,3,5,38.2,True,1,0.6367
39,5,4,2,23.0,True,1,0.2556
39,6,1,1,18.0,True,1,0.075
39,6,2,12,42.17,True,1,1.0
39,6,3,6,36.17,True,1,0.7233
40,0,1,1,65.0,False,1,0.2708
40,0,2,1,14.0,False,1,0.0389
40,0,3,4,27.0,False,1,0.36
40,1,1,2,22.5,False,1,0.1875
40,1,2,1,29.0,False,1,0.0806
40,1,3,4,30.5,False,1,0.4067
40,2,1,2,22.0,False,1,0.1833
40,2,3,1,21.0,False,1,0.07
40,3,3,4,41.25,False,1,0.55
40,3,4,1,51.0,False,1,0.2833
40,4,1,1,96.0,False,1,0.4
40,4,2,1,43.0,False,1,0.1194
40,4,3,1,42.0,False,1,0.14
40,5,2,4,32.5,True,1,0.3611
40,5,3,4,31.75,True,1,0.4233
40,6,1,1,49.0,True,1,0.2042
40,6,2,3,33.0,True,1,0.275
40,6,3,3,22.67,True,1,0.2267
41,0,1,1,28.0,False,1,0.1167
41,0,2,1,26.0,False,1,0.0722
41,0,3,1,19.0,False,1,0.0633
41,1,1,3,21.33,False,1,0.2667
41,1,2,4,12.25,False,1,0.1361
41,1,3,2,17.0,False,1,0.1133
41,2,1,1,9.0,False,1,0.0375
41,2,2,1,5.0,False,1,0.0139
41,3,1,3,29.67,False,1,0.3708
41,3,2,2,22.0,False,1,0.1222
41,3,3,2,13.0,False,1,0.0867
41,3,4,1,9.0,False,1,0.05
41,4,2,3,11.0,False,1,0.0917
41,4,3,3,31.67,False,1,0.3167
41,5,2,3,15.0,True,1,0.125
41,5,3,1,46.0,True,1,0.1533
41,6,2,3,16.67,True,1,0.1389
41,6,3,2,16.5,True,1,0.11
42,0,0,2,62.5,False,1,0.3472
42,0,1,2,40.0,False,1,0.3333
42,0,2,1,38.0,False,1,0.1056
42,0,3,4,33.0,False,1,0.44
42,0,4,1,40.0,False,1,0.2222
42,1,0,1,20.0,False,1,0.0556
42,1,2,4,45.75,False,1,0.5083
42,1,3,3,50.33,False,1,0.5033
42,1,4,1,5.0,False,1,0.0278
42,2,1,2,51.5,False,1,0.4292
42,2,3,5,39.8,False,1,0.6633
42,2,4,1,55.0,False,1,0.3056
42,3,0,2,25.0,False,1,0.1389
42,3,1,2,28.0,False,1,0.2333
42,3,2,2,43.5,False,1,0.2417
42,3,3,4,37.25,False,1,0.4967
42,3,4,2,56.5,False,1,0.6278
42,4,1,4,28.25,False,1,0.4708
42,4,2,2,54.0,False,1,0.3
42,4,3,5,26.4,False,1,0.44
42,4,4,3,44.33,False,1,0.7389
42,5,1,2,53.5,True,1,0.4458
42,5,2,4,28.5,True,1,0.3167
42,5,3,5,51.4,True,1,0.8567
42,6,1,2,50.0,True,1,0.4167
42,6,2,7,35.43,True,1,0.6889
42,6,3,4,28.25,True,1,0.3767
66,0,2,2,13.5,False,1,0.075
66,1,0,1,18.0,False,1,0.05
66,1,2,4,14.5,False,1,0.1611
66,1,3,2,10.0,False,1,0.0667
66,2,1,2,12.5,False,1,0.1042
66,2,2,2,16.5,False,1,0.0917
66,2,3,3,11.67,False,1,0.1167
66,2,4,2,5.5,False,1,0.0611
66,3,1,4,14.25,False,1,0.2375
66,3,2,1,41.0,False,1,0.1139
66,3,3,3,20.67,False,1,0.2067
66,4,1,3,40.0,False,1,0.5
66,4,3,4,8.75,False,1,0.1167
66,4,4,1,26.0,False,1,0.1444
66,5,1,1,20.0,True,1,0.0833
66,5,2,1,9.0,True,1,0.025
66,5,3,1,3.0,True,1,0.01
66,6,2,2,9.5,True,1,0.0528
66,6,3,2,9.5,True,1,0.0633
84,0,1,5,36.2,False,1,0.7542
84,0,2,3,60.67,False,1,0.5056
84,0,3,6,51.0,False,1,1.0
84,0,4,1,29.0,False,1,0.1611
84,1,0,1,20.0,False,1,0.0556
84,1,1,3,29.33,False,1,0.3667
84,1,2,6,43.0,False,1,0.7167
84,1,3,5,52.8,False,1,0.88
84,1,4,1,54.0,False,1,0.3
84,2,1,4,52.75,False,1,0.8792
84,2,2,3,25.67,False,1,0.2139
84,2,3,5,41.6,False,1,0.6933
84,2,4,2,53.5,False,1,0.5944
84,3,1,2,38.5,False,1,0.3208
84,3,2,6,47.33,False,1,0.7889
84,3,3,6,39.83,False,1,0.7967
84,4,1,2,54.5,False,1,0.4542
84,4,2,1,60.0,False,1,0.1667
84,4,3,10,37.3,False,1,1.0
84,5,0,2,21.5,True,1,0.1194
84,5,2,13,42.69,True,1,1.0
84,5,3,7,40.71,True,1,0.95
84,6,0,2,40.5,True,1,0.225
84,6,1,2,45.0,True,1,0.375
84,6,2,5,34.8,True,1,0.4833
84,6,3,6,52.0,True,1,1.0
84,6,4,2,9.0,True,1,0.1
85,0,1,3,57.33,False,1,0.7167
85,0,2,1,32.0,False,1,0.0889
85,0,3,3,48.67,False,1,0.4867
85,0,4,1,77.0,False,1,0.4278
85,1,0,1,84.0,False,1,0.2333
85,1,1,6,37.17,False,1,0.9292
85,1,2,4,32.75,False,1,0.3639
85,1,3,9,43.89,False,1,1.0
85,1,4,2,50.0,False,1,0.5556
85,2,1,7,39.14,False,1,1.0
85,2,2,4,54.25,False,1,0.6028
85,2,3,5,49.8,False,1,0.83
85,3,1,2,20.5,False,1,0.1708
85,3,2,1,41.0,False,1,0.1139
85,3,3,3,53.33,False,1,0.5333
85,3,4,1,36.0,False,1,0.2
85,4,0,1,64.0,False,1,0.1778
85,4,1,5,36.4,False,1,0.7583
85,4,2,3,42.0,False,1,0.35
85,4,3,6,44.83,False,1,0.8967
85,4,4,3,67.33,False,1,1.0
85,5,1,2,28.0,True,1,0.2333
85,5,2,9,42.89,True,1,1.0
85,5,3,9,44.0,True,1,1.0
85,5,4,1,45.0,True,1,0.25
85,6,1,2,40.5,True,1,0.3375
85,6,2,8,40.75,True,1,0.9056
85,6,3,2,32.5,True,1,0.2167
86,0,1,2,48.5,False,1,0.4042
86,0,2,2,27.0,False,1,0.15
86,0,3,2,62.5,False,1,0.4167
86,1,1,2,33.0,False,1,0.275
86,1,2,1,24.0,False,1,0.0667
86,1,3,7,35.71,False,1,0.8333
86,1,4,1,28.0,False,1,0.1556
86,2,1,1,63.0,False,1,0.2625
86,2,2,2,53.5,False,1,0.2972
86,2,3,4,42.25,False,1,0.5633
86,3,1,1,72.0,False,1,0.3
86,3,3,3,29.0,False,1,0.29
86,4,1,2,32.0,False,1,0.2667
86,4,3,2,19.0,False,1,0.1267
86,4,4,1,64.0,False,1,0.3556
86,5,1,1,17.0,True,1,0.0708
86,5,2,5,41.0,True,1,0.5694
86,5,3,4,60.0,True,1,0.8
86,5,4,1,46.0,True,1,0.2556
86,6,1,3,48.33,True,1,0.6042
86,6,2,7,54.86,True,1,1.0
86,6,3,1,30.0,True,1,0.1
86,6,4,1,53.0,True,1,0.2944
87,0,0,1,15.0,False,2,0.0208
87,0,1,1,69.0,False,2,0.1438
87,0,2,3,57.0,False,2,0.2375
87,0,3,3,31.67,False,2,0.1583
87,1,0,1,5.0,False,2,0.0069
87,1,1,5,55.8,False,2,0.5812
87,1,2,1,95.0,False,2,0.1319
87,1,3,4,50.0,False,2,0.3333
87,1,4,2,59.5,False,2,0.3306
87,2,1,3,63.33,False,2,0.3958
87,2,2,3,48.0,False,2,0.2
87,2,3,3,45.0,False,2,0.225
87,2,4,2,43.0,False,2,0.2389
87,3,2,1,84.0,False,2,0.1167
87,3,3,2,21.0,False,2,0.07
87,3,4,1,31.0,False,2,0.0861
87,4,1,3,55.67,False,2,0.3479
87,4,2,3,31.0,False,2,0.1292
87,4,3,2,35.0,False,2,0.1167
87,4,4,2,45.5,False,2,0.2528
87,5,0,2,51.0,True,2,0.1417
87,5,1,3,35.0,True,2,0.2188
87,5,2,10,42.3,True,2,0.5875
87,5,3,3,23.67,True,2,0.1183
87,5,4,1,99.0,True,2,0.275
87,6,2,9,40.33,True,2,0.5042
87,6,3,4,45.75,True,2,0.305
88,0,0,1,34.0,False,1,0.0944
88,0,1,1,63.0,False,1,0.2625
88,0,3,4,42.25,False,1,0.5633
88,1,0,1,23.0,False,1,0.0639
88,1,1,4,29.25,False,1,0.4875
88,1,2,3,30.33,False,1,0.2528
88,1,3,6,52.0,False,1,1.0
88,1,4,2,29.0,False,1,0.3222
88,2,0,1,20.0,False,1,0.0556
88,2,1,6,41.0,False,1,1.0
88,2,2,3,31.67,False,1,0.2639
88,2,3,6,40.5,False,1,0.81
88,2,4,1,52.0,False,1,0.2889
88,3,1,6,25.5,False,1,0.6375
88,3,3,6,40.5,False,1,0.81
88,3,4,1,35.0,False,1,0.1944
88,4,1,3,29.67,False,1,0.3708
88,4,2,3,48.0,False,1,0.4
88,4,3,8,40.62,False,1,1.0
88,4,4,1,36.0,False,1,0.2
88,5,1,2,32.0,True,1,0.2667
88,5,2,7,35.29,True,1,0.6861
88,5,3,3,21.67,True,1,0.2167
88,5,4,3,53.67,True,1,0.8944
88,6,0,2,6.0,True,1,0.0333
88,6,1,1,46.0,True,1,0.1917
88,6,2,7,36.43,True,1,0.7083
88,6,3,3,28.67,True,1,0.2867
88,6,4,1,51.0,True,1,0.2833
89,0,0,1,54.0,False,1,0.15
89,0,1,4,24.0,False,1,0.4
89,0,3,5,44.0,False,1,0.7333
89,0,4,1,55.0,False,1,0.3056
89,1,1,6,35.33,False,1,0.8833
89,1,2,1,53.0,False,1,0.1472
89,1,3,7,37.0,False,1,0.8633
89,1,4,1,20.0,False,1,0.1111
89,2,1,2,42.0,False,1,0.35
89,2,2,2,25.0,False,1,0.1389
89,2,3,1,29.0,False,1,0.0967
89,2,4,4,42.25,False,1,0.9389
89,3,0,2,59.0,False,1,0.3278
89,3,1,4,28.5,False,1,0.475
89,3,2,7,46.71,False,1,0.9083
89,3,3,7,33.43,False,1,0.78
89,3,4,1,39.0,False,1,0.2167
89,4,0,3,29.0,False,1,0.2417
89,4,1,3,29.33,False,1,0.3667
89,4,3,4,20.25,False,1,0.27
89,5,0,1,51.0,True,1,0.1417
89,5,2,7,39.86,True,1,0.775
89,5,3,6,27.33,True,1,0.5467
89,5,4,3,27.0,True,1,0.45
89,6,0,1,52.0,True,1,0.1444
89,6,1,2,61.5,True,1,0.5125
89,6,2,6,36.83,True,1,0.6139
89,6,3,2,63.0,True,1,0.42
90,0,0,1,7.0,False,1,0.0194
90,0,1,2,15.5,False,1,0.1292
90,0,2,4,22.5,False,1,0.25
90,0,3,5,23.0,False,1,0.3833
90,0,4,1,12.0,False,1,0.0667
90,1,0,1,22.0,False,1,0.0611
90,1,3,9,20.22,False,1,0.6067
90,1,4,2,10.0,False,1,0.1111
90,2,0,1,15.0,False,1,0.0417
90,2,1,3,20.33,False,1,0.2542
90,2,2,5,22.2,False,1,0.3083
90,2,3,2,27.0,False,1,0.18
90,2,4,2,11.5,False,1,0.1278
90,3,0,2,20.0,False,1,0.1111
90,3,1,6,14.5,False,1,0.3625
90,3,3,11,17.36,False,1,0.6367
90,4,1,5,20.8,False,1,0.4333
90,4,2,3,31.67,False,1,0.2639
90,4,3,8,17.38,False,1,0.4633
90,4,4,2,26.5,False,1,0.2944
90,5,1,2,18.0,True,1,0.15
90,5,2,8,22.5,True,1,0.5
90,5,3,6,14.67,True,1,0.2933
90,5,4,2,24.5,True,1,0.2722
90,6,1,1,17.0,True,1,0.0708
90,6,2,7,22.0,True,1,0.4278
90,6,3,7,25.57,True,1,0.5967
90,6,4,1,19.0,True,1,0.1056
91,0,1,4,22.5,False,1,0.375
91,0,2,1,118.0,False,1,0.3278
91,0,3,1,50.0,False,1,0.1667
91,1,1,1,79.0,False,1,0.3292
91,1,2,1,1.0,False,1,0.0028
91,1,3,3,61.67,False,1,0.6167
91,1,4,1,12.0,False,1,0.0667
91,2,1,5,42.2,False,1,0.8792
91,2,2,1,33.0,False,1,0.0917
91,2,3,1,43.0,False,1,0.1433
91,2,4,1,9.0,False,1,0.05
91,3,1,1,5.0,False,1,0.0208
91,3,2,2,33.5,False,1,0.1861
91,3,3,1,36.0,False,1,0.12
91,3,4,1,61.0,False,1,0.3389
91,4,1,1,47.0,False,1,0.1958
91,4,3,3,39.67,False,1,0.3967
91,5,2,5,35.0,True,1,0.4861
91,5,3,1,57.0,True,1,0.19
91,6,1,1,3.0,True,1,0.0125
91,6,2,3,50.67,True,1,0.4222
91,6,3,2,14.0,True,1,0.0933
92,0,1,2,78.0,False,1,0.65
92,0,2,4,38.0,False,1,0.4222
92,0,3,3,48.33,False,1,0.4833
92,0,4,1,52.0,False,1,0.2889
92,1,1,1,28.0,False,1,0.1167
92,1,2,3,45.0,False,1,0.375
92,1,3,1,57.0,False,1,0.19
92,2,1,2,24.0,False,1,0.2
92,2,2,2,29.0,False,1,0.1611
92,2,3,2,18.5,False,1,0.1233
92,2,4,1,6.0,False,1,0.0333
92,3,1,2,26.0,False,1,0.2167
92,3,2,2,73.0,False,1,0.4056
92,3,3,2,22.0,False,1,0.1467
92,4,1,1,96.0,False,1,0.4
92,4,2,3,29.67,False,1,0.2472
92,4,3,6,33.67,False,1,0.6733
92,4,4,1,19.0,False,1,0.1056
92,5,1,3,49.67,True,1,0.6208
92,5,2,3,43.33,True,1,0.3611
92,5,3,4,45.5,True,1,0.6067
92,6,1,3,29.0,True,1,0.3625
92,6,2,4,38.75,True,1,0.4306
92,6,3,2,30.5,True,1,0.2033
93,0,1,3,40.67,False,1,0.5083
93,0,2,4,76.75,False,1,0.8528
93,0,3,3,47.0,False,1,0.47
93,1,1,6,75.33,False,1,1.0
93,1,2,1,6.0,False,1,0.0167
93,1,3,5,68.6,False,1,1.0
93,1,4,1,4.0,False,1,0.0222
93,2,1,7,40.29,False,1,1.0
93,2,2,3,64.33,False,1,0.5361
93,2,3,7,56.57,False,1,1.0
93,2,4,1,4.0,False,1,0.0222
93,3,0,2,54.0,False,1,0.3
93,3,1,1,78.0,False,1,0.325
93,3,2,1,48.0,False,1,0.1333
93,3,3,9,42.56,False,1,1.0
93,3,4,1,100.0,False,1,0.5556
93,4,1,3,36.0,False,1,0.45
93,4,2,1,62.0,False,1,0.1722
93,4,3,4,65.75,False,1,0.8767
93,5,0,3,52.67,True,1,0.4389
93,5,2,11,41.82,True,1,1.0
93,5,3,5,73.8,True,1,1.0
93,5,4,1,55.0,True,1,0.3056
93,6,1,1,73.0,True,1,0.3042
93,6,2,10,48.5,True,1,1.0
93,6,3,6,49.5,True,1,0.99
93,6,4,1,2.0,True,1,0.0111
94,0,1,7,28.71,False,1,0.8375
94,0,2,2,54.5,False,1,0.3028
94,0,3,4,50.0,False,1,0.6667
94,1,0,1,38.0,False,1,0.1056
94,1,1,4,46.0,False,1,0.7667
94,1,2,2,29.5,False,1,0.1639
94,1,3,8,50.12,False,1,1.0
94,1,4,3,51.67,False,1,0.8611
94,2,1,5,36.8,False,1,0.7667
94,2,2,3,34.33,False,1,0.2861
94,2,3,3,55.0,False,1,0.55
94,2,4,3,42.0,False,1,0.7
94,3,0,1,45.0,False,1,0.125
94,3,1,4,35.5,False,1,0.5917
94,3,2,3,36.67,False,1,0.3056
94,3,3,5,36.0,False,1,0.6
94,4,0,1,52.0,False,1,0.1444
94,4,1,4,55.5,False,1,0.925
94,4,2,3,42.33,False,1,0.3528
94,4,3,2,55.0,False,1,0.3667
94,4,4,3,34.33,False,1,0.5722
94,5,2,7,39.71,True,1,0.7722
94,5,3,5,46.4,True,1,0.7733
94,5,4,1,73.0,True,1,0.4056
94,6,1,1,21.0,True,1,0.0875
94,6,2,4,34.5,True,1,0.3833
94,6,3,10,44.5,True,1,1.0
94,6,4,4,41.75,True,1,0.9278
95,0,1,7,16.29,False,2,0.2375
95,0,2,5,21.4,False,2,0.1486
95,0,3,10,13.7,False,2,0.2283
95,0,4,2,16.5,False,2,0.0917
95,1,1,5,19.2,False,2,0.2
95,1,2,3,10.67,False,2,0.0444
95,1,3,15,18.07,False,2,0.4517
95,2,1,3,11.33,False,2,0.0708
95,2,2,6,19.17,False,2,0.1597
95,2,3,5,12.0,False,2,0.1
95,2,4,4,18.5,False,2,0.2056
95,3,1,5,22.2,False,2,0.2312
95,3,2,3,19.33,False,2,0.0806
95,3,3,8,16.62,False,2,0.2217
95,3,4,2,15.5,False,2,0.0861
95,4,1,10,16.9,False,2,0.3521
95,4,2,3,13.0,False,2,0.0542
95,4,3,5,24.2,False,2,0.2017
95,4,4,2,13.5,False,2,0.075
95,5,0,2,14.0,True,2,0.0389
95,5,1,3,24.67,True,2,0.1542
95,5,2,12,22.08,True,2,0.3681
95,5,3,8,19.0,True,2,0.2533
95,6,0,1,15.0,True,2,0.0208
95,6,1,3,26.33,True,2,0.1646
95,6,2,8,20.38,True,2,0.2264
95,6,3,6,18.5,True,2,0.185
95,6,4,1,33.0,True,2,0.0917
96,0,1,7,42.0,False,1,1.0
96,0,2,5,69.0,False,1,0.9583
96,0,3,5,33.0,False,1,0.55
96,0,4,1,24.0,False,1,0.1333
96,1,0,1,58.0,False,1,0.1611
96,1,3,6,56.5,False,1,1.0
96,2,1,4,73.0,False,1,1.0
96,2,2,2,54.0,False,1,0.3
96,2,3,3,32.0,False,1,0.32
96,2,4,2,35.0,False,1,0.3889
96,3,1,2,30.5,False,1,0.2542
96,3,2,4,35.5,False,1,0.3944
96,3,3,6,34.0,False,1,0.68
96,4,1,4,52.75,False,1,0.8792
96,4,2,1,1.0,False,1,0.0028
96,4,3,10,63.9,False,1,1.0
96,4,4,3,38.67,False,1,0.6444
96,5,2,4,36.25,True,1,0.4028
96,5,3,2,69.0,True,1,0.46
96,6,1,1,48.0,True,1,0.2
96,6,2,4,67.75,True,1,0.7528
96,6,3,2,52.5,True,1,0.35
96,6,4,1,45.0,True,1,0.25
97,0,1,3,49.33,False,1,0.6167
97,0,2,2,26.0,False,1,0.1444
97,0,3,5,74.6,False,1,1.0
97,0,4,1,19.0,False,1,0.1056
97,1,1,3,25.33,False,1,0.3167
97,1,2,1,51.0,False,1,0.1417
97,1,3,2,22.0,False,1,0.1467
97,2,1,3,36.0,False,1,0.45
97,2,2,2,54.5,False,1,0.3028
97,2,3,6,37.33,False,1,0.7467
97,2,4,1,69.0,False,1,0.3833
97,3,1,3,33.0,False,1,0.4125
97,3,2,1,57.0,False,1,0.1583
97,3,3,2,35.5,False,1,0.2367
97,3,4,2,34.5,False,1,0.3833
97,4,1,5,29.2,False,1,0.6083
97,4,2,3,50.0,False,1,0.4167
97,4,3,3,44.33,False,1,0.4433
97,4,4,1,39.0,False,1,0.2167
97,5,2,8,35.38,True,1,0.7861
97,5,3,1,66.0,True,1,0.22
97,6,1,1,29.0,True,1,0.1208
97,6,2,4,41.0,True,1,0.4556
97,6,3,3,37.0,True,1,0.37
98,0,0,1,2.0,False,1,0.0056
98,0,1,3,35.67,False,1,0.4458
98,0,2,3,41.0,False,1,0.3417
98,0,3,14,40.21,False,1,1.0
98,0,4,1,5.0,False,1,0.0278
98,1,0,1,1.0,False,1,0.0028
98,1,1,7,20.43,False,1,0.5958
98,1,2,6,47.83,False,1,0.7972
98,1,3,7,50.43,False,1,1.0
98,1,4,4,39.5,False,1,0.8778
98,2,1,6,52.5,False,1,1.0
98,2,2,4,34.75,False,1,0.3861
98,2,3,5,49.2,False,1,0.82
98,2,4,3,64.67,False,1,1.0
98,3,0,1,27.0,False,1,0.075
98,3,1,3,68.0,False,1,0.85
98,3,2,7,52.0,False,1,1.0
98,3,3,12,46.42,False,1,1.0
98,4,1,9,52.0,False,1,1.0
98,4,3,7,48.86,False,1,1.0
98,4,4,1,66.0,False,1,0.3667
98,5,0,1,5.0,True,1,0.0139
98,5,1,3,56.0,True,1,0.7
98,5,2,11,45.55,True,1,1.0
98,5,3,6,52.67,True,1,1.0
98,5,4,4,41.5,True,1,0.9222
98,6,2,12,40.92,True,1,1.0
98,6,3,7,33.14,True,1,0.7733
98,6,4,1,56.0,True,1,0.3111
99,0,1,5,33.2,False,1,0.6917
99,0,2,4,44.25,False,1,0.4917
99,0,3,8,50.62,False,1,1.0
99,0,4,3,49.33,False,1,0.8222
99,1,0,2,26.0,False,1,0.1444
99,1,1,5,36.0,False,1,0.75
99,1,2,2,32.5,False,1,0.1806
99,1,3,7,29.43,False,1,0.6867
99,1,4,2,38.5,False,1,0.4278
99,2,0,1,41.0,False,1,0.1139
99,2,1,6,31.17,False,1,0.7792
99,2,2,6,34.17,False,1,0.5694
99,2,3,12,39.25,False,1,1.0
99,2,4,4,17.75,False,1,0.3944
99,3,1,4,48.5,False,1,0.8083
99,3,2,2,29.0,False,1,0.1611
99,3,3,7,37.0,False,1,0.8633
99,3,4,3,33.33,False,1,0.5556
99,4,0,1,21.0,False,1,0.0583
99,4,1,7,43.57,False,1,1.0
99,4,2,3,47.0,False,1,0.3917
99,4,3,2,42.0,False,1,0.28
99,4,4,2,27.0,False,1,0.3
99,5,2,7,38.29,True,1,0.7444
99,5,3,7,39.86,True,1,0.93
99,5,4,2,49.0,True,1,0.5444
99,6,1,1,17.0,True,1,0.0708
99,6,2,7,42.43,True,1,0.825
99,6,3,3,43.33,True,1,0.4333
100,0,0,1,6.0,False,1,0.0167
100,0,1,2,59.0,False,1,0.4917
100,0,2,1,57.0,False,1,0.1583
100,0,3,5,60.2,False,1,1.0
100,0,4,2,33.0,False,1,0.3667
100,1,1,1,44.0,False,1,0.1833
100,1,2,2,33.5,False,1,0.1861
100,1,3,3,27.67,False,1,0.2767
100,2,0,2,49.5,False,1,0.275
100,2,1,2,37.0,False,1,0.3083
100,2,2,2,72.0,False,1,0.4
100,2,3,2,29.0,False,1,0.1933
100,2,4,2,46.0,False,1,0.5111
100,3,1,3,51.33,False,1,0.6417
100,3,2,3,29.33,False,1,0.2444
100,3,3,4,40.75,False,1,0.5433
100,3,4,1,30.0,False,1,0.1667
100,4,1,2,41.0,False,1,0.3417
100,4,2,1,5.0,False,1,0.0139
100,4,3,8,30.38,False,1,0.81
100,4,4,2,36.0,False,1,0.4
100,5,2,2,44.5,True,1,0.2472
100,5,3,3,34.67,True,1,0.3467
100,6,2,3,30.33,True,1,0.2528
100,6,3,1,48.0,True,1,0.16
101,0,1,8,11.25,False,1,0.375
101,0,2,4,7.0,False,1,0.0778
101,0,3,10,8.8,False,1,0.2933
101,1,1,2,10.0,False,1,0.0833
101,1,2,5,11.8,False,1,0.1639
101,1,3,6,11.67,False,1,0.2333
101,2,0,1,20.0,False,1,0.0556
101,2,1,4,13.75,False,1,0.2292
101,2,2,3,9.33,False,1,0.0778
101,2,3,10,8.1,False,1,0.27
101,2,4,1,25.0,False,1,0.1389
101,3,1,4,12.75,False,1,0.2125
101,3,2,1,7.0,False,1,0.0194
101,3,3,5,14.2,False,1,0.2367
101,3,4,2,5.5,False,1,0.0611
101,4,0,1,1.0,False,1,0.0028
101,4,1,8,7.12,False,1,0.2375
101,4,2,3,9.33,False,1,0.0778
101,4,3,7,11.0,False,1,0.2567
101,5,0,2,5.5,True,1,0.0306
101,5,1,3,9.33,True,1,0.1167
101,5,2,10,9.3,True,1,0.2583
101,5,3,1,10.0,True,1,0.0333
101,5,4,2,3.5,True,1,0.0389
101,6,2,14,11.5,True,1,0.4472
101,6,3,10,11.6,True,1,0.3867
101,6,4,3,8.33,True,1,0.1389
102,0,1,3,31.0,False,1,0.3875
102,0,2,7,24.0,False,1,0.4667
102,0,3,10,36.9,False,1,1.0
102,0,4,1,5.0,False,1,0.0278
102,1,1,3,14.67,False,1,0.1833
102,1,2,3,40.67,False,1,0.3389
102,1,3,9,28.0,False,1,0.84
102,2,1,5,29.6,False,1,0.6167
102,2,2,5,35.8,False,1,0.4972
102,2,3,4,31.75,False,1,0.4233
102,3,0,1,40.0,False,1,0.1111
102,3,1,6,26.17,False,1,0.6542
102,3,2,4,38.0,False,1,0.4222
102,3,3,5,29.2,False,1,0.4867
102,3,4,3,30.33,False,1,0.5056
102,4,0,1,45.0,False,1,0.125
102,4,1,5,17.8,False,1,0.3708
102,4,3,6,28.0,False,1,0.56
102,4,4,1,56.0,False,1,0.3111
102,5,0,2,25.5,True,1,0.1417
102,5,1,4,22.5,True,1,0.375
102,5,2,10,26.8,True,1,0.7444
102,5,3,7,25.71,True,1,0.6
102,5,4,1,35.0,True,1,0.1944
102,6,0,1,29.0,True,1,0.0806
102,6,1,4,33.75,True,1,0.5625
102,6,2,13,30.46,True,1,1.0
102,6,3,7,36.86,True,1,0.86
102,6,4,1,26.0,True,1,0.1444
103,0,1,3,24.67,False,1,0.3083
103,0,2,3,16.33,False,1,0.1361
103,0,3,3,22.0,False,1,0.22
103,0,4,3,23.0,False,1,0.3833
103,1,0,1,20.0,False,1,0.0556
103,1,1,7,21.14,False,1,0.6167
103,1,2,1,13.0,False,1,0.0361
103,1,3,6,17.83,False,1,0.3567
103,1,4,1,8.0,False,1,0.0444
103,2,1,5,16.0,False,1,0.3333
103,2,2,4,24.75,False,1,0.275
103,2,3,8,14.75,False,1,0.3933
103,2,4,1,14.0,False,1,0.0778
103,3,0,1,16.0,False,1,0.0444
103,3,1,3,13.67,False,1,0.1708
103,3,2,7,21.57,False,1,0.4194
103,3,3,9,24.56,False,1,0.7367
103,4,0,1,33.0,False,1,0.0917
103,4,1,4,12.75,False,1,0.2125
103,4,2,1,12.0,False,1,0.0333
103,4,3,6,16.0,False,1,0.32
103,5,0,1,17.0,True,1,0.0472
103,5,1,2,27.0,True,1,0.225
103,5,2,8,20.12,True,1,0.4472
103,5,3,4,29.5,True,1,0.3933
103,5,4,3,23.33,True,1,0.3889
103,6,1,1,29.0,True,1,0.1208
103,6,2,7,21.14,True,1,0.4111
103,6,3,3,32.0,True,1,0.32
103,6,4,1,27.0,True,1,0.15
104,0,1,2,6.0,False,8,0.0062
104,0,3,1,5.0,False,8,0.0021
104,1,1,3,5.0,False,8,0.0078
104,1,3,5,6.0,False,8,0.0125
104,2,1,3,7.33,False,8,0.0115
104,2,3,4,5.25,False,8,0.0088
104,3,1,2,3.0,False,8,0.0031
104,3,2,1,5.0,False,8,0.0017
104,3,3,4,7.5,False,8,0.0125
104,3,4,4,8.25,False,8,0.0229
104,4,0,1,5.0,False,8,0.0017
104,4,1,2,6.0,False,8,0.0062
104,4,2,1,5.0,False,8,0.0017
104,4,3,3,8.33,False,8,0.0104
104,5,0,1,5.0,True,8,0.0017
104,5,1,2,5.0,True,8,0.0052
104,5,2,1,5.0,True,8,0.0017
104,6,0,1,5.0,True,8,0.0017
104,6,2,9,5.33,True,8,0.0167
104,6,3,1,5.0,True,8,0.0021
105,0,0,1,9.0,False,1,0.025
105,0,1,4,13.0,False,1,0.2167
105,0,2,1,10.0,False,1,0.0278
105,0,3,3,7.0,False,1,0.07
105,1,0,1,7.0,False,1,0.0194
105,1,1,2,11.5,False,1,0.0958
105,1,3,1,16.0,False,1,0.0533
105,1,4,2,8.5,False,1,0.0944
105,2,1,3,8.0,False,1,0.1
105,2,3,1,5.0,False,1,0.0167
105,3,1,2,4.5,False,1,0.0375
105,3,2,2,6.0,False,1,0.0333
105,3,3,3,14.67,False,1,0.1467
105,3,4,2,7.5,False,1,0.0833
105,4,1,5,8.6,False,1,0.1792
105,4,4,1,8.0,False,1,0.0444
105,5,2,4,11.0,True,1,0.1222
105,5,3,4,8.5,True,1,0.1133
105,6,0,1,5.0,True,1,0.0139
105,6,2,4,9.75,True,1,0.1083
105,6,3,4,9.75,True,1,0.13
105,6,4,2,8.5,True,1,0.0944
106,0,0,1,12.0,False,1,0.0333
106,0,1,3,14.67,False,1,0.1833
106,0,2,1,12.0,False,1,0.0333
106,0,3,5,18.2,False,1,0.3033
106,0,4,1,28.0,False,1,0.1556
106,1,0,1,5.0,False,1,0.0139
106,1,1,3,18.0,False,1,0.225
106,1,2,2,24.5,False,1,0.1361
106,1,3,8,18.0,False,1,0.48
106,1,4,1,8.0,False,1,0.0444
106,2,0,1,35.0,False,1,0.0972
106,2,1,3,25.67,False,1,0.3208
106,2,2,5,23.6,False,1,0.3278
106,2,3,6,19.0,False,1,0.38
106,2,4,2,39.0,False,1,0.4333
106,3,0,1,24.0,False,1,0.0667
106,3,1,11,15.73,False,1,0.7208
106,3,2,1,23.0,False,1,0.0639
106,3,3,5,16.8,False,1,0.28
106,3,4,2,23.0,False,1,0.2556
106,4,0,1,9.0,False,1,0.025
106,4,1,3,17.67,False,1,0.2208
106,4,2,3,29.67,False,1,0.2472
106,4,3,7,17.43,False,1,0.4067
106,4,4,1,12.0,False,1,0.0667
106,5,0,1,15.0,True,1,0.0417
106,5,1,2,20.0,True,1,0.1667
106,5,2,9,23.11,True,1,0.5778
106,5,3,6,23.0,True,1,0.46
106,6,1,1,27.0,True,1,0.1125
106,6,2,8,21.88,True,1,0.4861
106,6,3,3,27.33,True,1,0.2733
107,0,1,2,21.5,False,2,0.0896
107,0,2,1,18.0,False,2,0.025
107,0,3,10,19.0,False,2,0.3167
107,0,4,1,24.0,False,2,0.0667
107,1,1,6,16.67,False,2,0.2083
107,1,3,4,20.75,False,2,0.1383
107,1,4,2,12.5,False,2,0.0694
107,2,1,4,22.75,False,2,0.1896
107,2,2,1,17.0,False,2,0.0236
107,2,3,6,20.67,False,2,0.2067
107,3,1,3,11.0,False,2,0.0688
107,3,2,4,18.75,False,2,0.1042
107,3,3,3,16.0,False,2,0.08
107,3,4,1,14.0,False,2,0.0389
107,4,1,2,19.0,False,2,0.0792
107,4,2,2,15.5,False,2,0.0431
107,4,3,6,19.33,False,2,0.1933
107,4,4,1,5.0,False,2,0.0139
107,5,0,1,18.0,True,2,0.025
107,5,1,2,25.0,True,2,0.1042
107,5,2,8,10.75,True,2,0.1194
107,5,3,4,15.5,True,2,0.1033
107,6,2,4,11.75,True,2,0.0653
107,6,3,5,15.0,True,2,0.125
108,0,1,5,27.0,False,2,0.2812
108,0,2,3,30.67,False,2,0.1278
108,0,3,5,23.4,False,2,0.195
108,0,4,2,11.0,False,2,0.0611
108,1,0,1,16.0,False,2,0.0222
108,1,1,1,21.0,False,2,0.0438
108,1,2,1,16.0,False,2,0.0222
108,1,3,2,17.5,False,2,0.0583
108,1,4,2,25.5,False,2,0.1417
108,2,1,3,16.0,False,2,0.1
108,2,2,1,18.0,False,2,0.025
108,2,3,3,25.0,False,2,0.125
108,3,1,4,29.75,False,2,0.2479
108,3,3,2,9.5,False,2,0.0317
108,4,0,1,40.0,False,2,0.0556
108,4,1,3,19.0,False,2,0.1188
108,4,2,1,26.0,False,2,0.0361
108,4,3,3,22.67,False,2,0.1133
108,5,2,4,30.5,True,2,0.1694
108,5,3,2,17.0,True,2,0.0567
108,6,0,1,25.0,True,2,0.0347
108,6,1,1,28.0,True,2,0.0583
108,6,2,2,18.5,True,2,0.0514
108,6,3,2,16.5,True,2,0.055
108,6,4,1,16.0,True,2,0.0444
109,0,0,1,37.0,False,2,0.0514
109,0,1,7,22.71,False,2,0.3312
109,0,2,8,31.62,False,2,0.3514
109,0,3,4,48.25,False,2,0.3217
109,0,4,1,44.0,False,2,0.1222
109,1,1,4,46.75,False,2,0.3896
109,1,2,1,67.0,False,2,0.0931
109,1,3,5,36.2,False,2,0.3017
109,1,4,2,53.0,False,2,0.2944
109,2,1,3,37.33,False,2,0.2333
109,2,2,2,34.0,False,2,0.0944
109,2,3,6,41.33,False,2,0.4133
109,2,4,2,54.5,False,2,0.3028
109,3,0,2,41.5,False,2,0.1153
109,3,1,1,41.0,False,2,0.0854
109,3,2,3,18.33,False,2,0.0764
109,3,3,4,100.5,False,2,0.67
109,3,4,3,47.67,False,2,0.3972
109,4,0,1,13.0,False,2,0.0181
109,4,1,4,40.0,False,2,0.3333
109,4,2,6,45.33,False,2,0.3778
109,4,3,8,36.75,False,2,0.49
109,5,2,10,30.5,True,2,0.4236
109,5,3,4,30.0,True,2,0.2
109,5,4,5,40.8,True,2,0.5667
109,6,0,1,20.0,True,2,0.0278
109,6,1,2,72.0,True,2,0.3
109,6,2,14,39.86,True,2,0.775
109,6,3,10,51.3,True,2,0.855
109,6,4,3,79.0,True,2,0.6583
110,0,1,4,40.75,False,2,0.3396
110,0,3,5,59.4,False,2,0.495
110,1,0,1,20.0,False,2,0.0278
110,1,1,4,21.0,False,2,0.175
110,1,3,5,39.8,False,2,0.3317
110,1,4,1,34.0,False,2,0.0944
110,2,1,2,44.0,False,2,0.1833
110,2,2,2,36.0,False,2,0.1
110,2,3,5,49.2,False,2,0.41
110,2,4,1,7.0,False,2,0.0194
110,3,0,1,39.0,False,2,0.0542
110,3,1,3,26.0,False,2,0.1625
110,3,2,2,64.5,False,2,0.1792
110,3,3,9,57.78,False,2,0.8667
110,3,4,2,47.0,False,2,0.2611
110,4,1,4,34.5,False,2,0.2875
110,4,2,2,29.5,False,2,0.0819
110,4,3,5,36.8,False,2,0.3067
110,4,4,3,31.0,False,2,0.2583
110,5,0,1,25.0,True,2,0.0347
110,5,1,1,4.0,True,2,0.0083
110,5,2,7,21.86,True,2,0.2125
110,5,3,3,19.67,True,2,0.0983
110,6,0,1,95.0,True,2,0.1319
110,6,2,6,62.0,True,2,0.5167
110,6,3,2,2.5,True,2,0.0083
110,6,4,2,28.5,True,2,0.1583
111,0,1,3,47.0,False,2,0.2938
111,0,2,2,91.5,False,2,0.2542
111,0,3,6,36.5,False,2,0.365
111,1,0,1,41.0,False,2,0.0569
111,1,1,4,43.0,False,2,0.3583
111,1,2,3,40.67,False,2,0.1694
111,1,3,4,54.0,False,2,0.36
111,1,4,2,66.5,False,2,0.3694
111,2,1,2,25.5,False,2,0.1062
111,2,2,2,36.5,False,2,0.1014
111,2,3,2,47.0,False,2,0.1567
111,2,4,2,89.0,False,2,0.4944
111,3,1,5,30.4,False,2,0.3167
111,3,2,1,89.0,False,2,0.1236
111,3,3,3,50.0,False,2,0.25
111,3,4,1,49.0,False,2,0.1361
111,4,1,4,77.75,False,2,0.6479
111,4,2,4,49.75,False,2,0.2764
111,4,3,6,54.33,False,2,0.5433
111,5,1,1,114.0,True,2,0.2375
111,5,2,8,58.88,True,2,0.6542
111,5,3,5,37.6,True,2,0.3133
111,5,4,3,53.0,True,2,0.4417
111,6,0,2,66.5,True,2,0.1847
111,6,1,1,59.0,True,2,0.1229
111,6,2,5,25.4,True,2,0.1764
111,6,3,4,51.75,True,2,0.345
112,0,0,1,32.0,False,1,0.0889
112,0,1,1,30.0,False,1,0.125
112,0,2,1,55.0,False,1,0.1528
112,0,3,6,50.5,False,1,1.0
112,1,3,2,37.5,False,1,0.25
112,1,4,1,23.0,False,1,0.1278
112,2,0,1,52.0,False,1,0.1444
112,2,1,1,9.0,False,1,0.0375
112,2,2,3,38.33,False,1,0.3194
112,2,3,2,48.5,False,1,0.3233
112,3,2,1,56.0,False,1,0.1556
112,3,3,2,44.5,False,1,0.2967
112,4,0,1,39.0,False,1,0.1083
112,4,1,2,13.0,False,1,0.1083
112,4,2,1,33.0,False,1,0.0917
112,5,2,7,46.29,True,1,0.9
112,5,3,2,41.5,True,1,0.2767
112,6,1,2,49.5,True,1,0.4125
112,6,2,5,60.8,True,1,0.8444
112,6,3,2,95.0,True,1,0.6333
113,0,0,1,14.0,False,2,0.0194
113,0,1,3,17.33,False,2,0.1083
113,0,2,3,22.67,False,2,0.0944
113,0,3,2,27.0,False,2,0.09
113,0,4,4,11.0,False,2,0.1222
113,1,1,2,15.0,False,2,0.0625
113,1,2,1,30.0,False,2,0.0417
113,1,3,2,13.0,False,2,0.0433
113,2,0,1,27.0,False,2,0.0375
113,2,1,4,20.25,False,2,0.1688
113,2,3,6,19.83,False,2,0.1983
113,3,1,6,20.67,False,2,0.2583
113,3,2,3,16.67,False,2,0.0694
113,3,3,4,16.25,False,2,0.1083
113,3,4,4,11.5,False,2,0.1278
113,4,0,1,10.0,False,2,0.0139
113,4,1,2,23.5,False,2,0.0979
113,4,2,3,32.0,False,2,0.1333
113,4,3,7,20.57,False,2,0.24
113,5,0,1,19.0,True,2,0.0264
113,5,2,5,22.2,True,2,0.1542
113,5,3,1,8.0,True,2,0.0133
113,6,2,1,25.0,True,2,0.0347
113,6,3,2,18.0,True,2,0.06
113,6,4,1,9.0,True,2,0.025
137,0,1,6,18.17,False,1,0.4542
137,0,2,2,8.0,False,1,0.0444
137,0,3,6,16.67,False,1,0.3333
137,0,4,3,14.0,False,1,0.2333
137,1,0,2,6.0,False,1,0.0333
137,1,1,1,5.0,False,1,0.0208
137,1,2,2,14.0,False,1,0.0778
137,1,3,6,14.83,False,1,0.2967
137,1,4,2,19.5,False,1,0.2167
137,2,0,1,17.0,False,1,0.0472
137,2,1,9,19.89,False,1,0.7458
137,2,2,4,18.75,False,1,0.2083
137,2,3,10,16.1,False,1,0.5367
137,2,4,1,5.0,False,1,0.0278
137,3,0,2,29.0,False,1,0.1611
137,3,1,1,5.0,False,1,0.0208
137,3,2,2,19.5,False,1,0.1083
137,3,3,6,17.83,False,1,0.3567
137,3,4,2,10.5,False,1,0.1167
137,4,1,5,15.0,False,1,0.3125
137,4,2,4,26.5,False,1,0.2944
137,4,3,8,17.38,False,1,0.4633
137,4,4,1,32.0,False,1,0.1778
137,5,0,1,9.0,True,1,0.025
137,5,1,1,21.0,True,1,0.0875
137,5,2,10,13.6,True,1,0.3778
137,5,3,9,15.33,True,1,0.46
137,5,4,1,16.0,True,1,0.0889
137,6,0,3,16.67,True,1,0.1389
137,6,1,2,20.5,True,1,0.1708
137,6,2,11,18.27,True,1,0.5583
137,6,3,9,15.56,True,1,0.4667
137,6,4,1,14.0,True,1,0.0778
138,0,0,1,25.0,False,1,0.0694
138,0,1,3,28.67,False,1,0.3583
138,0,2,1,10.0,False,1,0.0278
138,0,3,5,17.2,False,1,0.2867
138,1,0,1,18.0,False,1,0.05
138,1,1,1,22.0,False,1,0.0917
138,1,2,1,27.0,False,1,0.075
138,1,3,8,17.75,False,1,0.4733
138,2,0,1,6.0,False,1,0.0167
138,2,1,5,20.4,False,1,0.425
138,2,2,1,33.0,False,1,0.0917
138,2,3,5,23.8,False,1,0.3967
138,2,4,1,21.0,False,1,0.1167
138,3,0,2,11.5,False,1,0.0639
138,3,1,2,9.5,False,1,0.0792
138,3,2,3,7.33,False,1,0.0611
138,3,3,1,30.0,False,1,0.1
138,3,4,2,24.0,False,1,0.2667
138,4,1,2,13.5,False,1,0.1125
138,4,4,1,5.0,False,1,0.0278
138,5,0,1,17.0,True,1,0.0472
138,5,1,1,14.0,True,1,0.0583
138,5,2,9,20.0,True,1,0.5
138,5,3,1,25.0,True,1,0.0833
138,5,4,1,24.0,True,1,0.1333
138,6,0,1,25.0,True,1,0.0694
138,6,2,6,17.17,True,1,0.2861
138,6,3,1,5.0,True,1,0.0167
174,0,0,1,31.0,False,1,0.0861
174,0,1,2,32.0,False,1,0.2667
174,0,2,3,15.33,False,1,0.1278
174,0,3,4,18.5,False,1,0.2467
174,0,4,1,18.0,False,1,0.1
174,1,1,2,16.5,False,1,0.1375
174,1,2,2,22.0,False,1,0.1222
174,1,3,2,28.5,False,1,0.19
174,1,4,1,17.0,False,1,0.0944
174,2,1,5,14.4,False,1,0.3
174,2,2,1,11.0,False,1,0.0306
174,2,3,5,16.0,False,1,0.2667
174,2,4,1,8.0,False,1,0.0444
174,3,1,3,18.67,False,1,0.2333
174,3,2,1,7.0,False,1,0.0194
174,3,3,6,18.33,False,1,0.3667
174,3,4,1,23.0,False,1,0.1278
174,4,1,2,11.5,False,1,0.0958
174,4,3,1,22.0,False,1,0.0733
174,4,4,4,23.5,False,1,0.5222
174,5,1,1,20.0,True,1,0.0833
174,5,2,3,17.67,True,1,0.1472
174,5,3,6,25.0,True,1,0.5
174,6,1,2,28.0,True,1,0.2333
174,6,2,4,20.0,True,1,0.2222
174,6,3,4,24.75,True,1,0.33
175,0,1,3,17.33,False,2,0.1083
175,0,2,4,13.75,False,2,0.0764
175,0,3,3,9.0,False,2,0.045
175,0,4,1,17.0,False,2,0.0472
175,1,0,2,4.5,False,2,0.0125
175,1,1,3,9.0,False,2,0.0562
175,1,2,3,7.0,False,2,0.0292
175,1,3,4,9.0,False,2,0.06
175,2,1,4,10.25,False,2,0.0854
175,2,2,1,14.0,False,2,0.0194
175,2,3,5,14.6,False,2,0.1217
175,2,4,1,14.0,False,2,0.0389
175,3,1,1,14.0,False,2,0.0292
175,3,2,1,6.0,False,2,0.0083
175,3,3,4,11.75,False,2,0.0783
175,4,1,2,8.5,False,2,0.0354
175,4,2,1,8.0,False,2,0.0111
175,4,3,6,12.0,False,2,0.12
175,5,1,1,10.0,True,2,0.0208
175,5,2,4,7.5,True,2,0.0417
175,5,3,2,16.5,True,2,0.055
175,6,1,1,10.0,True,2,0.0208
175,6,2,2,15.5,True,2,0.0431
175,6,3,2,6.0,True,2,0.02
176,0,0,1,24.0,False,1,0.0667
176,0,1,3,19.67,False,1,0.2458
176,0,2,4,23.0,False,1,0.2556
176,0,3,9,28.11,False,1,0.8433
176,0,4,4,15.0,False,1,0.3333
176,1,0,1,20.0,False,1,0.0556
176,1,1,3,17.33,False,1,0.2167
176,1,2,3,33.0,False,1,0.275
176,1,3,3,18.33,False,1,0.1833
176,2,1,4,17.75,False,1,0.2958
176,2,2,4,24.5,False,1,0.2722
176,2,3,6,22.67,False,1,0.4533
176,2,4,2,15.5,False,1,0.1722
176,3,1,6,15.67,False,1,0.3917
176,3,2,1,15.0,False,1,0.0417
176,3,3,5,20.2,False,1,0.3367
176,4,1,4,12.25,False,1,0.2042
176,4,2,5,15.6,False,1,0.2167
176,4,3,7,15.71,False,1,0.3667
176,5,1,1,35.0,True,1,0.1458
176,5,2,7,19.86,True,1,0.3861
176,5,3,2,14.0,True,1,0.0933
176,5,4,1,6.0,True,1,0.0333
176,6,0,1,46.0,True,1,0.1278
176,6,1,1,15.0,True,1,0.0625
176,6,2,5,9.8,True,1,0.1361
176,6,3,5,15.2,True,1,0.2533
177,0,0,2,24.0,False,1,0.1333
177,0,1,7,20.43,False,1,0.5958
177,0,2,6,24.83,False,1,0.4139
177,0,3,7,25.29,False,1,0.59
177,0,4,2,9.5,False,1,0.1056
177,1,0,2,8.0,False,1,0.0444
177,1,1,3,21.67,False,1,0.2708
177,1,2,1,22.0,False,1,0.0611
177,1,3,5,14.8,False,1,0.2467
177,1,4,2,24.0,False,1,0.2667
177,2,1,6,18.67,False,1,0.4667
177,2,2,2,19.0,False,1,0.1056
177,2,3,5,16.6,False,1,0.2767
177,2,4,3,27.0,False,1,0.45
177,3,0,1,50.0,False,1,0.1389
177,3,1,5,20.2,False,1,0.4208
177,3,2,6,18.33,False,1,0.3056
177,3,3,4,13.75,False,1,0.1833
177,3,4,2,10.0,False,1,0.1111
177,4,1,5,16.4,False,1,0.3417
177,4,2,6,22.0,False,1,0.3667
177,4,3,8,18.62,False,1,0.4967
177,5,0,1,4.0,True,1,0.0111
177,5,1,2,18.0,True,1,0.15
177,5,2,6,19.67,True,1,0.3278
177,5,3,4,19.5,True,1,0.26
177,5,4,2,22.5,True,1,0.25
177,6,0,1,33.0,True,1,0.0917
177,6,1,2,11.5,True,1,0.0958
177,6,2,7,19.71,True,1,0.3833
177,6,3,5,19.8,True,1,0.33
177,6,4,2,8.5,True,1,0.0944
178,0,0,1,415.0,False,1,1.0
178,0,1,4,510.5,False,1,1.0
178,0,2,3,353.33,False,1,1.0
178,0,3,6,283.0,False,1,1.0
178,0,4,3,299.67,False,1,1.0
178,1,1,2,351.5,False,1,1.0
178,1,2,4,159.25,False,1,1.0
178,1,3,10,402.7,False,1,1.0
178,2,1,4,290.75,False,1,1.0
178,2,2,1,252.0,False,1,0.7
178,2,3,6,277.17,False,1,1.0
178,2,4,1,469.0,False,1,1.0
178,3,0,3,475.67,False,1,1.0
178,3,1,4,277.75,False,1,1.0
178,3,2,2,413.5,False,1,1.0
178,3,3,8,243.12,False,1,1.0
178,3,4,1,359.0,False,1,1.0
178,4,1,6,278.33,False,1,1.0
178,4,2,5,427.2,False,1,1.0
178,4,3,7,391.71,False,1,1.0
178,4,4,3,334.0,False,1,1.0
178,5,0,2,143.5,True,1,0.7972
178,5,1,4,341.0,True,1,1.0
178,5,2,7,398.0,True,1,1.0
178,5,3,8,431.88,True,1,1.0
178,6,0,3,436.0,True,1,1.0
178,6,1,1,485.0,True,1,1.0
178,6,2,13,297.85,True,1,1.0
178,6,3,11,464.55,True,1,1.0
179,0,0,1,41.0,False,1,0.1139
179,0,1,4,33.0,False,1,0.55
179,0,2,2,41.0,False,1,0.2278
179,0,3,6,33.17,False,1,0.6633
179,0,4,3,56.67,False,1,0.9444
179,1,0,2,43.5,False,1,0.2417
179,1,1,7,57.29,False,1,1.0
179,1,2,4,49.0,False,1,0.5444
179,1,3,11,61.73,False,1,1.0
179,1,4,4,58.0,False,1,1.0
179,2,0,1,67.0,False,1,0.1861
179,2,1,1,53.0,False,1,0.2208
179,2,2,1,67.0,False,1,0.1861
179,2,3,4,30.5,False,1,0.4067
179,2,4,2,56.5,False,1,0.6278
179,3,0,2,42.5,False,1,0.2361
179,3,1,4,46.0,False,1,0.7667
179,3,2,3,63.33,False,1,0.5278
179,3,3,16,41.56,False,1,1.0
179,3,4,3,74.33,False,1,1.0
179,4,1,5,52.2,False,1,1.0
179,4,2,4,81.25,False,1,0.9028
179,4,3,5,62.2,False,1,1.0
179,4,4,3,46.67,False,1,0.7778
179,5,1,2,61.0,True,1,0.5083
179,5,2,13,47.23,True,1,1.0
179,5,3,7,56.0,True,1,1.0
179,5,4,1,33.0,True,1,0.1833
179,6,0,1,37.0,True,1,0.1028
179,6,2,6,51.33,True,1,0.8556
179,6,3,7,50.86,True,1,1.0
179,6,4,2,25.5,True,1,0.2833
180,0,1,2,7.5,False,1,0.0625
180,0,2,1,8.0,False,1,0.0222
180,0,3,4,8.5,False,1,0.1133
180,1,0,1,10.0,False,1,0.0278
180,1,1,2,3.5,False,1,0.0292
180,1,3,2,7.0,False,1,0.0467
180,1,4,2,11.0,False,1,0.1222
180,2,1,2,8.0,False,1,0.0667
180,2,2,1,5.0,False,1,0.0139
180,2,3,6,9.5,False,1,0.19
180,3,0,1,7.0,False,1,0.0194
180,3,2,2,9.5,False,1,0.0528
180,3,3,4,11.0,False,1,0.1467
180,3,4,2,7.5,False,1,0.0833
180,4,0,1,5.0,False,1,0.0139
180,4,1,5,7.0,False,1,0.1458
180,4,2,1,5.0,False,1,0.0139
180,4,3,2,7.0,False,1,0.0467
180,4,4,2,11.5,False,1,0.1278
180,5,0,2,5.0,True,1,0.0278
180,5,2,6,9.33,True,1,0.1556
180,5,3,4,8.75,True,1,0.1167
180,6,0,1,11.0,True,1,0.0306
180,6,1,2,8.0,True,1,0.0667
180,6,2,2,3.5,True,1,0.0194
180,6,3,1,7.0,True,1,0.0233
181,0,1,6,23.67,False,1,0.5917
181,0,2,1,24.0,False,1,0.0667
181,0,3,4,15.5,False,1,0.2067
181,0,4,1,21.0,False,1,0.1167
181,1,0,1,26.0,False,1,0.0722
181,1,1,1,5.0,False,1,0.0208
181,1,2,3,25.0,False,1,0.2083
181,1,3,3,15.67,False,1,0.1567
181,1,4,1,29.0,False,1,0.1611
181,2,0,1,22.0,False,1,0.0611
181,2,1,4,18.5,False,1,0.3083
181,2,2,2,20.5,False,1,0.1139
181,2,3,11,21.45,False,1,0.7867
181,2,4,2,9.0,False,1,0.1
181,3,1,3,20.0,False,1,0.25
181,3,2,1,11.0,False,1,0.0306
181,3,3,5,12.4,False,1,0.2067
181,3,4,4,23.25,False,1,0.5167
181,4,1,7,17.57,False,1,0.5125
181,4,2,3,16.33,False,1,0.1361
181,4,3,5,19.6,False,1,0.3267
181,4,4,6,14.5,False,1,0.4833
181,5,0,2,39.5,True,1,0.2194
181,5,1,2,5.0,True,1,0.0417
181,5,2,7,21.43,True,1,0.4167
181,5,3,5,25.4,True,1,0.4233
181,6,1,1,17.0,True,1,0.0708
181,6,2,9,19.0,True,1,0.475
181,6,3,4,10.25,True,1,0.1367
182,0,0,2,7.5,False,1,0.0417
182,0,1,4,13.25,False,1,0.2208
182,0,2,3,5.67,False,1,0.0472
182,0,3,4,9.25,False,1,0.1233
182,1,1,4,10.75,False,1,0.1792
182,1,2,1,5.0,False,1,0.0139
182,1,3,9,8.22,False,1,0.2467
182,1,4,1,8.0,False,1,0.0444
182,2,1,4,10.75,False,1,0.1792
182,2,2,5,11.0,False,1,0.1528
182,2,3,8,14.25,False,1,0.38
182,2,4,2,7.0,False,1,0.0778
182,3,0,1,11.0,False,1,0.0306
182,3,1,11,9.73,False,1,0.4458
182,3,2,3,9.0,False,1,0.075
182,3,3,5,10.8,False,1,0.18
182,3,4,3,10.33,False,1,0.1722
182,4,0,1,15.0,False,1,0.0417
182,4,2,3,9.33,False,1,0.0778
182,4,3,6,13.67,False,1,0.2733
182,4,4,1,6.0,False,1,0.0333
182,5,1,1,13.0,True,1,0.0542
182,5,2,7,8.29,True,1,0.1611
182,5,3,5,9.2,True,1,0.1533
182,5,4,2,5.5,True,1,0.0611
182,6,1,1,5.0,True,1,0.0208
182,6,2,4,9.0,True,1,0.1
182,6,3,6,8.5,True,1,0.17
182,6,4,2,10.5,True,1,0.1167
183,0,1,2,20.5,False,1,0.1708
183,0,2,1,5.0,False,1,0.0139
183,0,3,3,6.33,False,1,0.0633
183,0,4,1,8.0,False,1,0.0444
183,1,1,4,6.5,False,1,0.1083
183,1,2,2,7.5,False,1,0.0417
183,1,3,2,6.5,False,1,0.0433
183,2,0,1,11.0,False,1,0.0306
183,2,1,1,5.0,False,1,0.0208
183,2,2,3,9.0,False,1,0.075
183,2,3,3,12.0,False,1,0.12
183,3,1,4,12.5,False,1,0.2083
183,3,3,3,12.33,False,1,0.1233
183,3,4,2,12.5,False,1,0.1389
183,4,1,3,8.33,False,1,0.1042
183,4,2,1,6.0,False,1,0.0167
183,4,3,7,10.71,False,1,0.25
183,5,1,3,11.67,True,1,0.1458
183,5,2,5,10.4,True,1,0.1444
183,5,3,5,12.4,True,1,0.2067
183,5,4,1,5.0,True,1,0.0278
183,6,0,1,9.0,True,1,0.025
183,6,2,5,5.0,True,1,0.0694
183,6,3,1,10.0,True,1,0.0333
184,0,2,1,10.0,False,1,0.0278
184,0,3,2,8.0,False,1,0.0533
184,1,1,3,12.67,False,1,0.1583
184,1,3,3,11.0,False,1,0.11
184,2,1,3,9.67,False,1,0.1208
184,2,3,1,4.0,False,1,0.0133
184,2,4,1,9.0,False,1,0.05
184,3,1,1,12.0,False,1,0.05
184,3,2,1,8.0,False,1,0.0222
184,3,3,2,13.5,False,1,0.09
184,3,4,2,9.0,False,1,0.1
184,4,1,1,5.0,False,1,0.0208
184,4,4,1,10.0,False,1,0.0556
184,5,2,2,10.0,True,1,0.0556
184,6,0,1,11.0,True,1,0.0306
184,6,1,1,9.0,True,1,0.0375
184,6,2,2,8.0,True,1,0.0444
184,6,3,3,10.0,True,1,0.1
185,0,1,3,27.0,False,1,0.3375
185,0,2,2,22.0,False,1,0.1222
185,0,3,7,28.0,False,1,0.6533
185,0,4,2,17.5,False,1,0.1944
185,1,0,1,27.0,False,1,0.075
185,1,1,5,36.0,False,1,0.75
185,1,2,5,25.6,False,1,0.3556
185,1,3,7,28.14,False,1,0.6567
185,2,1,4,9.0,False,1,0.15
185,2,2,3,17.0,False,1,0.1417
185,2,3,5,27.0,False,1,0.45
185,2,4,1,16.0,False,1,0.0889
185,3,1,4,22.0,False,1,0.3667
185,3,2,5,18.6,False,1,0.2583
185,3,3,3,18.67,False,1,0.1867
185,3,4,2,35.0,False,1,0.3889
185,4,1,3,31.33,False,1,0.3917
185,4,3,6,27.5,False,1,0.55
185,4,4,1,19.0,False,1,0.1056
185,5,0,1,26.0,True,1,0.0722
185,5,1,3,9.0,True,1,0.1125
185,5,2,8,29.88,True,1,0.6639
185,5,3,3,20.33,True,1,0.2033
185,5,4,1,34.0,True,1,0.1889
185,6,1,3,50.0,True,1,0.625
185,6,2,5,33.6,True,1,0.4667
185,6,3,5,18.2,True,1,0.3033
186,0,1,2,27.5,False,1,0.2292
186,0,2,6,19.0,False,1,0.3167
186,0,3,9,13.89,False,1,0.4167
186,0,4,2,13.0,False,1,0.1444
186,1,1,7,20.0,False,1,0.5833
186,1,2,5,18.0,False,1,0.25
186,1,3,7,9.57,False,1,0.2233
186,1,4,1,27.0,False,1,0.15
186,2,0,2,31.5,False,1,0.175
186,2,1,5,21.4,False,1,0.4458
186,2,2,3,9.67,False,1,0.0806
186,2,3,11,16.27,False,1,0.5967
186,3,0,1,5.0,False,1,0.0139
186,3,1,8,19.38,False,1,0.6458
186,3,2,1,8.0,False,1,0.0222
186,3,3,2,23.5,False,1,0.1567
186,4,1,1,30.0,False,1,0.125
186,4,2,3,10.0,False,1,0.0833
186,4,3,8,25.12,False,1,0.67
186,4,4,1,11.0,False,1,0.0611
186,5,0,1,23.0,True,1,0.0639
186,5,2,8,18.62,True,1,0.4139
186,5,3,5,27.0,True,1,0.45
186,5,4,1,14.0,True,1,0.0778
186,6,2,11,19.73,True,1,0.6028
186,6,3,4,30.5,True,1,0.4067
186,6,4,4,16.75,True,1,0.3722
187,0,0,1,37.0,False,1,0.1028
187,0,1,3,50.67,False,1,0.6333
187,0,2,1,40.0,False,1,0.1111
187,0,3,4,58.25,False,1,0.7767
187,1,1,2,39.5,False,1,0.3292
187,1,2,3,62.67,False,1,0.5222
187,1,3,3,70.33,False,1,0.7033
187,2,2,1,50.0,False,1,0.1389
187,2,3,7,56.57,False,1,1.0
187,2,4,2,73.5,False,1,0.8167
187,3,1,3,59.33,False,1,0.7417
187,3,2,1,77.0,False,1,0.2139
187,3,3,5,42.8,False,1,0.7133
187,4,1,1,66.0,False,1,0.275
187,4,2,1,38.0,False,1,0.1056
187,4,3,1,50.0,False,1,0.1667
187,4,4,2,42.0,False,1,0.4667
187,5,1,1,59.0,True,1,0.2458
187,5,2,4,31.0,True,1,0.3444
187,6,0,2,46.0,True,1,0.2556
187,6,2,2,69.5,True,1,0.3861
187,6,3,3,61.0,True,1,0.61
187,6,4,1,15.0,True,1,0.0833
188,0,1,3,8.33,False,1,0.1042
188,0,3,5,11.2,False,1,0.1867
188,0,4,2,8.5,False,1,0.0944
188,1,3,6,9.67,False,1,0.1933
188,2,1,2,10.0,False,1,0.0833
188,2,2,2,11.5,False,1,0.0639
188,2,3,8,10.75,False,1,0.2867
188,3,0,2,11.0,False,1,0.0611
188,3,1,3,11.0,False,1,0.1375
188,3,3,6,12.33,False,1,0.2467
188,3,4,3,5.0,False,1,0.0833
188,4,0,1,8.0,False,1,0.0222
188,4,1,3,11.67,False,1,0.1458
188,4,2,2,8.5,False,1,0.0472
188,4,3,4,13.75,False,1,0.1833
188,4,4,1,10.0,False,1,0.0556
188,5,1,1,5.0,True,1,0.0208
188,5,2,4,10.75,True,1,0.1194
188,5,3,4,8.5,True,1,0.1133
188,5,4,2,9.0,True,1,0.1
188,6,1,1,16.0,True,1,0.0667
188,6,2,4,11.0,True,1,0.1222
188,6,3,2,11.0,True,1,0.0733
188,6,4,1,11.0,True,1,0.0611
189,0,1,2,17.0,False,4,0.0354
189,0,2,1,21.0,False,4,0.0146
189,0,3,8,12.38,False,4,0.0825
189,0,4,3,29.67,False,4,0.1236
189,1,0,2,25.5,False,4,0.0354
189,1,1,5,15.4,False,4,0.0802
189,1,2,1,6.0,False,4,0.0042
189,1,3,6,16.83,False,4,0.0842
189,1,4,2,25.0,False,4,0.0694
189,2,0,1,2.0,False,4,0.0014
189,2,1,8,16.38,False,4,0.1365
189,2,2,4,14.0,False,4,0.0389
189,2,3,5,17.4,False,4,0.0725
189,3,1,5,14.6,False,4,0.076
189,3,2,3,12.0,False,4,0.025
189,3,3,11,22.91,False,4,0.21
189,3,4,1,1.0,False,4,0.0014
189,4,0,2,17.5,False,4,0.0243
189,4,1,2,27.0,False,4,0.0562
189,4,2,4,20.75,False,4,0.0576
189,4,3,7,17.29,False,4,0.1008
189,4,4,3,20.0,False,4,0.0833
189,5,1,4,12.5,True,4,0.0521
189,5,2,3,21.33,True,4,0.0444
189,5,3,7,23.86,True,4,0.1392
189,6,0,3,17.0,True,4,0.0354
189,6,1,1,5.0,True,4,0.0052
189,6,2,13,15.15,True,4,0.1368
189,6,3,8,17.38,True,4,0.1158
190,0,2,2,55.0,False,1,0.3056
190,0,3,2,33.0,False,1,0.22
190,0,4,1,32.0,False,1,0.1778
190,1,3,2,49.0,False,1,0.3267
190,1,4,1,31.0,False,1,0.1722
190,2,1,4,24.0,False,1,0.4
190,2,2,1,55.0,False,1,0.1528
190,2,3,3,33.0,False,1,0.33
190,2,4,1,63.0,False,1,0.35
190,3,1,2,36.0,False,1,0.3
190,3,2,1,58.0,False,1,0.1611
190,3,3,7,45.0,False,1,1.0
190,4,2,2,46.5,False,1,0.2583
190,4,3,5,40.4,False,1,0.6733
190,5,1,2,50.5,True,1,0.4208
190,5,2,4,40.25,True,1,0.4472
190,5,3,1,28.0,True,1,0.0933
190,6,2,3,39.67,True,1,0.3306
190,6,3,1,43.0,True,1,0.1433
191,0,0,1,6.0,False,1,0.0167
191,0,1,6,11.33,False,1,0.2833
191,0,2,3,13.33,False,1,0.1111
191,0,3,7,11.29,False,1,0.2633
191,0,4,1,23.0,False,1,0.1278
191,1,1,7,9.57,False,1,0.2792
191,1,2,3,7.0,False,1,0.0583
191,1,3,9,7.44,False,1,0.2233
191,1,4,2,9.0,False,1,0.1
191,2,0,1,9.0,False,1,0.025
191,2,1,5,8.6,False,1,0.1792
191,2,2,4,6.25,False,1,0.0694
191,2,3,3,7.0,False,1,0.07
191,3,1,6,10.0,False,1,0.25
191,3,2,5,12.2,False,1,0.1694
191,3,3,6,9.83,False,1,0.1967
191,3,4,2,12.0,False,1,0.1333
191,4,0,3,14.0,False,1,0.1167
191,4,1,6,10.17,False,1,0.2542
191,4,2,2,4.0,False,1,0.0222
191,4,3,6,9.83,False,1,0.1967
191,5,1,1,11.0,True,1,0.0458
191,5,2,12,9.58,True,1,0.3194
191,5,3,7,12.43,True,1,0.29
191,5,4,2,9.5,True,1,0.1056
191,6,0,1,9.0,True,1,0.025
191,6,1,1,9.0,True,1,0.0375
191,6,2,9,8.89,True,1,0.2222
191,6,3,6,11.0,True,1,0.22
191,6,4,1,15.0,True,1,0.0833
192,0,1,3,18.33,False,1,0.2292
192,0,2,2,15.5,False,1,0.0861
192,0,3,4,20.5,False,1,0.2733
192,0,4,1,22.0,False,1,0.1222
192,1,0,1,14.0,False,1,0.0389
192,1,1,5,27.0,False,1,0.5625
192,1,2,1,31.0,False,1,0.0861
192,1,3,4,16.5,False,1,0.22
192,1,4,2,8.0,False,1,0.0889
192,2,1,7,16.86,False,1,0.4917
192,2,2,2,22.5,False,1,0.125
192,2,3,9,14.56,False,1,0.4367
192,2,4,1,20.0,False,1,0.1111
192,3,1,2,7.0,False,1,0.0583
192,3,2,1,28.0,False,1,0.0778
192,3,3,8,19.5,False,1,0.52
192,4,1,8,15.62,False,1,0.5208
192,4,2,3,8.67,False,1,0.0722
192,4,3,7,19.71,False,1,0.46
192,4,4,1,22.0,False,1,0.1222
192,5,2,9,19.33,True,1,0.4833
192,5,3,3,8.33,True,1,0.0833
192,5,4,2,12.5,True,1,0.1389
192,6,0,3,11.67,True,1,0.0972
192,6,1,1,24.0,True,1,0.1
192,6,2,8,20.75,True,1,0.4611
192,6,3,4,23.25,True,1,0.31
193,0,1,2,28.0,False,1,0.2333
193,0,2,1,22.0,False,1,0.0611
193,0,3,2,29.0,False,1,0.1933
193,1,1,4,24.75,False,1,0.4125
193,1,2,2,31.5,False,1,0.175
193,1,3,4,19.25,False,1,0.2567
193,1,4,1,29.0,False,1,0.1611
193,2,1,3,22.67,False,1,0.2833
193,2,2,7,25.43,False,1,0.4944
193,2,3,2,27.0,False,1,0.18
193,2,4,2,18.0,False,1,0.2
193,3,1,3,14.0,False,1,0.175
193,3,3,3,29.67,False,1,0.2967
193,3,4,1,36.0,False,1,0.2
193,4,1,2,26.0,False,1,0.2167
193,4,2,2,16.0,False,1,0.0889
193,4,3,4,30.25,False,1,0.4033
193,5,2,1,35.0,True,1,0.0972
193,5,3,2,23.0,True,1,0.1533
193,6,2,2,23.5,True,1,0.1306
193,6,3,3,24.0,True,1,0.24
194,0,1,6,6.0,False,1,0.15
194,0,2,2,5.0,False,1,0.0278
194,0,3,7,8.57,False,1,0.2
194,0,4,1,6.0,False,1,0.0333
194,1,1,4,8.0,False,1,0.1333
194,1,2,3,8.67,False,1,0.0722
194,1,3,7,8.57,False,1,0.2
194,1,4,2,5.0,False,1,0.0556
194,2,1,3,9.33,False,1,0.1167
194,2,2,2,8.0,False,1,0.0444
194,2,3,2,11.0,False,1,0.0733
194,3,0,1,10.0,False,1,0.0278
194,3,1,4,11.75,False,1,0.1958
194,3,2,1,5.0,False,1,0.0139
194,3,3,3,9.67,False,1,0.0967
194,4,1,4,7.5,False,1,0.125
194,4,3,2,12.5,False,1,0.0833
194,4,4,2,10.0,False,1,0.1111
194,5,0,1,7.0,True,1,0.0194
194,5,2,4,8.75,True,1,0.0972
194,5,3,9,7.89,True,1,0.2367
194,5,4,1,7.0,True,1,0.0389
194,6,0,2,12.5,True,1,0.0694
194,6,1,2,9.0,True,1,0.075
194,6,2,12,8.0,True,1,0.2667
194,6,3,2,16.0,True,1,0.1067
194,6,4,2,6.5,True,1,0.0722
195,0,0,1,509.0,False,2,0.7069
195,0,1,2,43.0,False,2,0.1792
195,0,2,4,277.5,False,2,1.0
195,0,3,4,261.5,False,2,1.0
195,0,4,3,337.0,False,2,1.0
195,1,1,3,313.0,False,2,1.0
195,1,2,3,338.0,False,2,1.0
195,1,3,8,467.38,False,2,1.0
195,1,4,3,219.33,False,2,1.0
195,2,2,2,433.0,False,2,1.0
195,2,3,7,366.14,False,2,1.0
195,2,4,1,371.0,False,2,1.0
195,3,1,2,712.5,False,2,1.0
195,3,2,1,3.0,False,2,0.0042
195,3,3,3,426.0,False,2,1.0
195,3,4,4,235.75,False,2,1.0
195,4,0,1,374.0,False,2,0.5194
195,4,1,5,331.2,False,2,1.0
195,4,2,3,296.67,False,2,1.0
195,4,3,4,465.5,False,2,1.0
195,4,4,1,463.0,False,2,1.0
195,5,1,1,560.0,True,2,1.0
195,5,2,6,349.5,True,2,1.0
195,5,3,4,297.0,True,2,1.0
195,6,1,2,273.0,True,2,1.0
195,6,2,6,312.0,True,2,1.0
195,6,3,6,253.0,True,2,1.0
196,0,1,4,39.0,False,1,0.65
196,0,2,2,45.5,False,1,0.2528
196,0,3,8,36.88,False,1,0.9833
196,0,4,3,45.33,False,1,0.7556
196,1,1,3,63.0,False,1,0.7875
196,1,2,4,35.5,False,1,0.3944
196,1,3,6,41.17,False,1,0.8233
196,1,4,2,48.5,False,1,0.5389
196,2,0,1,44.0,False,1,0.1222
196,2,1,5,56.6,False,1,1.0
196,2,2,1,31.0,False,1,0.0861
196,2,3,7,32.14,False,1,0.75
196,3,1,3,33.67,False,1,0.4208
196,3,2,2,37.5,False,1,0.2083
196,3,3,5,43.0,False,1,0.7167
196,3,4,2,44.0,False,1,0.4889
196,4,0,3,52.33,False,1,0.4361
196,4,1,7,40.43,False,1,1.0
196,4,2,1,16.0,False,1,0.0444
196,4,3,4,40.0,False,1,0.5333
196,4,4,2,33.5,False,1,0.3722
196,5,2,8,39.88,True,1,0.8861
196,5,3,7,22.71,True,1,0.53
196,5,4,1,59.0,True,1,0.3278
196,6,1,2,11.5,True,1,0.0958
196,6,2,10,34.1,True,1,0.9472
196,6,3,4,31.75,True,1,0.4233
196,6,4,1,19.0,True,1,0.1056
197,0,0,2,43.5,False,1,0.2417
197,0,1,2,50.0,False,1,0.4167
197,0,2,2,39.5,False,1,0.2194
197,0,3,1,25.0,False,1,0.0833
197,1,1,3,56.33,False,1,0.7042
197,1,3,5,31.2,False,1,0.52
197,1,4,1,77.0,False,1,0.4278
197,2,1,1,20.0,False,1,0.0833
197,2,2,2,60.5,False,1,0.3361
197,2,3,2,19.5,False,1,0.13
197,2,4,3,34.67,False,1,0.5778
197,3,1,5,42.6,False,1,0.8875
197,3,2,1,8.0,False,1,0.0222
197,3,3,4,43.25,False,1,0.5767
197,3,4,1,50.0,False,1,0.2778
197,4,1,3,13.67,False,1,0.1708
197,4,3,5,45.8,False,1,0.7633
197,5,1,3,53.0,True,1,0.6625
197,5,2,5,40.8,True,1,0.5667
197,5,3,2,40.5,True,1,0.27
197,6,1,1,10.0,True,1,0.0417
197,6,2,3,49.67,True,1,0.4139
197,6,3,5,59.0,True,1,0.9833
198,0,1,1,222.0,False,2,0.4625
198,0,2,1,398.0,False,2,0.5528
198,0,3,3,458.33,False,2,1.0
198,0,4,1,558.0,False,2,1.0
198,1,1,1,9.0,False,2,0.0188
198,1,2,1,334.0,False,2,0.4639
198,1,3,5,363.0,False,2,1.0
198,1,4,4,508.5,False,2,1.0
198,2,1,1,688.0,False,2,1.0
198,2,2,1,289.0,False,2,0.4014
198,2,4,1,380.0,False,2,1.0
198,3,1,1,439.0,False,2,0.9146
198,3,2,1,256.0,False,2,0.3556
198,3,3,1,426.0,False,2,0.71
198,4,1,3,555.0,False,2,1.0
198,4,3,1,331.0,False,2,0.5517
198,4,4,1,459.0,False,2,1.0
198,5,1,1,279.0,True,2,0.5812
198,5,2,2,698.0,True,2,1.0
198,5,3,1,327.0,True,2,0.545
198,5,4,3,400.0,True,2,1.0
198,6,1,1,87.0,True,2,0.1812
198,6,2,1,290.0,True,2,0.4028
198,6,3,4,343.25,True,2,1.0
198,6,4,1,444.0,True,2,1.0
199,0,1,1,56.0,False,1,0.2333
199,0,3,7,36.14,False,1,0.8433
199,0,4,1,26.0,False,1,0.1444
199,1,1,7,29.14,False,1,0.85
199,1,2,5,46.8,False,1,0.65
199,1,3,2,41.0,False,1,0.2733
199,1,4,2,28.5,False,1,0.3167
199,2,3,7,49.71,False,1,1.0
199,2,4,3,56.33,False,1,0.9389
199,3,1,5,43.0,False,1,0.8958
199,3,2,4,39.75,False,1,0.4417
199,3,3,6,44.83,False,1,0.8967
199,4,0,1,4.0,False,1,0.0111
199,4,1,6,38.17,False,1,0.9542
199,4,2,2,52.5,False,1,0.2917
199,4,3,5,37.4,False,1,0.6233
199,4,4,1,55.0,False,1,0.3056
199,5,0,1,47.0,True,1,0.1306
199,5,2,7,28.86,True,1,0.5611
199,5,3,2,32.0,True,1,0.2133
199,6,0,1,43.0,True,1,0.1194
199,6,2,6,40.17,True,1,0.6694
199,6,3,4,44.5,True,1,0.5933
200,0,0,1,14.0,False,1,0.0389
200,0,1,6,22.83,False,1,0.5708
200,0,2,6,17.17,False,1,0.2861
200,0,3,8,20.88,False,1,0.5567
200,0,4,3,17.0,False,1,0.2833
200,1,0,2,37.5,False,1,0.2083
200,1,1,7,22.14,False,1,0.6458
200,1,2,3,20.33,False,1,0.1694
200,1,3,9,15.89,False,1,0.4767
200,1,4,5,24.2,False,1,0.6722
200,2,0,3,16.67,False,1,0.1389
200,2,1,7,18.0,False,1,0.525
200,2,2,3,27.67,False,1,0.2306
200,2,3,5,18.2,False,1,0.3033
200,2,4,3,25.33,False,1,0.4222
200,3,0,3,19.33,False,1,0.1611
200,3,1,7,16.29,False,1,0.475
200,3,2,3,21.67,False,1,0.1806
200,3,3,4,26.25,False,1,0.35
200,3,4,2,15.5,False,1,0.1722
200,4,0,1,29.0,False,1,0.0806
200,4,1,2,21.0,False,1,0.175
200,4,2,1,13.0,False,1,0.0361
200,4,3,11,21.55,False,1,0.79
200,4,4,2,28.5,False,1,0.3167
200,5,0,1,50.0,True,1,0.1389
200,5,1,2,22.5,True,1,0.1875
200,5,2,12,19.67,True,1,0.6556
200,5,3,4,21.5,True,1,0.2867
200,5,4,3,13.67,True,1,0.2278
200,6,1,2,21.0,True,1,0.175
200,6,2,7,26.14,True,1,0.5083
200,6,3,5,30.0,True,1,0.5
201,0,1,3,19.33,False,1,0.2417
201,0,2,3,16.0,False,1,0.1333
201,0,3,7,13.71,False,1,0.32
201,1,0,1,33.0,False,1,0.0917
201,1,1,4,19.5,False,1,0.325
201,1,3,4,21.0,False,1,0.28
201,2,1,6,23.17,False,1,0.5792
201,2,2,2,25.5,False,1,0.1417
201,2,3,6,11.5,False,1,0.23
201,3,1,3,22.67,False,1,0.2833
201,3,2,2,14.5,False,1,0.0806
201,3,3,10,17.7,False,1,0.59
201,3,4,1,3.0,False,1,0.0167
201,4,0,1,28.0,False,1,0.0778
201,4,1,4,17.0,False,1,0.2833
201,4,2,3,25.67,False,1,0.2139
201,4,3,8,17.5,False,1,0.4667
201,4,4,1,25.0,False,1,0.1389
201,5,1,1,24.0,True,1,0.1
201,5,2,6,23.33,True,1,0.3889
201,5,3,7,17.43,True,1,0.4067
201,6,0,1,25.0,True,1,0.0694
201,6,1,3,29.0,True,1,0.3625
201,6,2,6,35.0,True,1,0.5833
201,6,3,7,28.86,True,1,0.6733
202,0,1,2,10.5,False,1,0.0875
202,0,2,2,13.5,False,1,0.075
202,0,3,3,16.0,False,1,0.16
202,1,0,1,33.0,False,1,0.0917
202,1,1,3,24.67,False,1,0.3083
202,1,2,1,17.0,False,1,0.0472
202,1,3,2,16.5,False,1,0.11
202,2,1,2,25.5,False,1,0.2125
202,2,3,1,25.0,False,1,0.0833
202,3,1,4,16.75,False,1,0.2792
202,3,2,1,27.0,False,1,0.075
202,3,3,1,49.0,False,1,0.1633
202,4,1,1,26.0,False,1,0.1083
202,4,2,1,12.0,False,1,0.0333
202,4,3,4,16.5,False,1,0.22
202,5,2,5,23.2,True,1,0.3222
202,5,3,3,30.0,True,1,0.3
202,6,0,2,17.5,True,1,0.0972
202,6,1,1,9.0,True,1,0.0375
202,6,2,5,16.2,True,1,0.225
202,6,3,1,22.0,True,1,0.0733
202,6,4,1,13.0,True,1,0.0722
203,0,0,2,33.0,False,1,0.1833
203,0,1,3,27.67,False,1,0.3458
203,0,2,4,57.25,False,1,0.6361
203,0,3,10,42.6,False,1,1.0
203,0,4,3,53.0,False,1,0.8833
203,1,0,1,35.0,False,1,0.0972
203,1,1,6,45.0,False,1,1.0
203,1,2,4,41.5,False,1,0.4611
203,1,3,10,36.4,False,1,1.0
203,1,4,3,37.67,False,1,0.6278
203,2,0,2,24.5,False,1,0.1361
203,2,1,6,31.67,False,1,0.7917
203,2,2,1,55.0,False,1,0.1528
203,2,3,14,50.79,False,1,1.0
203,2,4,1,36.0,False,1,0.2
203,3,1,6,27.0,False,1,0.675
203,3,2,3,28.67,False,1,0.2389
203,3,3,6,31.0,False,1,0.62
203,3,4,1,64.0,False,1,0.3556
203,4,1,8,34.88,False,1,1.0
203,4,3,8,52.38,False,1,1.0
203,4,4,1,31.0,False,1,0.1722
203,5,1,1,28.0,True,1,0.1167
203,5,2,14,34.21,True,1,1.0
203,5,3,4,30.5,True,1,0.4067
203,5,4,2,52.0,True,1,0.5778
203,6,1,2,17.5,True,1,0.1458
203,6,2,12,49.92,True,1,1.0
203,6,3,7,50.0,True,1,1.0
204,0,0,1,42.0,False,1,0.1167
204,0,1,3,33.67,False,1,0.4208
204,0,2,3,22.33,False,1,0.1861
204,0,3,9,47.44,False,1,1.0
204,0,4,1,59.0,False,1,0.3278
204,1,0,1,26.0,False,1,0.0722
204,1,1,4,29.25,False,1,0.4875
204,1,2,1,41.0,False,1,0.1139
204,1,3,3,65.67,False,1,0.6567
204,1,4,3,34.0,False,1,0.5667
204,2,0,1,44.0,False,1,0.1222
204,2,1,4,20.5,False,1,0.3417
204,2,2,1,59.0,False,1,0.1639
204,2,3,8,53.62,False,1,1.0
204,2,4,2,28.0,False,1,0.3111
204,3,0,3,33.67,False,1,0.2806
204,3,1,6,43.5,False,1,1.0
204,3,2,2,65.5,False,1,0.3639
204,3,3,9,27.78,False,1,0.8333
204,3,4,2,40.0,False,1,0.4444
204,4,1,1,7.0,False,1,0.0292
204,4,2,3,29.0,False,1,0.2417
204,4,3,4,29.75,False,1,0.3967
204,4,4,1,18.0,False,1,0.1
204,5,0,1,97.0,True,1,0.2694
204,5,1,2,34.5,True,1,0.2875
204,5,2,8,29.75,True,1,0.6611
204,5,3,7,39.29,True,1,0.9167
204,5,4,2,44.5,True,1,0.4944
204,6,1,1,56.0,True,1,0.2333
204,6,2,8,49.12,True,1,1.0
204,6,3,2,29.5,True,1,0.1967
204,6,4,2,51.0,True,1,0.5667
205,0,1,4,19.25,False,1,0.3208
205,0,2,1,8.0,False,1,0.0222
205,0,3,4,20.25,False,1,0.27
205,0,4,2,22.5,False,1,0.25
205,1,0,1,29.0,False,1,0.0806
205,1,1,3,20.33,False,1,0.2542
205,1,2,2,24.5,False,1,0.1361
205,1,3,5,21.6,False,1,0.36
205,1,4,2,29.5,False,1,0.3278
205,2,0,2,25.0,False,1,0.1389
205,2,1,8,13.25,False,1,0.4417
205,2,2,2,30.0,False,1,0.1667
205,2,3,10,17.5,False,1,0.5833
205,2,4,1,26.0,False,1,0.1444
205,3,1,5,20.8,False,1,0.4333
205,3,2,1,27.0,False,1,0.075
205,3,3,3,21.0,False,1,0.21
205,3,4,1,21.0,False,1,0.1167
205,4,1,4,15.0,False,1,0.25
205,4,2,1,21.0,False,1,0.0583
205,4,3,7,22.57,False,1,0.5267
205,5,0,1,31.0,True,1,0.0861
205,5,1,3,16.67,True,1,0.2083
205,5,2,4,27.0,True,1,0.3
205,5,3,6,20.67,True,1,0.4133
205,6,0,1,38.0,True,1,0.1056
205,6,1,1,3.0,True,1,0.0125
205,6,2,8,21.38,True,1,0.475
205,6,3,4,22.25,True,1,0.2967
205,6,4,3,11.0,True,1,0.1833
206,0,1,2,13.5,False,1,0.1125
206,0,2,1,35.0,False,1,0.0972
206,0,3,1,24.0,False,1,0.08
206,0,4,2,13.0,False,1,0.1444
206,1,1,5,22.0,False,1,0.4583
206,1,2,4,25.25,False,1,0.2806
206,1,3,4,21.5,False,1,0.2867
206,2,1,2,15.5,False,1,0.1292
206,2,2,1,26.0,False,1,0.0722
206,2,3,5,14.0,False,1,0.2333
206,2,4,1,21.0,False,1,0.1167
206,3,1,3,18.33,False,1,0.2292
206,3,2,3,33.0,False,1,0.275
206,3,3,4,9.25,False,1,0.1233
206,3,4,1,9.0,False,1,0.05
206,4,1,1,37.0,False,1,0.1542
206,4,2,2,36.5,False,1,0.2028
206,4,3,4,22.5,False,1,0.3
206,5,0,3,14.33,True,1,0.1194
206,5,1,1,25.0,True,1,0.1042
206,5,2,7,12.29,True,1,0.2389
206,6,1,1,21.0,True,1,0.0875
206,6,2,7,23.0,True,1,0.4472
206,6,3,3,13.67,True,1,0.1367
206,6,4,2,25.5,True,1,0.2833
207,0,3,1,22.0,False,1,0.0733
207,1,1,3,34.67,False,1,0.4333
207,1,2,1,51.0,False,1,0.1417
207,1,3,2,27.0,False,1,0.18
207,2,1,2,21.0,False,1,0.175
207,2,2,1,22.0,False,1,0.0611
207,2,3,6,23.67,False,1,0.4733
207,2,4,2,32.5,False,1,0.3611
207,3,0,1,45.0,False,1,0.125
207,3,1,5,29.6,False,1,0.6167
207,3,2,2,22.5,False,1,0.125
207,3,3,3,17.67,False,1,0.1767
207,4,1,2,37.5,False,1,0.3125
207,4,2,2,20.5,False,1,0.1139
207,4,3,3,14.67,False,1,0.1467
207,4,4,1,11.0,False,1,0.0611
207,5,2,3,24.67,True,1,0.2056
207,5,3,4,23.75,True,1,0.3167
207,6,2,3,23.67,True,1,0.1972
207,6,3,5,21.6,True,1,0.36
208,0,1,7,36.0,False,1,1.0
208,0,2,3,61.0,False,1,0.5083
208,0,3,8,46.25,False,1,1.0
208,0,4,1,5.0,False,1,0.0278
208,1,1,6,54.67,False,1,1.0
208,1,2,3,46.33,False,1,0.3861
208,1,3,7,44.14,False,1,1.0
208,1,4,3,37.0,False,1,0.6167
208,2,0,1,65.0,False,1,0.1806
208,2,1,4,35.75,False,1,0.5958
208,2,2,3,33.0,False,1,0.275
208,2,3,8,50.88,False,1,1.0
208,2,4,4,32.0,False,1,0.7111
208,3,0,1,51.0,False,1,0.1417
208,3,1,5,63.0,False,1,1.0
208,3,2,6,37.83,False,1,0.6306
208,3,3,10,47.9,False,1,1.0
208,3,4,4,47.25,False,1,1.0
208,4,1,1,109.0,False,1,0.4542
208,4,2,1,57.0,False,1,0.1583
208,4,3,14,41.79,False,1,1.0
208,4,4,3,65.67,False,1,1.0
208,5,0,3,50.0,True,1,0.4167
208,5,2,6,43.0,True,1,0.7167
208,5,3,5,35.8,True,1,0.5967
208,6,1,1,42.0,True,1,0.175
208,6,2,17,41.59,True,1,1.0
208,6,3,6,41.83,True,1,0.8367
208,6,4,1,57.0,True,1,0.3167
209,0,0,1,8.0,False,1,0.0222
209,0,1,3,23.0,False,1,0.2875
209,0,2,2,58.5,False,1,0.325
209,0,3,11,32.18,False,1,1.0
209,0,4,1,51.0,False,1,0.2833
209,1,0,1,28.0,False,1,0.0778
209,1,1,2,41.0,False,1,0.3417
209,1,2,3,36.67,False,1,0.3056
209,1,3,8,56.5,False,1,1.0
209,1,4,2,48.0,False,1,0.5333
209,2,0,1,6.0,False,1,0.0167
209,2,1,4,62.25,False,1,1.0
209,2,2,3,33.67,False,1,0.2806
209,2,3,9,30.67,False,1,0.92
209,2,4,4,83.75,False,1,1.0
209,3,1,8,40.75,False,1,1.0
209,3,2,8,40.38,False,1,0.8972
209,3,3,17,38.71,False,1,1.0
209,3,4,2,24.0,False,1,0.2667
209,4,1,5,48.0,False,1,1.0
209,4,3,6,51.5,False,1,1.0
209,4,4,2,23.0,False,1,0.2556
209,5,0,1,7.0,True,1,0.0194
209,5,2,17,37.06,True,1,1.0
209,5,3,7,30.86,True,1,0.72
209,6,0,2,49.0,True,1,0.2722
209,6,2,9,32.78,True,1,0.8194
209,6,3,6,29.5,True,1,0.59
209,6,4,2,27.0,True,1,0.3
210,0,1,1,21.0,False,1,0.0875
210,0,2,3,22.0,False,1,0.1833
210,0,3,6,17.33,False,1,0.3467
210,0,4,2,20.0,False,1,0.2222
210,1,0,2,21.0,False,1,0.1167
210,1,1,4,22.0,False,1,0.3667
210,1,2,4,14.25,False,1,0.1583
210,1,3,4,20.25,False,1,0.27
210,1,4,5,25.2,False,1,0.7
210,2,0,1,20.0,False,1,0.0556
210,2,1,10,23.6,False,1,0.9833
210,2,2,1,14.0,False,1,0.0389
210,2,3,4,17.0,False,1,0.2267
210,2,4,2,8.0,False,1,0.0889
210,3,0,1,21.0,False,1,0.0583
210,3,1,4,29.5,False,1,0.4917
210,3,2,3,29.33,False,1,0.2444
210,3,3,3,20.0,False,1,0.2
210,3,4,1,5.0,False,1,0.0278
210,4,0,1,14.0,False,1,0.0389
210,4,1,1,28.0,False,1,0.1167
210,4,2,1,19.0,False,1,0.0528
210,4,3,4,22.0,False,1,0.2933
210,4,4,2,22.5,False,1,0.25
210,5,0,1,15.0,True,1,0.0417
210,5,2,4,26.0,True,1,0.2889
210,5,3,4,22.75,True,1,0.3033
210,6,0,1,9.0,True,1,0.025
210,6,1,2,13.0,True,1,0.1083
210,6,2,7,16.29,True,1,0.3167
210,6,3,5,24.4,True,1,0.4067
210,6,4,1,22.0,True,1,0.1222
211,0,0,2,54.5,False,1,0.3028
211,0,1,5,54.8,False,1,1.0
211,0,2,2,59.5,False,1,0.3306
211,0,3,12,47.92,False,1,1.0
211,0,4,2,32.0,False,1,0.3556
211,1,1,2,37.5,False,1,0.3125
211,1,2,3,34.33,False,1,0.2861
211,1,3,6,60.67,False,1,1.0
211,1,4,3,55.0,False,1,0.9167
211,2,0,2,36.5,False,1,0.2028
211,2,1,4,20.0,False,1,0.3333
211,2,2,9,42.33,False,1,1.0
211,2,3,5,34.6,False,1,0.5767
211,2,4,1,9.0,False,1,0.05
211,3,1,8,40.88,False,1,1.0
211,3,2,4,47.5,False,1,0.5278
211,3,3,6,27.5,False,1,0.55
211,4,1,4,20.0,False,1,0.3333
211,4,2,5,32.8,False,1,0.4556
211,4,3,12,32.08,False,1,1.0
211,4,4,3,43.33,False,1,0.7222
211,5,0,2,18.5,True,1,0.1028
211,5,1,2,35.0,True,1,0.2917
211,5,2,13,38.31,True,1,1.0
211,5,3,9,43.0,True,1,1.0
211,6,1,2,41.0,True,1,0.3417
211,6,2,7,34.0,True,1,0.6611
211,6,3,6,32.33,True,1,0.6467
211,6,4,2,46.5,True,1,0.5167
212,0,1,2,28.0,False,1,0.2333
212,0,2,1,11.0,False,1,0.0306
212,0,3,2,28.0,False,1,0.1867
212,1,1,2,12.0,False,1,0.1
212,1,2,2,12.0,False,1,0.0667
212,1,4,1,8.0,False,1,0.0444
212,2,0,1,5.0,False,1,0.0139
212,2,2,3,15.0,False,1,0.125
212,2,3,3,10.67,False,1,0.1067
212,2,4,1,43.0,False,1,0.2389
212,3,0,1,22.0,False,1,0.0611
212,3,1,1,22.0,False,1,0.0917
212,3,3,1,18.0,False,1,0.06
212,4,0,1,24.0,False,1,0.0667
212,4,1,3,13.67,False,1,0.1708
212,4,2,1,42.0,False,1,0.1167
212,4,3,1,9.0,False,1,0.03
212,5,2,2,30.5,True,1,0.1694
212,5,3,1,1.0,True,1,0.0033
212,6,2,5,32.2,True,1,0.4472
212,6,3,3,22.67,True,1,0.2267
213,0,0,1,6.0,False,1,0.0167
213,0,1,5,14.0,False,1,0.2917
213,0,2,2,19.0,False,1,0.1056
213,0,3,8,13.62,False,1,0.3633
213,0,4,2,23.5,False,1,0.2611
213,1,0,1,10.0,False,1,0.0278
213,1,1,10,18.8,False,1,0.7833
213,1,2,5,26.6,False,1,0.3694
213,1,3,6,13.5,False,1,0.27
213,1,4,2,14.0,False,1,0.1556
213,2,1,2,10.0,False,1,0.0833
213,2,2,1,26.0,False,1,0.0722
213,2,3,9,18.44,False,1,0.5533
213,3,1,4,18.25,False,1,0.3042
213,3,2,4,16.75,False,1,0.1861
213,3,3,7,9.86,False,1,0.23
213,3,4,3,25.67,False,1,0.4278
213,4,0,1,37.0,False,1,0.1028
213,4,1,1,7.0,False,1,0.0292
213,4,2,1,7.0,False,1,0.0194
213,4,3,10,17.7,False,1,0.59
213,4,4,1,8.0,False,1,0.0444
213,5,1,3,17.0,True,1,0.2125
213,5,2,11,15.09,True,1,0.4611
213,5,3,6,18.17,True,1,0.3633
213,6,1,1,16.0,True,1,0.0667
213,6,2,11,17.82,True,1,0.5444
213,6,3,7,12.29,True,1,0.2867
214,0,0,1,10.0,False,18,0.0015
214,0,1,7,20.0,False,18,0.0324
214,0,2,3,18.67,False,18,0.0086
214,0,3,10,10.4,False,18,0.0193
214,1,0,1,16.0,False,18,0.0025
214,1,1,1,24.0,False,18,0.0056
214,1,2,2,21.0,False,18,0.0065
214,1,3,7,20.71,False,18,0.0269
214,2,1,8,21.75,False,18,0.0403
214,2,2,2,12.0,False,18,0.0037
214,2,3,6,23.17,False,18,0.0257
214,2,4,3,23.33,False,18,0.0216
214,3,1,8,20.88,False,18,0.0387
214,3,2,5,19.8,False,18,0.0153
214,3,3,4,14.0,False,18,0.0104
214,3,4,3,14.33,False,18,0.0133
214,4,0,1,6.0,False,18,0.0009
214,4,1,2,8.0,False,18,0.0037
214,4,2,2,14.0,False,18,0.0043
214,4,3,5,20.8,False,18,0.0193
214,4,4,4,16.75,False,18,0.0207
214,5,0,1,19.0,True,18,0.0029
214,5,2,6,10.0,True,18,0.0093
214,5,3,5,11.2,True,18,0.0104
214,5,4,1,19.0,True,18,0.0059
214,6,0,1,30.0,True,18,0.0046
214,6,2,14,18.57,True,18,0.0401
214,6,3,10,13.3,True,18,0.0246
215,0,0,1,19.0,False,1,0.0528
215,0,1,5,25.8,False,1,0.5375
215,0,2,2,34.5,False,1,0.1917
215,0,3,8,24.38,False,1,0.65
215,0,4,3,37.67,False,1,0.6278
215,1,0,1,16.0,False,1,0.0444
215,1,1,2,21.0,False,1,0.175
215,1,2,3,24.0,False,1,0.2
215,1,3,8,27.88,False,1,0.7433
215,1,4,1,13.0,False,1,0.0722
215,2,1,7,28.14,False,1,0.8208
215,2,2,4,22.5,False,1,0.25
215,2,3,5,28.0,False,1,0.4667
215,2,4,1,54.0,False,1,0.3
215,3,0,4,18.0,False,1,0.2
215,3,1,1,11.0,False,1,0.0458
215,3,2,1,17.0,False,1,0.0472
215,3,3,8,26.0,False,1,0.6933
215,3,4,1,32.0,False,1,0.1778
215,4,0,1,23.0,False,1,0.0639
215,4,1,9,21.78,False,1,0.8167
215,4,2,3,22.0,False,1,0.1833
215,4,3,5,16.4,False,1,0.2733
215,5,2,14,29.5,True,1,1.0
215,5,3,3,14.33,True,1,0.1433
215,6,0,1,20.0,True,1,0.0556
215,6,1,1,12.0,True,1,0.05
215,6,2,8,19.75,True,1,0.4389
215,6,3,6,27.83,True,1,0.5567
216,0,1,4,18.25,False,1,0.3042
216,0,3,2,16.5,False,1,0.11
216,0,4,1,32.0,False,1,0.1778
216,1,0,1,23.0,False,1,0.0639
216,1,1,1,5.0,False,1,0.0208
216,1,2,3,17.0,False,1,0.1417
216,1,3,1,43.0,False,1,0.1433
216,1,4,1,43.0,False,1,0.2389
216,2,1,1,25.0,False,1,0.1042
216,2,2,3,12.33,False,1,0.1028
216,2,3,5,32.6,False,1,0.5433
216,3,0,1,37.0,False,1,0.1028
216,3,1,1,36.0,False,1,0.15
216,3,3,3,16.33,False,1,0.1633
216,3,4,1,19.0,False,1,0.1056
216,4,1,2,24.0,False,1,0.2
216,4,2,2,36.5,False,1,0.2028
216,4,3,2,19.5,False,1,0.13
216,4,4,1,17.0,False,1,0.0944
216,5,2,3,26.67,True,1,0.2222
216,5,3,3,26.67,True,1,0.2667
216,6,1,2,29.5,True,1,0.2458
216,6,2,6,21.17,True,1,0.3528
216,6,3,2,39.0,True,1,0.26
217,0,0,1,11.0,False,1,0.0306
217,0,1,6,13.5,False,1,0.3375
217,0,2,3,19.33,False,1,0.1611
217,0,3,6,23.5,False,1,0.47
217,0,4,1,18.0,False,1,0.1
217,1,0,1,17.0,False,1,0.0472
217,1,1,1,19.0,False,1,0.0792
217,1,2,3,9.33,False,1,0.0778
217,1,3,4,19.25,False,1,0.2567
217,1,4,1,13.0,False,1,0.0722
217,2,1,4,15.0,False,1,0.25
217,2,2,1,15.0,False,1,0.0417
217,2,3,5,12.6,False,1,0.21
217,2,4,1,10.0,False,1,0.0556
217,3,0,1,5.0,False,1,0.0139
217,3,1,2,12.0,False,1,0.1
217,3,2,3,18.0,False,1,0.15
217,3,3,8,15.75,False,1,0.42
217,3,4,2,19.0,False,1,0.2111
217,4,1,2,12.0,False,1,0.1
217,4,2,2,17.0,False,1,0.0944
217,4,3,5,14.0,False,1,0.2333
217,4,4,3,13.0,False,1,0.2167
217,5,1,2,13.5,True,1,0.1125
217,5,2,4,18.75,True,1,0.2083
217,5,3,7,14.29,True,1,0.3333
217,6,1,2,17.0,True,1,0.1417
217,6,2,7,17.14,True,1,0.3333
217,6,3,3,17.67,True,1,0.1767
218,0,0,3,22.67,False,1,0.1889
218,0,1,2,15.0,False,1,0.125
218,0,2,1,13.0,False,1,0.0361
218,0,3,4,14.25,False,1,0.19
218,0,4,1,6.0,False,1,0.0333
218,1,1,5,9.8,False,1,0.2042
218,1,2,1,24.0,False,1,0.0667
218,1,3,7,12.29,False,1,0.2867
218,1,4,1,9.0,False,1,0.05
218,2,0,2,11.0,False,1,0.0611
218,2,1,2,9.0,False,1,0.075
218,2,2,1,17.0,False,1,0.0472
218,2,3,3,9.67,False,1,0.0967
218,2,4,1,19.0,False,1,0.1056
218,3,0,1,38.0,False,1,0.1056
218,3,1,3,16.67,False,1,0.2083
218,3,2,1,18.0,False,1,0.05
218,3,3,6,11.33,False,1,0.2267
218,3,4,2,14.5,False,1,0.1611
218,4,0,2,12.0,False,1,0.0667
218,4,1,1,23.0,False,1,0.0958
218,4,3,4,10.75,False,1,0.1433
218,5,2,3,11.0,True,1,0.0917
218,5,3,4,13.5,True,1,0.18
218,6,1,2,11.0,True,1,0.0917
218,6,2,10,13.4,True,1,0.3722
218,6,3,7,11.86,True,1,0.2767
218,6,4,2,14.5,True,1,0.1611
219,0,0,1,47.0,False,1,0.1306
219,0,1,1,70.0,False,1,0.2917
219,0,3,6,29.5,False,1,0.59
219,1,0,2,23.5,False,1,0.1306
219,1,1,4,57.0,False,1,0.95
219,1,3,6,36.83,False,1,0.7367
219,2,1,3,66.0,False,1,0.825
219,2,2,2,61.0,False,1,0.3389
219,2,3,3,52.33,False,1,0.5233
219,3,1,5,45.0,False,1,0.9375
219,3,2,2,25.5,False,1,0.1417
219,3,3,4,28.25,False,1,0.3767
219,3,4,4,62.75,False,1,1.0
219,4,1,4,43.75,False,1,0.7292
219,4,2,3,40.67,False,1,0.3389
219,4,3,3,71.67,False,1,0.7167
219,5,1,2,53.0,True,1,0.4417
219,5,2,9,47.44,True,1,1.0
219,5,3,5,48.8,True,1,0.8133
219,6,1,1,63.0,True,1,0.2625
219,6,2,3,43.33,True,1,0.3611
219,6,3,1,47.0,True,1,0.1567
220,0,1,2,18.0,False,1,0.15
220,0,2,2,16.5,False,1,0.0917
220,0,3,4,24.25,False,1,0.3233
220,1,0,1,6.0,False,1,0.0167
220,1,1,4,26.0,False,1,0.4333
220,1,2,4,19.75,False,1,0.2194
220,1,3,5,26.4,False,1,0.44
220,2,0,2,25.5,False,1,0.1417
220,2,1,4,16.25,False,1,0.2708
220,2,2,4,11.5,False,1,0.1278
220,2,3,6,12.67,False,1,0.2533
220,2,4,1,4.0,False,1,0.0222
220,3,0,1,16.0,False,1,0.0444
220,3,1,5,23.4,False,1,0.4875
220,3,2,7,20.29,False,1,0.3944
220,3,3,4,19.0,False,1,0.2533
220,3,4,3,11.33,False,1,0.1889
220,4,1,3,23.67,False,1,0.2958
220,4,2,2,14.5,False,1,0.0806
220,4,3,6,21.83,False,1,0.4367
220,5,0,2,15.0,True,1,0.0833
220,5,1,2,22.0,True,1,0.1833
220,5,2,9,23.78,True,1,0.5944
220,5,3,2,14.5,True,1,0.0967
220,5,4,1,21.0,True,1,0.1167
220,6,1,1,28.0,True,1,0.1167
220,6,2,5,16.8,True,1,0.2333
220,6,3,4,15.25,True,1,0.2033
221,0,1,8,343.5,False,1,1.0
221,0,2,2,408.0,False,1,1.0
221,0,3,8,300.12,False,1,1.0
221,0,4,1,437.0,False,1,1.0
221,1,1,7,355.43,False,1,1.0
221,1,2,4,388.25,False,1,1.0
221,1,3,4,255.0,False,1,1.0
221,1,4,1,343.0,False,1,1.0
221,2,1,6,133.83,False,1,1.0
221,2,2,3,465.0,False,1,1.0
221,2,3,9,244.78,False,1,1.0
221,2,4,3,412.0,False,1,1.0
221,3,1,7,429.71,False,1,1.0
221,3,2,3,264.33,False,1,1.0
221,3,3,8,435.88,False,1,1.0
221,3,4,1,1.0,False,1,0.0056
221,4,1,6,158.5,False,1,1.0
221,4,2,2,394.5,False,1,1.0
221,4,3,6,180.33,False,1,1.0
221,4,4,4,392.0,False,1,1.0
221,5,2,8,387.62,True,1,1.0
221,5,3,7,427.43,True,1,1.0
221,5,4,1,439.0,True,1,1.0
221,6,0,1,307.0,True,1,0.8528
221,6,1,1,97.0,True,1,0.4042
221,6,2,13,401.77,True,1,1.0
221,6,3,9,458.0,True,1,1.0
221,6,4,1,554.0,True,1,1.0
222,0,1,1,10.0,False,1,0.0417
222,0,2,1,20.0,False,1,0.0556
222,0,3,3,7.33,False,1,0.0733
222,1,1,1,6.0,False,1,0.025
222,1,2,1,13.0,False,1,0.0361
222,1,3,1,7.0,False,1,0.0233
222,2,1,2,8.0,False,1,0.0667
222,2,2,1,7.0,False,1,0.0194
222,2,3,2,8.5,False,1,0.0567
222,3,1,2,11.0,False,1,0.0917
222,3,2,3,17.67,False,1,0.1472
222,3,3,2,8.0,False,1,0.0533
222,3,4,2,13.0,False,1,0.1444
222,4,0,1,16.0,False,1,0.0444
222,4,1,1,12.0,False,1,0.05
222,4,3,2,11.5,False,1,0.0767
222,5,1,1,9.0,True,1,0.0375
222,5,2,3,11.67,True,1,0.0972
222,5,3,4,13.25,True,1,0.1767
222,6,1,1,14.0,True,1,0.0583
222,6,2,3,12.33,True,1,0.1028
222,6,3,1,11.0,True,1,0.0367
222,6,4,2,11.5,True,1,0.1278
223,0,1,4,22.5,False,1,0.375
223,0,2,1,11.0,False,1,0.0306
223,0,3,3,14.67,False,1,0.1467
223,0,4,2,11.0,False,1,0.1222
223,1,2,4,20.0,False,1,0.2222
223,1,3,3,16.0,False,1,0.16
223,2,1,1,17.0,False,1,0.0708
223,2,3,1,27.0,False,1,0.09
223,2,4,3,15.67,False,1,0.2611
223,3,1,1,5.0,False,1,0.0208
223,3,3,6,19.33,False,1,0.3867
223,4,1,2,8.0,False,1,0.0667
223,4,2,1,26.0,False,1,0.0722
223,4,3,2,18.0,False,1,0.12
223,5,2,8,16.62,True,1,0.3694
223,5,3,5,13.8,True,1,0.23
223,6,1,1,21.0,True,1,0.0875
223,6,2,6,27.5,True,1,0.4583
223,6,3,4,21.0,True,1,0.28
224,0,1,3,25.0,False,1,0.3125
224,0,2,1,3.0,False,1,0.0083
224,0,3,1,17.0,False,1,0.0567
224,0,4,1,15.0,False,1,0.0833
224,1,1,3,29.0,False,1,0.3625
224,1,2,2,17.5,False,1,0.0972
224,1,3,2,32.5,False,1,0.2167
224,2,0,2,28.5,False,1,0.1583
224,2,1,3,19.0,False,1,0.2375
224,2,3,5,24.2,False,1,0.4033
224,3,0,1,15.0,False,1,0.0417
224,3,1,1,9.0,False,1,0.0375
224,3,2,2,10.0,False,1,0.0556
224,3,3,4,16.5,False,1,0.22
224,4,0,1,29.0,False,1,0.0806
224,4,1,1,36.0,False,1,0.15
224,4,3,2,12.0,False,1,0.08
224,5,2,2,19.5,True,1,0.1083
224,5,3,4,15.0,True,1,0.2
224,6,2,4,14.25,True,1,0.1583
224,6,3,1,14.0,True,1,0.0467
225,0,1,2,15.0,False,1,0.125
225,0,3,1,25.0,False,1,0.0833
225,0,4,1,25.0,False,1,0.1389
225,1,1,1,20.0,False,1,0.0833
225,1,2,2,24.0,False,1,0.1333
225,1,3,4,20.5,False,1,0.2733
225,2,0,1,13.0,False,1,0.0361
225,2,1,1,10.0,False,1,0.0417
225,2,3,2,17.0,False,1,0.1133
225,3,1,1,16.0,False,1,0.0667
225,3,2,1,14.0,False,1,0.0389
225,3,3,1,5.0,False,1,0.0167
225,3,4,2,15.0,False,1,0.1667
225,4,0,2,9.0,False,1,0.05
225,4,1,1,44.0,False,1,0.1833
225,4,2,3,12.0,False,1,0.1
225,4,3,3,18.67,False,1,0.1867
225,5,2,2,29.5,True,1,0.1639
225,6,1,2,13.0,True,1,0.1083
225,6,3,2,8.5,True,1,0.0567
225,6,4,1,18.0,True,1,0.1
226,0,1,2,78.0,False,1,0.65
226,0,2,1,25.0,False,1,0.0694
226,0,3,2,39.0,False,1,0.26
226,1,1,5,62.6,False,1,1.0
226,1,3,7,36.0,False,1,0.84
226,1,4,1,57.0,False,1,0.3167
226,2,0,1,32.0,False,1,0.0889
226,2,1,5,49.8,False,1,1.0
226,2,2,4,66.25,False,1,0.7361
226,2,3,4,47.0,False,1,0.6267
226,2,4,2,40.5,False,1,0.45
226,3,1,1,79.0,False,1,0.3292
226,3,2,2,42.0,False,1,0.2333
226,3,3,6,48.17,False,1,0.9633
226,3,4,1,80.0,False,1,0.4444
226,4,1,9,70.0,False,1,1.0
226,4,2,4,46.5,False,1,0.5167
226,4,3,6,50.33,False,1,1.0
226,4,4,4,51.25,False,1,1.0
226,5,0,2,18.5,True,1,0.1028
226,5,1,3,54.33,True,1,0.6792
226,5,2,10,57.4,True,1,1.0
226,5,3,4,68.75,True,1,0.9167
226,5,4,2,52.5,True,1,0.5833
226,6,0,1,25.0,True,1,0.0694
226,6,1,2,48.5,True,1,0.4042
226,6,2,9,49.78,True,1,1.0
226,6,3,5,39.8,True,1,0.6633
227,0,1,4,14.0,False,1,0.2333
227,0,2,1,15.0,False,1,0.0417
227,0,3,4,16.5,False,1,0.22
227,0,4,1,23.0,False,1,0.1278
227,1,1,2,18.0,False,1,0.15
227,1,2,1,25.0,False,1,0.0694
227,1,3,3,21.33,False,1,0.2133
227,1,4,1,18.0,False,1,0.1
227,2,1,6,17.0,False,1,0.425
227,2,3,7,20.71,False,1,0.4833
227,2,4,3,18.67,False,1,0.3111
227,3,1,1,19.0,False,1,0.0792
227,3,3,4,21.5,False,1,0.2867
227,3,4,1,12.0,False,1,0.0667
227,4,0,1,37.0,False,1,0.1028
227,4,1,5,18.8,False,1,0.3917
227,4,2,2,16.5,False,1,0.0917
227,4,3,3,26.67,False,1,0.2667
227,4,4,1,21.0,False,1,0.1167
227,5,1,1,14.0,True,1,0.0583
227,5,2,7,16.29,True,1,0.3167
227,5,3,2,21.5,True,1,0.1433
227,5,4,1,5.0,True,1,0.0278
227,6,1,2,27.5,True,1,0.2292
227,6,2,4,16.0,True,1,0.1778
227,6,3,3,19.33,True,1,0.1933
227,6,4,1,5.0,True,1,0.0278
228,0,0,3,23.33,False,1,0.1944
228,0,1,5,37.2,False,1,0.775
228,0,2,3,47.33,False,1,0.3944
228,0,3,11,35.09,False,1,1.0
228,0,4,2,53.0,False,1,0.5889
228,1,0,2,34.5,False,1,0.1917
228,1,1,4,36.25,False,1,0.6042
228,1,2,2,46.5,False,1,0.2583
228,1,3,5,30.0,False,1,0.5
228,1,4,1,23.0,False,1,0.1278
228,2,1,3,53.33,False,1,0.6667
228,2,2,1,49.0,False,1,0.1361
228,2,3,2,25.0,False,1,0.1667
228,2,4,2,19.5,False,1,0.2167
228,3,0,1,28.0,False,1,0.0778
228,3,1,5,42.0,False,1,0.875
228,3,2,2,32.5,False,1,0.1806
228,3,3,8,34.88,False,1,0.93
228,3,4,6,32.0,False,1,1.0
228,4,0,1,47.0,False,1,0.1306
228,4,1,9,27.78,False,1,1.0
228,4,3,10,34.6,False,1,1.0
228,4,4,2,42.5,False,1,0.4722
228,5,0,1,10.0,True,1,0.0278
228,5,1,2,39.0,True,1,0.325
228,5,2,8,42.12,True,1,0.9361
228,5,3,5,33.0,True,1,0.55
228,5,4,3,50.67,True,1,0.8444
228,6,0,1,71.0,True,1,0.1972
228,6,2,5,50.4,True,1,0.7
228,6,3,4,33.75,True,1,0.45
228,6,4,1,1.0,True,1,0.0056
229,0,1,1,15.0,False,1,0.0625
229,0,2,1,22.0,False,1,0.0611
229,0,3,2,16.0,False,1,0.1067
229,0,4,3,27.67,False,1,0.4611
229,1,1,1,14.0,False,1,0.0583
229,1,2,2,15.0,False,1,0.0833
229,1,3,3,27.67,False,1,0.2767
229,2,1,1,33.0,False,1,0.1375
229,2,3,1,27.0,False,1,0.09
229,3,3,4,18.25,False,1,0.2433
229,4,1,1,11.0,False,1,0.0458
229,4,3,3,20.33,False,1,0.2033
229,5,2,5,21.8,True,1,0.3028
229,5,3,1,24.0,True,1,0.08
229,5,4,2,24.5,True,1,0.2722
229,6,2,3,25.67,True,1,0.2139
229,6,3,2,32.5,True,1,0.2167
229,6,4,1,10.0,True,1,0.0556
230,0,1,3,6.33,False,1,0.0792
230,0,2,1,6.0,False,1,0.0167
230,0,3,2,4.5,False,1,0.03
230,1,1,1,15.0,False,1,0.0625
230,1,2,1,12.0,False,1,0.0333
230,1,3,2,10.5,False,1,0.07
230,2,1,3,7.33,False,1,0.0917
230,2,2,1,5.0,False,1,0.0139
230,2,3,4,11.5,False,1,0.1533
230,2,4,1,14.0,False,1,0.0778
230,3,3,4,8.75,False,1,0.1167
230,3,4,1,8.0,False,1,0.0444
230,4,1,1,13.0,False,1,0.0542
230,4,3,1,9.0,False,1,0.03
230,5,2,4,10.25,True,1,0.1139
230,5,3,2,16.5,True,1,0.11
230,6,0,1,9.0,True,1,0.025
230,6,1,1,9.0,True,1,0.0375
230,6,2,1,9.0,True,1,0.025
230,6,4,1,11.0,True,1,0.0611
231,0,1,3,60.33,False,1,0.7542
231,0,3,1,2.0,False,1,0.0067
231,1,1,3,50.33,False,1,0.6292
231,1,3,2,25.5,False,1,0.17
231,1,4,1,60.0,False,1,0.3333
231,2,1,1,8.0,False,1,0.0333
231,2,2,1,51.0,False,1,0.1417
231,2,3,4,39.0,False,1,0.52
231,3,1,1,57.0,False,1,0.2375
231,3,2,4,25.5,False,1,0.2833
231,3,3,2,53.0,False,1,0.3533
231,4,1,1,74.0,False,1,0.3083
231,4,3,1,44.0,False,1,0.1467
231,5,2,6,22.17,True,1,0.3694
231,5,3,2,44.0,True,1,0.2933
231,6,1,2,21.0,True,1,0.175
231,6,2,1,65.0,True,1,0.1806
231,6,3,1,28.0,True,1,0.0933
231,6,4,1,19.0,True,1,0.1056
232,0,1,4,54.25,False,2,0.4521
232,0,3,3,104.0,False,2,0.52
232,0,4,1,101.0,False,2,0.2806
232,1,3,3,68.33,False,2,0.3417
232,2,0,1,71.0,False,2,0.0986
232,2,1,2,33.5,False,2,0.1396
232,2,3,4,44.75,False,2,0.2983
232,3,1,1,7.0,False,2,0.0146
232,3,2,4,54.25,False,2,0.3014
232,3,3,3,92.67,False,2,0.4633
232,3,4,1,36.0,False,2,0.1
232,4,1,2,62.5,False,2,0.2604
232,4,2,1,75.0,False,2,0.1042
232,4,3,3,48.67,False,2,0.2433
232,4,4,1,64.0,False,2,0.1778
232,5,0,1,5.0,True,2,0.0069
232,5,2,3,53.67,True,2,0.2236
232,5,3,2,41.5,True,2,0.1383
232,6,0,1,34.0,True,2,0.0472
232,6,2,1,102.0,True,2,0.1417
232,6,3,1,8.0,True,2,0.0133
233,0,1,10,19.7,False,1,0.8208
233,0,2,2,21.0,False,1,0.1167
233,0,3,6,16.0,False,1,0.32
233,1,1,2,8.5,False,1,0.0708
233,1,3,4,22.0,False,1,0.2933
233,1,4,2,28.5,False,1,0.3167
233,2,0,1,31.0,False,1,0.0861
233,2,1,5,21.8,False,1,0.4542
233,2,2,2,10.0,False,1,0.0556
233,2,3,5,7.6,False,1,0.1267
233,3,0,1,18.0,False,1,0.05
233,3,1,3,27.0,False,1,0.3375
233,3,2,4,25.25,False,1,0.2806
233,3,3,7,21.57,False,1,0.5033
233,3,4,5,24.8,False,1,0.6889
233,4,1,3,24.33,False,1,0.3042
233,4,2,2,14.0,False,1,0.0778
233,4,3,7,13.0,False,1,0.3033
233,4,4,4,14.0,False,1,0.3111
233,5,0,1,19.0,True,1,0.0528
233,5,1,3,8.33,True,1,0.1042
233,5,2,12,15.5,True,1,0.5167
233,5,3,2,12.5,True,1,0.0833
233,6,1,3,20.0,True,1,0.25
233,6,2,6,11.17,True,1,0.1861
233,6,3,4,22.5,True,1,0.3
233,6,4,1,22.0,True,1,0.1222
234,0,1,2,40.0,False,1,0.3333
234,0,2,1,31.0,False,1,0.0861
234,0,3,3,64.67,False,1,0.6467
234,1,0,2,50.0,False,1,0.2778
234,1,2,1,57.0,False,1,0.1583
234,1,3,2,26.5,False,1,0.1767
234,2,1,2,45.5,False,1,0.3792
234,2,2,2,25.5,False,1,0.1417
234,2,3,3,30.0,False,1,0.3
234,2,4,1,86.0,False,1,0.4778
234,3,3,3,41.0,False,1,0.41
234,4,3,2,67.0,False,1,0.4467
234,5,2,2,41.5,True,1,0.2306
234,6,0,1,3.0,True,1,0.0083
234,6,2,5,58.8,True,1,0.8167
234,6,3,1,51.0,True,1,0.17
235,0,1,3,83.0,False,1,1.0
235,0,2,2,56.0,False,1,0.3111
235,0,3,6,48.17,False,1,0.9633
235,0,4,1,44.0,False,1,0.2444
235,1,1,6,61.0,False,1,1.0
235,1,2,2,71.5,False,1,0.3972
235,1,3,4,46.0,False,1,0.6133
235,2,1,2,40.0,False,1,0.3333
235,2,2,3,66.33,False,1,0.5528
235,2,3,7,71.57,False,1,1.0
235,2,4,1,44.0,False,1,0.2444
235,3,1,3,51.33,False,1,0.6417
235,3,2,2,48.0,False,1,0.2667
235,3,3,4,38.5,False,1,0.5133
235,4,1,3,58.0,False,1,0.725
235,4,2,1,38.0,False,1,0.1056
235,4,3,7,61.86,False,1,1.0
235,5,1,3,41.33,True,1,0.5167
235,5,2,7,68.0,True,1,1.0
235,5,3,1,74.0,True,1,0.2467
235,5,4,2,51.5,True,1,0.5722
235,6,1,1,48.0,True,1,0.2
235,6,2,5,44.6,True,1,0.6194
235,6,3,4,70.25,True,1,0.9367
235,6,4,2,34.0,True,1,0.3778
236,0,0,1,60.0,False,1,0.1667
236,0,1,5,39.0,False,1,0.8125
236,0,2,4,23.5,False,1,0.2611
236,0,3,6,37.67,False,1,0.7533
236,0,4,1,5.0,False,1,0.0278
236,1,1,3,3.67,False,1,0.0458
236,1,2,4,47.25,False,1,0.525
236,1,3,3,16.0,False,1,0.16
236,1,4,1,76.0,False,1,0.4222
236,2,0,1,31.0,False,1,0.0861
236,2,1,6,34.83,False,1,0.8708
236,2,2,3,32.67,False,1,0.2722
236,2,3,3,40.33,False,1,0.4033
236,2,4,1,53.0,False,1,0.2944
236,3,0,1,16.0,False,1,0.0444
236,3,1,3,35.33,False,1,0.4417
236,3,2,2,1.5,False,1,0.0083
236,3,3,4,51.0,False,1,0.68
236,4,1,4,24.75,False,1,0.4125
236,4,2,1,19.0,False,1,0.0528
236,4,3,3,41.33,False,1,0.4133
236,4,4,2,65.5,False,1,0.7278
236,5,2,8,33.38,True,1,0.7417
236,5,3,4,44.0,True,1,0.5867
236,6,0,2,21.5,True,1,0.1194
236,6,1,4,55.0,True,1,0.9167
236,6,2,4,26.75,True,1,0.2972
236,6,3,7,29.71,True,1,0.6933
237,0,1,1,10.0,False,1,0.0417
237,0,2,1,14.0,False,1,0.0389
237,0,3,4,15.5,False,1,0.2067
237,1,0,2,19.0,False,1,0.1056
237,1,1,3,29.67,False,1,0.3708
237,1,2,1,26.0,False,1,0.0722
237,1,3,1,40.0,False,1,0.1333
237,1,4,1,32.0,False,1,0.1778
237,2,0,1,21.0,False,1,0.0583
237,2,3,7,17.14,False,1,0.4
237,2,4,1,15.0,False,1,0.0833
237,3,0,1,5.0,False,1,0.0139
237,3,1,6,19.83,False,1,0.4958
237,3,2,1,18.0,False,1,0.05
237,3,3,4,27.5,False,1,0.3667
237,3,4,1,10.0,False,1,0.0556
237,4,1,1,15.0,False,1,0.0625
237,4,2,2,29.0,False,1,0.1611
237,4,3,3,19.67,False,1,0.1967
237,5,0,1,13.0,True,1,0.0361
237,5,1,1,2.0,True,1,0.0083
237,5,2,5,14.6,True,1,0.2028
237,5,3,3,21.67,True,1,0.2167
237,6,2,5,21.6,True,1,0.3
237,6,3,2,13.5,True,1,0.09
237,6,4,1,15.0,True,1,0.0833
238,0,0,3,19.67,False,1,0.1639
238,0,1,3,17.0,False,1,0.2125
238,0,2,3,10.67,False,1,0.0889
238,0,3,7,20.14,False,1,0.47
238,0,4,1,18.0,False,1,0.1
238,1,0,1,18.0,False,1,0.05
238,1,1,3,8.0,False,1,0.1
238,1,2,3,13.67,False,1,0.1139
238,1,3,9,26.22,False,1,0.7867
238,1,4,2,10.5,False,1,0.1167
238,2,0,1,34.0,False,1,0.0944
238,2,1,4,22.5,False,1,0.375
238,2,2,2,17.0,False,1,0.0944
238,2,3,6,23.17,False,1,0.4633
238,2,4,3,24.0,False,1,0.4
238,3,0,2,11.5,False,1,0.0639
238,3,1,6,19.67,False,1,0.4917
238,3,2,7,17.71,False,1,0.3444
238,3,3,7,21.57,False,1,0.5033
238,3,4,3,20.67,False,1,0.3444
238,4,0,1,3.0,False,1,0.0083
238,4,1,1,5.0,False,1,0.0208
238,4,2,2,26.0,False,1,0.1444
238,4,3,10,19.5,False,1,0.65
238,4,4,2,10.5,False,1,0.1167
238,5,0,2,29.5,True,1,0.1639
238,5,1,2,18.0,True,1,0.15
238,5,2,8,20.62,True,1,0.4583
238,5,3,6,16.0,True,1,0.32
238,6,2,9,19.67,True,1,0.4917
238,6,3,12,19.08,True,1,0.7633
239,0,1,2,30.5,False,1,0.2542
239,0,3,3,23.33,False,1,0.2333
239,0,4,2,15.0,False,1,0.1667
239,1,1,1,25.0,False,1,0.1042
239,1,2,2,14.0,False,1,0.0778
239,1,3,5,24.0,False,1,0.4
239,1,4,1,25.0,False,1,0.1389
239,3,2,1,5.0,False,1,0.0139
239,3,3,2,24.5,False,1,0.1633
239,4,1,1,14.0,False,1,0.0583
239,4,2,1,22.0,False,1,0.0611
239,4,3,1,15.0,False,1,0.05
239,4,4,1,31.0,False,1,0.1722
239,5,1,1,10.0,True,1,0.0417
239,5,2,4,22.25,True,1,0.2472
239,5,3,2,27.5,True,1,0.1833
239,6,1,1,29.0,True,1,0.1208
239,6,2,1,19.0,True,1,0.0528
240,0,1,3,72.0,False,1,0.9
240,0,2,1,43.0,False,1,0.1194
240,0,3,1,28.0,False,1,0.0933
240,1,0,1,55.0,False,1,0.1528
240,1,3,4,51.0,False,1,0.68
240,2,1,4,47.25,False,1,0.7875
240,2,2,1,38.0,False,1,0.1056
240,2,3,2,29.5,False,1,0.1967
240,3,1,3,43.67,False,1,0.5458
240,3,3,4,45.75,False,1,0.61
240,3,4,1,45.0,False,1,0.25
240,4,1,3,50.33,False,1,0.6292
240,4,2,2,78.0,False,1,0.4333
240,4,3,1,53.0,False,1,0.1767
240,5,1,1,1.0,True,1,0.0042
240,5,2,5,79.2,True,1,1.0
240,5,3,5,50.8,True,1,0.8467
240,5,4,1,28.0,True,1,0.1556
240,6,2,9,52.56,True,1,1.0
240,6,3,4,58.5,True,1,0.78
241,0,0,1,27.0,False,1,0.075
241,0,1,6,16.33,False,1,0.4083
241,0,2,2,14.0,False,1,0.0778
241,0,3,5,18.6,False,1,0.31
241,1,1,2,28.0,False,1,0.2333
241,1,2,1,14.0,False,1,0.0389
241,1,3,7,14.57,False,1,0.34
241,1,4,2,16.0,False,1,0.1778
241,2,0,1,38.0,False,1,0.1056
241,2,1,5,20.8,False,1,0.4333
241,2,2,4,16.5,False,1,0.1833
241,2,3,5,19.8,False,1,0.33
241,2,4,1,47.0,False,1,0.2611
241,3,1,4,20.25,False,1,0.3375
241,3,2,3,10.67,False,1,0.0889
241,3,3,7,20.57,False,1,0.48
241,3,4,1,21.0,False,1,0.1167
241,4,1,2,10.5,False,1,0.0875
241,4,2,1,1.0,False,1,0.0028
241,4,3,6,19.83,False,1,0.3967
241,4,4,1,13.0,False,1,0.0722
241,5,1,1,13.0,True,1,0.0542
241,5,2,11,21.0,True,1,0.6417
241,5,3,7,21.71,True,1,0.5067
241,5,4,1,26.0,True,1,0.1444
241,6,0,1,10.0,True,1,0.0278
241,6,1,3,27.33,True,1,0.3417
241,6,2,12,22.83,True,1,0.7611
241,6,3,6,20.33,True,1,0.4067
242,0,1,5,52.8,False,1,1.0
242,0,2,5,23.4,False,1,0.325
242,0,3,6,41.33,False,1,0.8267
242,0,4,3,43.67,False,1,0.7278
242,1,1,5,29.2,False,1,0.6083
242,1,2,2,58.0,False,1,0.3222
242,1,3,9,34.56,False,1,1.0
242,2,0,1,10.0,False,1,0.0278
242,2,1,6,35.17,False,1,0.8792
242,2,2,1,3.0,False,1,0.0083
242,2,3,2,29.5,False,1,0.1967
242,2,4,1,24.0,False,1,0.1333
242,3,0,2,18.5,False,1,0.1028
242,3,1,8,47.75,False,1,1.0
242,3,2,4,44.75,False,1,0.4972
242,3,3,10,29.7,False,1,0.99
242,3,4,1,31.0,False,1,0.1722
242,4,1,5,37.2,False,1,0.775
242,4,2,4,32.75,False,1,0.3639
242,4,3,10,42.0,False,1,1.0
242,4,4,1,41.0,False,1,0.2278
242,5,1,1,43.0,True,1,0.1792
242,5,2,15,44.93,True,1,1.0
242,5,3,3,34.0,True,1,0.34
242,6,0,2,59.5,True,1,0.3306
242,6,1,1,28.0,True,1,0.1167
242,6,2,9,49.78,True,1,1.0
242,6,3,5,38.8,True,1,0.6467
243,0,1,4,7.75,False,1,0.1292
243,0,3,4,8.75,False,1,0.1167
243,1,1,2,9.0,False,1,0.075
243,1,2,1,9.0,False,1,0.025
243,1,3,3,6.67,False,1,0.0667
243,2,1,2,10.0,False,1,0.0833
243,2,2,1,10.0,False,1,0.0278
243,2,3,2,12.0,False,1,0.08
243,2,4,3,10.67,False,1,0.1778
243,3,1,2,5.5,False,1,0.0458
243,3,3,4,10.25,False,1,0.1367
243,3,4,1,3.0,False,1,0.0167
243,4,3,3,11.67,False,1,0.1167
243,5,0,1,5.0,True,1,0.0139
243,5,2,2,8.0,True,1,0.0444
243,5,3,2,5.0,True,1,0.0333
243,6,0,1,7.0,True,1,0.0194
243,6,1,1,6.0,True,1,0.025
243,6,2,4,7.25,True,1,0.0806
243,6,3,2,7.5,True,1,0.05
243,6,4,2,7.5,True,1,0.0833
244,0,0,2,17.0,False,1,0.0944
244,0,1,5,56.2,False,1,1.0
244,0,2,1,39.0,False,1,0.1083
244,0,3,12,42.92,False,1,1.0
244,0,4,4,78.5,False,1,1.0
244,1,0,2,38.0,False,1,0.2111
244,1,1,8,46.25,False,1,1.0
244,1,2,3,37.67,False,1,0.3139
244,1,3,5,9.2,False,1,0.1533
244,1,4,3,22.67,False,1,0.3778
244,2,0,3,55.67,False,1,0.4639
244,2,1,5,31.4,False,1,0.6542
244,2,2,6,43.83,False,1,0.7306
244,2,3,6,45.5,False,1,0.91
244,3,0,1,54.0,False,1,0.15
244,3,1,10,46.9,False,1,1.0
244,3,2,3,59.33,False,1,0.4944
244,3,3,7,44.0,False,1,1.0
244,3,4,3,74.0,False,1,1.0
244,4,1,3,58.0,False,1,0.725
244,4,2,3,61.0,False,1,0.5083
244,4,3,10,38.0,False,1,1.0
244,4,4,1,66.0,False,1,0.3667
244,5,0,3,63.0,True,1,0.525
244,5,1,2,48.0,True,1,0.4
244,5,2,9,59.33,True,1,1.0
244,5,3,6,36.67,True,1,0.7333
244,5,4,1,43.0,True,1,0.2389
244,6,0,1,66.0,True,1,0.1833
244,6,1,3,35.33,True,1,0.4417
244,6,2,9,36.0,True,1,0.9
244,6,3,8,30.5,True,1,0.8133
245,0,0,2,15.5,False,1,0.0861
245,0,1,5,165.8,False,1,1.0
245,0,2,4,125.5,False,1,1.0
245,0,3,9,102.56,False,1,1.0
245,0,4,2,162.0,False,1,1.0
245,1,1,5,43.4,False,1,0.9042
245,1,2,5,120.0,False,1,1.0
245,1,3,7,99.14,False,1,1.0
245,1,4,2,83.0,False,1,0.9222
245,2,0,3,136.67,False,1,1.0
245,2,1,8,152.12,False,1,1.0
245,2,3,5,258.8,False,1,1.0
245,2,4,1,323.0,False,1,1.0
245,3,1,3,91.0,False,1,1.0
245,3,2,3,101.67,False,1,0.8472
245,3,3,3,81.33,False,1,0.8133
245,3,4,4,75.25,False,1,1.0
245,4,1,2,143.5,False,1,1.0
245,4,2,2,50.0,False,1,0.2778
245,4,3,6,139.0,False,1,1.0
245,5,0,1,221.0,True,1,0.6139
245,5,1,1,76.0,True,1,0.3167
245,5,2,11,161.36,True,1,1.0
245,5,3,2,85.5,True,1,0.57
245,5,4,1,4.0,True,1,0.0222
245,6,1,1,441.0,True,1,1.0
245,6,2,4,165.75,True,1,1.0
245,6,3,5,172.2,True,1,1.0
245,6,4,1,2.0,True,1,0.0111
246,0,1,5,11.0,False,1,0.2292
246,0,2,6,6.67,False,1,0.1111
246,0,3,7,11.71,False,1,0.2733
246,0,4,1,5.0,False,1,0.0278
246,1,0,1,8.0,False,1,0.0222
246,1,1,4,7.25,False,1,0.1208
246,1,2,4,9.25,False,1,0.1028
246,1,3,3,13.67,False,1,0.1367
246,1,4,3,6.67,False,1,0.1111
246,2,1,3,10.0,False,1,0.125
246,2,3,5,7.8,False,1,0.13
246,2,4,1,15.0,False,1,0.0833
246,3,1,7,5.86,False,1,0.1708
246,3,2,4,12.5,False,1,0.1389
246,3,3,10,12.5,False,1,0.4167
246,3,4,1,5.0,False,1,0.0278
246,4,0,3,8.67,False,1,0.0722
246,4,1,5,7.8,False,1,0.1625
246,4,3,11,10.18,False,1,0.3733
246,4,4,4,8.25,False,1,0.1833
246,5,1,1,9.0,True,1,0.0375
246,5,2,9,8.11,True,1,0.2028
246,5,3,4,5.25,True,1,0.07
246,5,4,1,8.0,True,1,0.0444
246,6,0,1,4.0,True,1,0.0111
246,6,1,2,7.0,True,1,0.0583
246,6,2,9,9.67,True,1,0.2417
246,6,3,5,8.2,True,1,0.1367
246,6,4,1,9.0,True,1,0.05
247,0,0,1,32.0,False,1,0.0889
247,0,1,4,68.5,False,1,1.0
247,0,2,1,9.0,False,1,0.025
247,0,3,6,42.0,False,1,0.84
247,0,4,2,56.5,False,1,0.6278
247,1,0,1,66.0,False,1,0.1833
247,1,1,2,65.5,False,1,0.5458
247,1,2,2,39.0,False,1,0.2167
247,1,3,7,65.43,False,1,1.0
247,2,1,5,56.2,False,1,1.0
247,2,2,2,57.0,False,1,0.3167
247,2,3,4,52.25,False,1,0.6967
247,2,4,2,54.0,False,1,0.6
247,3,1,4,33.0,False,1,0.55
247,3,2,5,44.8,False,1,0.6222
247,3,3,6,60.17,False,1,1.0
247,3,4,2,50.0,False,1,0.5556
247,4,1,3,45.67,False,1,0.5708
247,4,2,3,60.67,False,1,0.5056
247,4,3,7,45.43,False,1,1.0
247,4,4,3,37.33,False,1,0.6222
247,5,1,2,66.0,True,1,0.55
247,5,2,8,56.75,True,1,1.0
247,5,3,2,35.5,True,1,0.2367
247,6,2,9,44.89,True,1,1.0
247,6,3,1,62.0,True,1,0.2067
248,0,1,2,8.5,False,1,0.0708
248,0,2,2,378.5,False,1,1.0
248,0,3,3,756.0,False,1,1.0
248,1,0,1,587.0,False,1,1.0
248,1,1,3,446.0,False,1,1.0
248,1,2,1,359.0,False,1,0.9972
248,1,3,3,189.33,False,1,1.0
248,1,4,1,620.0,False,1,1.0
248,2,1,1,652.0,False,1,1.0
248,2,3,3,733.67,False,1,1.0
248,3,1,1,751.0,False,1,1.0
248,3,2,1,194.0,False,1,0.5389
248,3,3,1,586.0,False,1,1.0
248,4,1,2,475.5,False,1,1.0
248,4,2,1,579.0,False,1,1.0
248,4,3,3,548.33,False,1,1.0
248,4,4,2,612.5,False,1,1.0
248,5,2,3,739.0,True,1,1.0
248,5,3,3,932.33,True,1,1.0
248,5,4,1,506.0,True,1,1.0
248,6,1,1,1362.0,True,1,1.0
248,6,2,1,747.0,True,1,1.0
248,6,3,1,939.0,True,1,1.0
248,6,4,1,475.0,True,1,1.0
249,0,0,1,15.0,False,1,0.0417
249,0,1,1,25.0,False,1,0.1042
249,0,2,5,25.8,False,1,0.3583
249,0,3,2,19.0,False,1,0.1267
249,0,4,1,21.0,False,1,0.1167
249,1,1,1,23.0,False,1,0.0958
249,1,2,2,10.5,False,1,0.0583
249,1,3,3,24.0,False,1,0.24
249,1,4,3,29.33,False,1,0.4889
249,2,1,1,8.0,False,1,0.0333
249,2,2,2,14.0,False,1,0.0778
249,2,3,3,21.67,False,1,0.2167
249,2,4,1,10.0,False,1,0.0556
249,3,1,1,14.0,False,1,0.0583
249,3,2,4,14.25,False,1,0.1583
249,3,4,1,12.0,False,1,0.0667
249,4,0,2,17.0,False,1,0.0944
249,4,1,3,25.67,False,1,0.3208
249,4,3,3,18.33,False,1,0.1833
249,4,4,1,25.0,False,1,0.1389
249,5,1,2,10.0,True,1,0.0833
249,5,2,3,19.33,True,1,0.1611
249,5,3,2,20.0,True,1,0.1333
249,6,1,2,44.5,True,1,0.3708
249,6,2,5,14.4,True,1,0.2
249,6,3,4,12.0,True,1,0.16
249,6,4,1,17.0,True,1,0.0944
250,0,0,1,83.0,False,1,0.2306
250,0,1,2,40.0,False,1,0.3333
250,0,2,2,36.5,False,1,0.2028
250,0,3,3,50.0,False,1,0.5
250,0,4,1,39.0,False,1,0.2167
250,1,0,1,57.0,False,1,0.1583
250,1,1,4,51.0,False,1,0.85
250,1,3,4,48.5,False,1,0.6467
250,1,4,1,30.0,False,1,0.1667
250,2,0,1,65.0,False,1,0.1806
250,2,1,6,33.33,False,1,0.8333
250,2,2,2,60.5,False,1,0.3361
250,3,1,2,27.5,False,1,0.2292
250,3,2,2,27.0,False,1,0.15
250,3,3,4,53.5,False,1,0.7133
250,4,1,5,55.6,False,1,1.0
250,4,2,1,29.0,False,1,0.0806
250,4,3,5,38.6,False,1,0.6433
250,4,4,2,55.0,False,1,0.6111
250,5,1,2,32.5,True,1,0.2708
250,5,2,3,51.67,True,1,0.4306
250,5,3,4,46.5,True,1,0.62
250,6,0,1,27.0,True,1,0.075
250,6,2,3,35.0,True,1,0.2917
250,6,3,3,40.33,True,1,0.4033
251,0,1,1,226.0,False,1,0.9417
251,0,2,2,53.5,False,1,0.2972
251,0,3,3,172.0,False,1,1.0
251,0,4,2,266.5,False,1,1.0
251,1,0,1,214.0,False,1,0.5944
251,1,1,3,183.0,False,1,1.0
251,1,2,1,198.0,False,1,0.55
251,1,3,5,171.8,False,1,1.0
251,1,4,1,124.0,False,1,0.6889
251,2,1,4,142.0,False,1,1.0
251,2,3,2,171.5,False,1,1.0
251,2,4,1,220.0,False,1,1.0
251,3,0,1,205.0,False,1,0.5694
251,3,2,1,230.0,False,1,0.6389
251,3,3,4,64.5,False,1,0.86
251,4,0,1,150.0,False,1,0.4167
251,4,1,2,7.5,False,1,0.0625
251,4,2,2,232.0,False,1,1.0
251,4,3,3,248.33,False,1,1.0
251,5,0,1,132.0,True,1,0.3667
251,5,2,7,154.86,True,1,1.0
251,5,3,5,234.0,True,1,1.0
251,6,1,2,246.5,True,1,1.0
251,6,2,4,206.0,True,1,1.0
252,0,1,1,24.0,False,1,0.1
252,0,2,2,50.5,False,1,0.2806
252,0,3,3,35.33,False,1,0.3533
252,0,4,1,31.0,False,1,0.1722
252,1,1,1,52.0,False,1,0.2167
252,1,3,3,46.0,False,1,0.46
252,1,4,1,54.0,False,1,0.3
252,2,0,1,38.0,False,1,0.1056
252,2,1,1,121.0,False,1,0.5042
252,2,2,2,42.5,False,1,0.2361
252,2,3,2,44.0,False,1,0.2933
252,2,4,2,65.5,False,1,0.7278
252,3,0,1,32.0,False,1,0.0889
252,3,1,1,56.0,False,1,0.2333
252,3,2,1,63.0,False,1,0.175
252,3,3,3,43.0,False,1,0.43
252,3,4,1,27.0,False,1,0.15
252,4,2,1,51.0,False,1,0.1417
252,4,3,3,33.33,False,1,0.3333
252,4,4,1,27.0,False,1,0.15
252,5,2,3,41.33,True,1,0.3444
252,5,3,2,51.5,True,1,0.3433
252,6,2,5,47.0,True,1,0.6528
252,6,3,2,27.0,True,1,0.18
253,0,1,2,21.0,False,1,0.175
253,0,2,3,25.67,False,1,0.2139
253,0,3,9,18.11,False,1,0.5433
253,0,4,2,32.5,False,1,0.3611
253,1,0,1,14.0,False,1,0.0389
253,1,1,9,24.33,False,1,0.9125
253,1,2,1,20.0,False,1,0.0556
253,1,3,7,18.86,False,1,0.44
253,1,4,2,17.5,False,1,0.1944
253,2,0,2,13.0,False,1,0.0722
253,2,1,4,17.5,False,1,0.2917
253,2,2,3,25.0,False,1,0.2083
253,2,3,9,23.11,False,1,0.6933
253,2,4,1,26.0,False,1,0.1444
253,3,0,1,9.0,False,1,0.025
253,3,1,5,19.6,False,1,0.4083
253,3,2,6,21.67,False,1,0.3611
253,3,3,10,17.8,False,1,0.5933
253,3,4,2,22.0,False,1,0.2444
253,4,0,2,15.5,False,1,0.0861
253,4,1,4,25.5,False,1,0.425
253,4,2,3,17.67,False,1,0.1472
253,4,3,7,17.57,False,1,0.41
253,4,4,2,28.0,False,1,0.3111
253,5,1,2,17.0,True,1,0.1417
253,5,2,11,20.82,True,1,0.6361
253,5,3,7,27.71,True,1,0.6467
253,5,4,2,21.0,True,1,0.2333
253,6,0,1,9.0,True,1,0.025
253,6,2,13,22.08,True,1,0.7972
253,6,3,6,22.33,True,1,0.4467
254,0,1,2,44.0,False,1,0.3667
254,0,2,1,91.0,False,1,0.2528
254,0,3,4,28.5,False,1,0.38
254,0,4,1,25.0,False,1,0.1389
254,1,0,1,45.0,False,1,0.125
254,1,1,2,39.5,False,1,0.3292
254,1,2,1,58.0,False,1,0.1611
254,1,3,5,31.6,False,1,0.5267
254,1,4,1,43.0,False,1,0.2389
254,2,1,1,31.0,False,1,0.1292
254,2,2,2,20.0,False,1,0.1111
254,2,3,3,50.33,False,1,0.5033
254,3,0,1,32.0,False,1,0.0889
254,3,1,3,44.0,False,1,0.55
254,3,2,1,35.0,False,1,0.0972
254,3,3,5,35.2,False,1,0.5867
254,3,4,2,30.5,False,1,0.3389
254,4,1,1,49.0,False,1,0.2042
254,4,2,2,40.0,False,1,0.2222
254,4,3,3,21.67,False,1,0.2167
254,5,1,2,8.5,True,1,0.0708
254,5,2,3,23.67,True,1,0.1972
254,5,3,3,34.0,True,1,0.34
254,5,4,1,10.0,True,1,0.0556
254,6,0,1,25.0,True,1,0.0694
254,6,1,1,27.0,True,1,0.1125
254,6,2,1,8.0,True,1,0.0222
254,6,3,2,42.0,True,1,0.28
254,6,4,2,22.0,True,1,0.2444
255,0,0,1,2.0,False,1,0.0056
255,0,1,1,13.0,False,1,0.0542
255,0,2,3,16.0,False,1,0.1333
255,0,3,10,15.4,False,1,0.5133
255,0,4,3,13.33,False,1,0.2222
255,1,0,2,9.0,False,1,0.05
255,1,1,6,14.83,False,1,0.3708
255,1,2,9,19.44,False,1,0.4861
255,1,3,9,13.44,False,1,0.4033
255,1,4,1,13.0,False,1,0.0722
255,2,1,5,15.6,False,1,0.325
255,2,2,2,8.5,False,1,0.0472
255,2,3,3,13.67,False,1,0.1367
255,2,4,3,12.33,False,1,0.2056
255,3,0,1,10.0,False,1,0.0278
255,3,1,5,11.6,False,1,0.2417
255,3,2,9,14.22,False,1,0.3556
255,3,3,10,13.2,False,1,0.44
255,3,4,2,16.5,False,1,0.1833
255,4,1,2,18.0,False,1,0.15
255,4,2,5,15.0,False,1,0.2083
255,4,3,8,12.62,False,1,0.3367
255,5,0,2,12.5,True,1,0.0694
255,5,1,1,20.0,True,1,0.0833
255,5,2,9,11.22,True,1,0.2806
255,5,3,4,13.75,True,1,0.1833
255,5,4,1,15.0,True,1,0.0833
255,6,1,5,11.4,True,1,0.2375
255,6,2,14,15.57,True,1,0.6056
255,6,3,7,12.0,True,1,0.28
255,6,4,1,21.0,True,1,0.1167
256,0,1,2,29.5,False,1,0.2458
256,0,2,3,29.33,False,1,0.2444
256,0,3,4,43.0,False,1,0.5733
256,0,4,1,81.0,False,1,0.45
256,1,0,1,39.0,False,1,0.1083
256,1,1,2,56.5,False,1,0.4708
256,1,2,3,28.0,False,1,0.2333
256,1,3,2,19.5,False,1,0.13
256,1,4,2,35.5,False,1,0.3944
256,2,1,6,39.5,False,1,0.9875
256,2,2,1,50.0,False,1,0.1389
256,2,3,3,45.67,False,1,0.4567
256,2,4,1,47.0,False,1,0.2611
256,3,1,1,6.0,False,1,0.025
256,3,3,5,21.8,False,1,0.3633
256,3,4,3,30.67,False,1,0.5111
256,4,0,2,39.0,False,1,0.2167
256,4,1,1,46.0,False,1,0.1917
256,4,2,1,66.0,False,1,0.1833
256,4,3,7,32.71,False,1,0.7633
256,4,4,1,55.0,False,1,0.3056
256,5,2,7,44.86,True,1,0.8722
256,5,3,6,30.0,True,1,0.6
256,6,1,1,55.0,True,1,0.2292
256,6,2,5,33.0,True,1,0.4583
256,6,3,2,72.5,True,1,0.4833
257,0,2,2,20.5,False,1,0.1139
257,0,3,3,18.33,False,1,0.1833
257,0,4,1,30.0,False,1,0.1667
257,1,0,1,8.0,False,1,0.0222
257,1,1,1,27.0,False,1,0.1125
257,1,2,1,2.0,False,1,0.0056
257,1,3,3,14.0,False,1,0.14
257,2,0,1,27.0,False,1,0.075
257,2,1,2,12.5,False,1,0.1042
257,2,3,2,8.0,False,1,0.0533
257,2,4,1,21.0,False,1,0.1167
257,3,1,1,8.0,False,1,0.0333
257,3,2,1,10.0,False,1,0.0278
257,3,3,1,55.0,False,1,0.1833
257,4,2,2,22.5,False,1,0.125
257,4,3,1,9.0,False,1,0.03
257,5,2,2,22.0,True,1,0.1222
257,6,2,4,12.0,True,1,0.1333
257,6,3,1,15.0,True,1,0.05
258,0,0,4,19.25,False,1,0.2139
258,0,1,4,34.5,False,1,0.575
258,0,2,2,21.0,False,1,0.1167
258,0,3,9,14.78,False,1,0.4433
258,0,4,1,22.0,False,1,0.1222
258,1,0,1,39.0,False,1,0.1083
258,1,1,2,15.5,False,1,0.1292
258,1,2,3,19.33,False,1,0.1611
258,1,3,10,20.4,False,1,0.68
258,2,1,4,19.5,False,1,0.325
258,2,2,2,22.0,False,1,0.1222
258,2,3,7,13.71,False,1,0.32
258,2,4,1,15.0,False,1,0.0833
258,3,0,1,18.0,False,1,0.05
258,3,1,6,19.17,False,1,0.4792
258,3,2,3,24.67,False,1,0.2056
258,3,3,9,20.78,False,1,0.6233
258,3,4,1,30.0,False,1,0.1667
258,4,1,5,27.2,False,1,0.5667
258,4,2,1,19.0,False,1,0.0528
258,4,3,9,22.44,False,1,0.6733
258,4,4,4,7.5,False,1,0.1667
258,5,0,2,17.5,True,1,0.0972
258,5,1,1,21.0,True,1,0.0875
258,5,2,10,25.1,True,1,0.6972
258,5,3,8,18.5,True,1,0.4933
258,6,1,2,22.5,True,1,0.1875
258,6,2,10,21.9,True,1,0.6083
258,6,3,10,19.0,True,1,0.6333
258,6,4,1,30.0,True,1,0.1667
259,0,0,1,62.0,False,1,0.1722
259,0,1,5,32.2,False,1,0.6708
259,0,3,2,60.0,False,1,0.4
259,0,4,2,42.0,False,1,0.4667
259,1,0,1,75.0,False,1,0.2083
259,1,1,1,5.0,False,1,0.0208
259,1,2,3,38.67,False,1,0.3222
259,1,3,6,37.5,False,1,0.75
259,1,4,1,32.0,False,1,0.1778
259,2,0,2,39.0,False,1,0.2167
259,2,1,6,31.33,False,1,0.7833
259,2,2,2,49.0,False,1,0.2722
259,2,3,4,37.5,False,1,0.5
259,3,1,3,54.0,False,1,0.675
259,3,3,4,47.0,False,1,0.6267
259,3,4,2,40.5,False,1,0.45
259,4,1,1,29.0,False,1,0.1208
259,4,2,2,48.5,False,1,0.2694
259,4,3,7,39.14,False,1,0.9133
259,5,1,1,29.0,True,1,0.1208
259,5,2,4,33.0,True,1,0.3667
259,5,3,3,39.0,True,1,0.39
259,6,2,2,41.0,True,1,0.2278
259,6,3,2,20.0,True,1,0.1333
260,0,0,1,24.0,False,1,0.0667
260,0,1,4,20.75,False,1,0.3458
260,0,2,2,13.5,False,1,0.075
260,0,4,1,12.0,False,1,0.0667
260,1,1,1,34.0,False,1,0.1417
260,1,2,2,28.5,False,1,0.1583
260,1,3,3,19.33,False,1,0.1933
260,1,4,1,26.0,False,1,0.1444
260,2,1,5,26.8,False,1,0.5583
260,2,2,2,9.0,False,1,0.05
260,2,3,3,24.33,False,1,0.2433
260,3,0,1,18.0,False,1,0.05
260,3,1,3,22.33,False,1,0.2792
260,3,2,1,5.0,False,1,0.0139
260,3,3,6,25.33,False,1,0.5067
260,3,4,2,17.5,False,1,0.1944
260,4,1,3,27.33,False,1,0.3417
260,4,2,1,8.0,False,1,0.0222
260,4,3,2,27.5,False,1,0.1833
260,5,1,2,28.0,True,1,0.2333
260,5,2,5,15.6,True,1,0.2167
260,5,3,3,26.0,True,1,0.26
260,6,1,1,23.0,True,1,0.0958
260,6,2,2,18.0,True,1,0.1
260,6,3,2,21.0,True,1,0.14
261,0,1,3,35.67,False,1,0.4458
261,0,2,1,10.0,False,1,0.0278
261,0,3,3,35.0,False,1,0.35
261,0,4,2,59.0,False,1,0.6556
261,1,1,1,30.0,False,1,0.125
261,1,2,1,31.0,False,1,0.0861
261,1,3,4,64.75,False,1,0.8633
261,1,4,2,36.0,False,1,0.4
261,2,1,1,55.0,False,1,0.2292
261,2,3,2,68.0,False,1,0.4533
261,2,4,1,28.0,False,1,0.1556
261,3,1,1,34.0,False,1,0.1417
261,3,2,3,62.67,False,1,0.5222
261,3,3,1,34.0,False,1,0.1133
261,3,4,1,6.0,False,1,0.0333
261,4,1,2,86.0,False,1,0.7167
261,4,2,3,66.0,False,1,0.55
261,4,3,5,39.4,False,1,0.6567
261,4,4,2,37.0,False,1,0.4111
261,5,2,2,31.0,True,1,0.1722
261,5,3,2,31.0,True,1,0.2067
261,6,1,1,3.0,True,1,0.0125
261,6,2,3,35.67,True,1,0.2972
261,6,3,3,36.0,True,1,0.36
262,0,0,1,402.0,False,1,1.0
262,0,1,3,446.33,False,1,1.0
262,0,2,1,396.0,False,1,1.0
262,0,3,3,393.33,False,1,1.0
262,0,4,1,905.0,False,1,1.0
262,1,0,1,1121.0,False,1,1.0
262,1,1,1,475.0,False,1,1.0
262,1,2,3,380.0,False,1,1.0
262,1,3,4,429.5,False,1,1.0
262,2,1,2,223.0,False,1,1.0
262,2,3,3,341.67,False,1,1.0
262,2,4,1,448.0,False,1,1.0
262,3,0,1,612.0,False,1,1.0
262,3,1,2,712.0,False,1,1.0
262,3,3,3,446.67,False,1,1.0
262,3,4,1,199.0,False,1,1.0
262,4,0,1,524.0,False,1,1.0
262,4,2,1,10.0,False,1,0.0278
262,4,3,5,502.4,False,1,1.0
262,4,4,1,520.0,False,1,1.0
262,5,1,1,454.0,True,1,1.0
262,5,2,3,166.0,True,1,1.0
262,5,3,3,454.0,True,1,1.0
262,6,1,1,690.0,True,1,1.0
262,6,2,5,263.2,True,1,1.0
262,6,3,4,279.0,True,1,1.0
263,0,0,1,16.0,False,1,0.0444
263,0,1,1,1.0,False,1,0.0042
263,0,2,3,33.0,False,1,0.275
263,0,3,11,40.18,False,1,1.0
263,0,4,1,29.0,False,1,0.1611
263,1,0,1,17.0,False,1,0.0472
263,1,1,4,28.25,False,1,0.4708
263,1,2,1,51.0,False,1,0.1417
263,1,3,8,41.5,False,1,1.0
263,1,4,2,49.0,False,1,0.5444
263,2,0,1,14.0,False,1,0.0389
263,2,1,8,29.25,False,1,0.975
263,2,2,2,42.5,False,1,0.2361
263,2,3,4,30.0,False,1,0.4
263,2,4,1,75.0,False,1,0.4167
263,3,0,1,19.0,False,1,0.0528
263,3,2,3,38.0,False,1,0.3167
263,3,3,10,39.2,False,1,1.0
263,4,1,2,32.0,False,1,0.2667
263,4,2,4,61.0,False,1,0.6778
263,4,3,6,26.5,False,1,0.53
263,4,4,3,34.0,False,1,0.5667
263,5,2,10,29.7,True,1,0.825
263,5,3,7,51.57,True,1,1.0
263,5,4,2,26.0,True,1,0.2889
263,6,0,1,26.0,True,1,0.0722
263,6,1,1,96.0,True,1,0.4
263,6,2,9,30.22,True,1,0.7556
263,6,3,6,33.0,True,1,0.66
263,6,4,2,40.5,True,1,0.45
264,0,0,3,39.33,False,4,0.0819
264,0,1,1,52.0,False,4,0.0542
264,0,2,1,66.0,False,4,0.0458
264,0,3,10,49.6,False,4,0.4133
264,0,4,1,37.0,False,4,0.0514
264,1,0,1,42.0,False,4,0.0292
264,1,1,2,54.0,False,4,0.1125
264,1,2,2,33.5,False,4,0.0465
264,1,3,8,41.62,False,4,0.2775
264,1,4,1,41.0,False,4,0.0569
264,2,1,2,28.5,False,4,0.0594
264,2,2,2,46.5,False,4,0.0646
264,2,3,6,42.0,False,4,0.21
264,2,4,2,70.5,False,4,0.1958
264,3,1,4,33.0,False,4,0.1375
264,3,2,2,19.5,False,4,0.0271
264,3,3,8,48.62,False,4,0.3242
264,3,4,1,42.0,False,4,0.0583
264,4,0,2,52.5,False,4,0.0729
264,4,1,5,42.6,False,4,0.2219
264,4,2,4,27.0,False,4,0.075
264,4,3,8,45.88,False,4,0.3058
264,4,4,1,29.0,False,4,0.0403
264,5,1,1,31.0,True,4,0.0323
264,5,2,6,35.5,True,4,0.1479
264,5,3,4,34.5,True,4,0.115
264,5,4,1,25.0,True,4,0.0347
264,6,2,9,44.67,True,4,0.2792
264,6,3,2,42.0,True,4,0.07
265,0,0,1,16.0,False,1,0.0444
265,0,1,5,41.4,False,1,0.8625
265,0,3,4,37.0,False,1,0.4933
265,0,4,2,48.0,False,1,0.5333
265,1,1,9,45.56,False,1,1.0
265,1,2,1,23.0,False,1,0.0639
265,1,3,9,35.44,False,1,1.0
265,2,0,1,33.0,False,1,0.0917
265,2,1,3,36.0,False,1,0.45
265,2,3,7,34.86,False,1,0.8133
265,2,4,1,16.0,False,1,0.0889
265,3,0,1,26.0,False,1,0.0722
265,3,1,3,48.67,False,1,0.6083
265,3,2,1,67.0,False,1,0.1861
265,3,3,6,41.0,False,1,0.82
265,4,1,3,27.0,False,1,0.3375
265,4,3,2,25.5,False,1,0.17
265,4,4,1,36.0,False,1,0.2
265,5,0,1,3.0,True,1,0.0083
265,5,2,5,27.8,True,1,0.3861
265,5,3,5,38.2,True,1,0.6367
265,5,4,1,39.0,True,1,0.2167
265,6,0,1,35.0,True,1,0.0972
265,6,2,6,27.0,True,1,0.45
265,6,3,7,41.43,True,1,0.9667
266,0,0,1,28.0,False,1,0.0778
266,0,1,2,27.0,False,1,0.225
266,0,2,2,15.0,False,1,0.0833
266,0,3,6,18.5,False,1,0.37
266,0,4,1,15.0,False,1,0.0833
266,1,0,1,22.0,False,1,0.0611
266,1,1,2,16.0,False,1,0.1333
266,1,2,3,17.0,False,1,0.1417
266,1,3,8,20.12,False,1,0.5367
266,1,4,1,17.0,False,1,0.0944
266,2,1,1,15.0,False,1,0.0625
266,2,2,1,5.0,False,1,0.0139
266,2,3,13,21.0,False,1,0.91
266,2,4,2,4.5,False,1,0.05
266,3,1,3,24.33,False,1,0.3042
266,3,3,13,15.46,False,1,0.67
266,4,1,4,11.75,False,1,0.1958
266,4,2,3,26.33,False,1,0.2194
266,4,3,8,17.62,False,1,0.47
266,5,0,1,15.0,True,1,0.0417
266,5,2,11,21.27,True,1,0.65
266,5,3,3,20.67,True,1,0.2067
266,5,4,1,17.0,True,1,0.0944
266,6,2,10,17.5,True,1,0.4861
266,6,3,7,22.71,True,1,0.53
266,6,4,1,24.0,True,1,0.1333
267,0,0,1,36.0,False,1,0.1
267,0,1,3,20.33,False,1,0.2542
267,0,2,1,43.0,False,1,0.1194
267,0,3,4,14.75,False,1,0.1967
267,1,0,3,18.33,False,1,0.1528
267,1,1,1,5.0,False,1,0.0208
267,1,2,1,19.0,False,1,0.0528
267,1,3,4,28.25,False,1,0.3767
267,2,0,2,6.5,False,1,0.0361
267,2,1,4,15.75,False,1,0.2625
267,2,3,7,24.0,False,1,0.56
267,2,4,5,23.2,False,1,0.6444
267,3,0,2,20.0,False,1,0.1111
267,3,1,7,24.86,False,1,0.725
267,3,2,2,16.5,False,1,0.0917
267,3,3,6,14.5,False,1,0.29
267,3,4,2,16.0,False,1,0.1778
267,4,1,5,18.4,False,1,0.3833
267,4,2,4,11.0,False,1,0.1222
267,4,3,9,20.56,False,1,0.6167
267,4,4,2,17.0,False,1,0.1889
267,5,0,1,19.0,True,1,0.0528
267,5,2,8,14.88,True,1,0.3306
267,5,3,3,21.33,True,1,0.2133
267,5,4,2,11.5,True,1,0.1278
267,6,1,3,17.33,True,1,0.2167
267,6,2,8,21.88,True,1,0.4861
267,6,3,5,26.2,True,1,0.4367
268,0,1,1,50.0,False,1,0.2083
268,0,2,1,76.0,False,1,0.2111
268,0,3,8,52.75,False,1,1.0
268,0,4,3,51.33,False,1,0.8556
268,1,1,3,36.33,False,1,0.4542
268,1,2,3,43.33,False,1,0.3611
268,1,3,4,50.0,False,1,0.6667
268,1,4,3,46.0,False,1,0.7667
268,2,0,3,46.67,False,1,0.3889
268,2,1,2,54.5,False,1,0.4542
268,2,2,3,42.33,False,1,0.3528
268,2,3,3,41.33,False,1,0.4133
268,2,4,4,43.25,False,1,0.9611
268,3,1,5,54.6,False,1,1.0
268,3,2,2,37.5,False,1,0.2083
268,3,3,4,48.25,False,1,0.6433
268,3,4,2,37.0,False,1,0.4111
268,4,0,1,47.0,False,1,0.1306
268,4,1,1,65.0,False,1,0.2708
268,4,2,1,9.0,False,1,0.025
268,4,3,6,51.0,False,1,1.0
268,4,4,3,22.0,False,1,0.3667
268,5,0,1,33.0,True,1,0.0917
268,5,1,3,80.0,True,1,1.0
268,5,2,9,56.22,True,1,1.0
268,5,3,7,46.0,True,1,1.0
268,5,4,1,78.0,True,1,0.4333
268,6,1,4,53.0,True,1,0.8833
268,6,2,11,46.91,True,1,1.0
268,6,3,11,59.27,True,1,1.0
268,6,4,1,48.0,True,1,0.2667
269,0,0,1,775.0,False,1,1.0
269,0,1,2,633.5,False,1,1.0
269,0,3,7,380.71,False,1,1.0
269,1,0,1,5.0,False,1,0.0139
269,1,1,3,472.67,False,1,1.0
269,1,2,4,389.5,False,1,1.0
269,1,3,4,605.75,False,1,1.0
269,1,4,5,420.0,False,1,1.0
269,2,0,2,700.5,False,1,1.0
269,2,1,2,407.5,False,1,1.0
269,2,2,5,505.8,False,1,1.0
269,2,3,5,352.6,False,1,1.0
269,2,4,1,374.0,False,1,1.0
269,3,0,1,4.0,False,1,0.0111
269,3,1,2,217.5,False,1,1.0
269,3,2,1,322.0,False,1,0.8944
269,3,3,9,441.78,False,1,1.0
269,3,4,1,614.0,False,1,1.0
269,4,1,2,249.5,False,1,1.0
269,4,2,1,3.0,False,1,0.0083
269,4,3,7,307.57,False,1,1.0
269,4,4,1,366.0,False,1,1.0
269,5,0,1,302.0,True,1,0.8389
269,5,2,9,523.56,True,1,1.0
269,5,3,3,298.67,True,1,1.0
269,6,1,1,503.0,True,1,1.0
269,6,2,4,489.75,True,1,1.0
269,6,3,4,392.5,True,1,1.0
269,6,4,2,124.0,True,1,1.0
270,0,0,2,68.0,False,1,0.3778
270,0,1,2,14.0,False,1,0.1167
270,0,2,6,47.33,False,1,0.7889
270,0,3,7,40.57,False,1,0.9467
270,0,4,3,59.0,False,1,0.9833
270,1,0,2,45.0,False,1,0.25
270,1,1,6,42.0,False,1,1.0
270,1,2,5,27.8,False,1,0.3861
270,1,3,11,48.73,False,1,1.0
270,1,4,1,45.0,False,1,0.25
270,2,0,2,70.5,False,1,0.3917
270,2,1,5,40.2,False,1,0.8375
270,2,2,6,25.17,False,1,0.4194
270,2,3,7,60.29,False,1,1.0
270,2,4,2,92.0,False,1,1.0
270,3,0,1,70.0,False,1,0.1944
270,3,1,2,46.5,False,1,0.3875
270,3,3,9,39.44,False,1,1.0
270,3,4,1,46.0,False,1,0.2556
270,4,1,1,36.0,False,1,0.15
270,4,2,4,35.75,False,1,0.3972
270,4,3,9,42.89,False,1,1.0
270,4,4,2,54.5,False,1,0.6056
270,5,0,1,53.0,True,1,0.1472
270,5,1,2,31.0,True,1,0.2583
270,5,2,15,57.33,True,1,1.0
270,5,3,6,59.17,True,1,1.0
270,5,4,1,27.0,True,1,0.15
270,6,0,1,6.0,True,1,0.0167
270,6,1,1,38.0,True,1,0.1583
270,6,2,10,67.9,True,1,1.0
270,6,3,3,37.0,True,1,0.37
270,6,4,2,49.0,True,1,0.5444
271,0,0,1,13.0,False,1,0.0361
271,0,1,2,30.5,False,1,0.2542
271,0,2,2,18.5,False,1,0.1028
271,0,3,7,21.57,False,1,0.5033
271,0,4,1,35.0,False,1,0.1944
271,1,1,3,11.67,False,1,0.1458
271,1,2,3,22.67,False,1,0.1889
271,1,3,6,19.5,False,1,0.39
271,1,4,2,35.5,False,1,0.3944
271,2,0,2,36.0,False,1,0.2
271,2,1,5,17.8,False,1,0.3708
271,2,2,4,24.25,False,1,0.2694
271,2,3,6,23.5,False,1,0.47
271,2,4,4,22.0,False,1,0.4889
271,3,0,2,12.5,False,1,0.0694
271,3,1,5,20.0,False,1,0.4167
271,3,2,2,27.0,False,1,0.15
271,3,3,7,24.14,False,1,0.5633
271,3,4,1,11.0,False,1,0.0611
271,4,1,7,21.29,False,1,0.6208
271,4,3,12,22.67,False,1,0.9067
271,4,4,1,20.0,False,1,0.1111
271,5,1,1,16.0,True,1,0.0667
271,5,2,6,23.0,True,1,0.3833
271,5,3,2,26.5,True,1,0.1767
271,5,4,1,22.0,True,1,0.1222
271,6,1,3,19.67,True,1,0.2458
271,6,2,10,19.5,True,1,0.5417
271,6,3,4,12.0,True,1,0.16
271,6,4,1,15.0,True,1,0.0833
272,0,0,1,53.0,False,1,0.1472
272,0,1,5,45.8,False,1,0.9542
272,0,2,3,41.0,False,1,0.3417
272,0,3,7,36.71,False,1,0.8567
272,0,4,3,39.0,False,1,0.65
272,1,0,3,44.67,False,1,0.3722
272,1,1,3,45.0,False,1,0.5625
272,1,3,5,35.0,False,1,0.5833
272,1,4,6,47.83,False,1,1.0
272,2,0,2,35.5,False,1,0.1972
272,2,1,6,44.0,False,1,1.0
272,2,2,1,45.0,False,1,0.125
272,2,3,5,37.6,False,1,0.6267
272,2,4,2,41.5,False,1,0.4611
272,3,1,2,55.0,False,1,0.4583
272,3,2,2,65.5,False,1,0.3639
272,3,3,14,34.07,False,1,1.0
272,4,0,2,27.5,False,1,0.1528
272,4,1,5,45.2,False,1,0.9417
272,4,2,2,44.5,False,1,0.2472
272,4,3,11,37.27,False,1,1.0
272,4,4,2,19.5,False,1,0.2167
272,5,0,1,43.0,True,1,0.1194
272,5,1,2,13.5,True,1,0.1125
272,5,2,5,28.0,True,1,0.3889
272,5,3,4,58.0,True,1,0.7733
272,6,0,1,16.0,True,1,0.0444
272,6,1,1,32.0,True,1,0.1333
272,6,2,6,48.67,True,1,0.8111
272,6,3,5,26.8,True,1,0.4467
272,6,4,1,25.0,True,1,0.1389
273,0,0,4,43.0,False,1,0.4778
273,0,1,4,12.75,False,1,0.2125
273,0,2,2,38.0,False,1,0.2111
273,0,3,5,32.4,False,1,0.54
273,1,1,1,39.0,False,1,0.1625
273,1,2,2,36.0,False,1,0.2
273,1,3,6,25.5,False,1,0.51
273,1,4,4,17.25,False,1,0.3833
273,2,1,3,31.33,False,1,0.3917
273,2,2,3,38.0,False,1,0.3167
273,2,3,9,33.67,False,1,1.0
273,2,4,1,66.0,False,1,0.3667
273,3,0,1,86.0,False,1,0.2389
273,3,1,4,34.0,False,1,0.5667
273,3,2,1,43.0,False,1,0.1194
273,3,3,4,42.5,False,1,0.5667
273,3,4,2,50.5,False,1,0.5611
273,4,0,1,30.0,False,1,0.0833
273,4,1,3,24.0,False,1,0.3
273,4,2,1,23.0,False,1,0.0639
273,4,3,3,45.0,False,1,0.45
273,5,0,1,64.0,True,1,0.1778
273,5,2,11,43.0,True,1,1.0
273,5,3,3,44.0,True,1,0.44
273,5,4,2,44.0,True,1,0.4889
273,6,0,1,26.0,True,1,0.0722
273,6,1,1,3.0,True,1,0.0125
273,6,2,11,41.45,True,1,1.0
273,6,3,2,53.5,True,1,0.3567
274,0,0,1,288.0,False,4,0.2
274,0,1,3,365.67,False,4,1.0
274,0,2,3,453.33,False,4,0.9444
274,0,3,4,355.5,False,4,1.0
274,0,4,2,409.0,False,4,1.0
274,1,1,2,390.5,False,4,0.8135
274,1,2,6,578.5,False,4,1.0
274,1,3,18,363.44,False,4,1.0
274,1,4,2,393.0,False,4,1.0
274,2,0,1,470.0,False,4,0.3264
274,2,1,5,293.4,False,4,1.0
274,2,2,7,347.57,False,4,1.0
274,2,3,9,421.78,False,4,1.0
274,2,4,2,381.5,False,4,1.0
274,3,0,1,374.0,False,4,0.2597
274,3,1,5,446.6,False,4,1.0
274,3,2,3,370.33,False,4,0.7715
274,3,3,6,362.67,False,4,1.0
274,3,4,2,325.0,False,4,0.9028
274,4,1,5,635.2,False,4,1.0
274,4,2,7,404.0,False,4,1.0
274,4,3,5,386.2,False,4,1.0
274,4,4,2,359.0,False,4,0.9972
274,5,0,1,198.0,True,4,0.1375
274,5,1,3,327.67,True,4,1.0
274,5,2,6,439.67,True,4,1.0
274,5,3,12,350.0,True,4,1.0
274,5,4,1,312.0,True,4,0.4333
274,6,0,2,391.5,True,4,0.5438
274,6,1,1,304.0,True,4,0.3167
274,6,2,7,380.43,True,4,1.0
274,6,3,6,340.0,True,4,1.0
275,0,1,1,28.0,False,2,0.0583
275,0,2,3,18.0,False,2,0.075
275,0,3,10,18.4,False,2,0.3067
275,0,4,4,13.75,False,2,0.1528
275,1,0,1,26.0,False,2,0.0361
275,1,1,2,19.5,False,2,0.0812
275,1,2,1,30.0,False,2,0.0417
275,1,3,5,15.2,False,2,0.1267
275,1,4,4,17.75,False,2,0.1972
275,2,1,1,23.0,False,2,0.0479
275,2,2,5,26.2,False,2,0.1819
275,2,3,7,15.14,False,2,0.1767
275,2,4,1,34.0,False,2,0.0944
275,3,0,1,33.0,False,2,0.0458
275,3,1,2,13.0,False,2,0.0542
275,3,2,2,25.0,False,2,0.0694
275,3,3,3,25.67,False,2,0.1283
275,3,4,2,22.5,False,2,0.125
275,4,0,1,5.0,False,2,0.0069
275,4,1,3,32.33,False,2,0.2021
275,4,2,1,12.0,False,2,0.0167
275,4,3,6,15.5,False,2,0.155
275,4,4,2,18.5,False,2,0.1028
275,5,0,1,26.0,True,2,0.0361
275,5,1,1,24.0,True,2,0.05
275,5,2,4,19.25,True,2,0.1069
275,5,3,2,6.0,True,2,0.02
275,6,2,9,24.56,True,2,0.3069
275,6,3,6,18.33,True,2,0.1833
275,6,4,2,27.0,True,2,0.15
276,0,0,1,442.0,False,1,1.0
276,0,1,1,623.0,False,1,1.0
276,0,2,4,324.0,False,1,1.0
276,0,3,3,434.67,False,1,1.0
276,0,4,1,6.0,False,1,0.0333
276,1,0,1,669.0,False,1,1.0
276,1,1,1,520.0,False,1,1.0
276,1,2,1,496.0,False,1,1.0
276,1,3,8,437.62,False,1,1.0
276,2,1,2,450.0,False,1,1.0
276,2,3,1,285.0,False,1,0.95
276,2,4,1,383.0,False,1,1.0
276,3,0,1,408.0,False,1,1.0
276,3,1,6,601.33,False,1,1.0
276,3,2,2,491.5,False,1,1.0
276,3,3,5,418.8,False,1,1.0
276,3,4,1,569.0,False,1,1.0
276,4,1,4,69.0,False,1,1.0
276,4,2,1,286.0,False,1,0.7944
276,4,3,1,419.0,False,1,1.0
276,5,1,1,398.0,True,1,1.0
276,5,2,3,439.33,True,1,1.0
276,5,3,1,246.0,True,1,0.82
276,6,1,2,153.0,True,1,1.0
276,6,2,3,370.33,True,1,1.0
276,6,3,2,309.0,True,1,1.0
277,0,1,1,6.0,False,1,0.025
277,0,3,1,49.0,False,1,0.1633
277,1,1,2,64.0,False,1,0.5333
277,1,3,2,35.5,False,1,0.2367
277,2,1,1,27.0,False,1,0.1125
277,2,2,1,17.0,False,1,0.0472
277,2,3,1,26.0,False,1,0.0867
277,3,1,4,57.75,False,1,0.9625
277,3,2,2,64.0,False,1,0.3556
277,3,3,4,8.25,False,1,0.11
277,3,4,1,49.0,False,1,0.2722
277,4,1,2,37.5,False,1,0.3125
277,4,3,1,9.0,False,1,0.03
277,4,4,3,55.33,False,1,0.9222
277,5,2,1,7.0,True,1,0.0194
277,5,3,2,28.5,True,1,0.19
277,5,4,1,7.0,True,1,0.0389
277,6,1,1,6.0,True,1,0.025
277,6,2,3,19.67,True,1,0.1639
277,6,3,2,32.5,True,1,0.2167
278,0,1,2,10.0,False,1,0.0833
278,0,2,1,10.0,False,1,0.0278
278,0,3,5,8.6,False,1,0.1433
278,1,1,1,17.0,False,1,0.0708
278,1,2,3,7.67,False,1,0.0639
278,1,3,4,11.75,False,1,0.1567
278,2,0,2,11.5,False,1,0.0639
278,2,2,1,10.0,False,1,0.0278
278,2,3,5,11.2,False,1,0.1867
278,2,4,2,14.0,False,1,0.1556
278,3,1,2,10.5,False,1,0.0875
278,3,2,3,15.67,False,1,0.1306
278,3,3,2,8.5,False,1,0.0567
278,4,1,5,10.6,False,1,0.2208
278,4,2,3,9.0,False,1,0.075
278,4,3,5,14.0,False,1,0.2333
278,5,2,6,9.83,True,1,0.1639
278,6,1,2,9.0,True,1,0.075
278,6,2,5,15.4,True,1,0.2139
278,6,3,2,5.0,True,1,0.0333
278,6,4,1,7.0,True,1,0.0389
279,0,0,1,10.0,False,3,0.0093
279,0,1,6,8.67,False,3,0.0722
279,0,2,1,5.0,False,3,0.0046
279,0,3,4,9.25,False,3,0.0411
279,0,4,1,6.0,False,3,0.0111
279,1,1,1,6.0,False,3,0.0083
279,1,2,1,7.0,False,3,0.0065
279,1,3,2,11.5,False,3,0.0256
279,2,0,1,11.0,False,3,0.0102
279,2,1,6,10.17,False,3,0.0847
279,2,2,5,12.2,False,3,0.0565
279,2,3,3,7.0,False,3,0.0233
279,3,0,1,16.0,False,3,0.0148
279,3,1,7,5.57,False,3,0.0542
279,3,2,2,11.5,False,3,0.0213
279,3,3,4,11.75,False,3,0.0522
279,3,4,1,5.0,False,3,0.0093
279,4,0,1,5.0,False,3,0.0046
279,4,1,4,8.75,False,3,0.0486
279,4,2,3,7.0,False,3,0.0194
279,4,3,6,12.83,False,3,0.0856
279,4,4,1,5.0,False,3,0.0093
279,5,1,2,9.5,True,3,0.0264
279,5,2,6,10.0,True,3,0.0556
279,5,3,4,5.0,True,3,0.0222
279,5,4,1,5.0,True,3,0.0093
279,6,0,1,6.0,True,3,0.0056
279,6,1,1,5.0,True,3,0.0069
279,6,2,9,6.89,True,3,0.0574
279,6,3,6,5.83,True,3,0.0389
279,6,4,2,9.0,True,3,0.0333
280,0,1,1,50.0,False,1,0.2083
280,0,2,2,29.0,False,1,0.1611
280,0,3,3,31.67,False,1,0.3167
280,1,1,3,46.67,False,1,0.5833
280,1,2,2,53.5,False,1,0.2972
280,1,3,2,21.0,False,1,0.14
280,1,4,2,29.5,False,1,0.3278
280,2,0,1,80.0,False,1,0.2222
280,2,1,2,73.0,False,1,0.6083
280,2,2,1,1.0,False,1,0.0028
280,2,3,2,58.0,False,1,0.3867
280,2,4,2,42.5,False,1,0.4722
280,3,1,1,31.0,False,1,0.1292
280,3,3,2,47.5,False,1,0.3167
280,3,4,1,10.0,False,1,0.0556
280,4,1,3,46.0,False,1,0.575
280,4,3,5,45.8,False,1,0.7633
280,4,4,1,35.0,False,1,0.1944
280,5,2,2,26.5,True,1,0.1472
280,5,3,2,28.5,True,1,0.19
280,6,0,1,59.0,True,1,0.1639
280,6,1,1,34.0,True,1,0.1417
280,6,2,1,56.0,True,1,0.1556
280,6,3,1,56.0,True,1,0.1867
281,0,0,1,13.0,False,1,0.0361
281,0,1,3,24.0,False,1,0.3
281,0,2,4,13.0,False,1,0.1444
281,0,3,2,12.5,False,1,0.0833
281,1,1,1,22.0,False,1,0.0917
281,1,3,2,17.5,False,1,0.1167
281,2,1,1,5.0,False,1,0.0208
281,2,2,2,29.0,False,1,0.1611
281,2,3,1,6.0,False,1,0.02
281,3,0,3,16.67,False,1,0.1389
281,3,1,3,23.0,False,1,0.2875
281,3,2,1,27.0,False,1,0.075
281,3,3,4,17.5,False,1,0.2333
281,4,0,1,3.0,False,1,0.0083
281,4,1,1,33.0,False,1,0.1375
281,4,3,3,11.67,False,1,0.1167
281,4,4,2,14.0,False,1,0.1556
281,5,1,1,23.0,True,1,0.0958
281,5,2,3,17.33,True,1,0.1444
281,5,3,5,23.6,True,1,0.3933
281,6,1,1,14.0,True,1,0.0583
281,6,2,5,13.4,True,1,0.1861
281,6,3,3,12.67,True,1,0.1267
281,6,4,1,6.0,True,1,0.0333
282,0,0,1,198.0,False,1,0.55
282,0,1,2,469.5,False,1,1.0
282,0,2,4,471.25,False,1,1.0
282,0,3,4,492.75,False,1,1.0
282,1,1,3,483.0,False,1,1.0
282,1,2,3,260.67,False,1,1.0
282,1,3,3,414.0,False,1,1.0
282,1,4,1,238.0,False,1,1.0
282,2,1,3,394.0,False,1,1.0
282,2,2,5,364.8,False,1,1.0
282,2,3,7,326.43,False,1,1.0
282,2,4,3,443.0,False,1,1.0
282,3,0,2,327.0,False,1,1.0
282,3,1,3,273.33,False,1,1.0
282,3,2,1,452.0,False,1,1.0
282,3,3,4,390.75,False,1,1.0
282,3,4,2,325.0,False,1,1.0
282,4,0,1,730.0,False,1,1.0
282,4,1,2,742.0,False,1,1.0
282,4,2,2,415.0,False,1,1.0
282,4,3,7,406.86,False,1,1.0
282,5,0,1,469.0,True,1,1.0
282,5,1,1,692.0,True,1,1.0
282,5,2,11,460.82,True,1,1.0
282,5,3,4,176.25,True,1,1.0
282,5,4,1,445.0,True,1,1.0
282,6,0,1,696.0,True,1,1.0
282,6,1,1,321.0,True,1,1.0
282,6,2,8,434.12,True,1,1.0
282,6,3,7,277.14,True,1,1.0
283,0,1,3,160.67,False,1,1.0
283,0,2,2,293.0,False,1,1.0
283,0,3,3,278.33,False,1,1.0
283,0,4,1,40.0,False,1,0.2222
283,1,1,3,367.33,False,1,1.0
283,1,2,4,651.0,False,1,1.0
283,1,3,6,270.83,False,1,1.0
283,1,4,1,427.0,False,1,1.0
283,2,0,1,385.0,False,1,1.0
283,2,1,7,350.0,False,1,1.0
283,2,2,2,205.0,False,1,1.0
283,2,3,5,451.6,False,1,1.0
283,2,4,1,370.0,False,1,1.0
283,3,1,8,442.12,False,1,1.0
283,3,2,2,677.5,False,1,1.0
283,3,3,5,376.8,False,1,1.0
283,3,4,1,607.0,False,1,1.0
283,4,1,4,414.0,False,1,1.0
283,4,2,2,426.5,False,1,1.0
283,4,3,13,352.46,False,1,1.0
283,4,4,1,430.0,False,1,1.0
283,5,1,1,333.0,True,1,1.0
283,5,2,6,444.83,True,1,1.0
283,5,3,4,401.25,True,1,1.0
283,5,4,2,432.0,True,1,1.0
283,6,1,1,457.0,True,1,1.0
283,6,2,8,263.62,True,1,1.0
283,6,3,7,350.57,True,1,1.0
283,6,4,1,600.0,True,1,1.0
284,0,0,2,12.0,False,1,0.0667
284,0,1,6,7.33,False,1,0.1833
284,0,2,1,20.0,False,1,0.0556
284,0,3,8,9.0,False,1,0.24
284,0,4,1,6.0,False,1,0.0333
284,1,0,2,6.5,False,1,0.0361
284,1,1,3,11.0,False,1,0.1375
284,1,2,2,6.5,False,1,0.0361
284,1,3,6,11.5,False,1,0.23
284,1,4,1,8.0,False,1,0.0444
284,2,0,1,7.0,False,1,0.0194
284,2,1,4,13.5,False,1,0.225
284,2,2,1,5.0,False,1,0.0139
284,2,3,9,10.11,False,1,0.3033
284,2,4,2,11.0,False,1,0.1222
284,3,0,1,5.0,False,1,0.0139
284,3,1,9,10.44,False,1,0.3917
284,3,2,2,3.0,False,1,0.0167
284,3,3,8,12.5,False,1,0.3333
284,3,4,5,8.6,False,1,0.2389
284,4,1,9,8.89,False,1,0.3333
284,4,2,4,7.5,False,1,0.0833
284,4,3,10,8.1,False,1,0.27
284,4,4,4,14.5,False,1,0.3222
284,5,1,3,9.0,True,1,0.1125
284,5,2,9,10.11,True,1,0.2528
284,5,3,2,11.0,True,1,0.0733
284,5,4,1,5.0,True,1,0.0278
284,6,0,1,8.0,True,1,0.0222
284,6,1,1,18.0,True,1,0.075
284,6,2,7,9.86,True,1,0.1917
284,6,3,4,9.0,True,1,0.12
284,6,4,3,4.33,True,1,0.0722
285,0,0,1,23.0,False,1,0.0639
285,0,1,3,6.67,False,1,0.0833
285,0,2,3,11.0,False,1,0.0917
285,0,3,9,8.67,False,1,0.26
285,0,4,6,9.0,False,1,0.3
285,1,1,7,7.86,False,1,0.2292
285,1,2,3,7.67,False,1,0.0639
285,1,3,7,9.0,False,1,0.21
285,1,4,6,13.5,False,1,0.45
285,2,1,2,10.5,False,1,0.0875
285,2,2,2,17.0,False,1,0.0944
285,2,3,7,8.29,False,1,0.1933
285,3,0,2,10.5,False,1,0.0583
285,3,1,6,9.17,False,1,0.2292
285,3,2,2,10.5,False,1,0.0583
285,3,3,6,12.83,False,1,0.2567
285,3,4,3,9.33,False,1,0.1556
285,4,0,1,12.0,False,1,0.0333
285,4,1,6,9.0,False,1,0.225
285,4,2,3,10.67,False,1,0.0889
285,4,3,8,8.88,False,1,0.2367
285,4,4,1,7.0,False,1,0.0389
285,5,1,1,5.0,True,1,0.0208
285,5,2,9,13.22,True,1,0.3306
285,5,3,5,9.0,True,1,0.15
285,5,4,1,8.0,True,1,0.0444
285,6,0,1,14.0,True,1,0.0389
285,6,1,4,11.25,True,1,0.1875
285,6,2,7,7.86,True,1,0.1528
285,6,3,1,11.0,True,1,0.0367
286,0,1,1,10.0,False,1,0.0417
286,0,2,2,39.0,False,1,0.2167
286,0,3,9,27.22,False,1,0.8167
286,0,4,3,13.33,False,1,0.2222
286,1,1,2,19.5,False,1,0.1625
286,1,2,2,27.0,False,1,0.15
286,1,3,9,20.89,False,1,0.6267
286,2,0,1,21.0,False,1,0.0583
286,2,1,3,17.0,False,1,0.2125
286,2,2,5,20.8,False,1,0.2889
286,2,3,5,27.0,False,1,0.45
286,2,4,4,20.75,False,1,0.4611
286,3,0,2,24.0,False,1,0.1333
286,3,1,9,23.33,False,1,0.875
286,3,2,3,19.67,False,1,0.1639
286,3,3,6,26.83,False,1,0.5367
286,4,1,7,19.0,False,1,0.5542
286,4,2,5,11.8,False,1,0.1639
286,4,3,9,21.33,False,1,0.64
286,4,4,5,17.6,False,1,0.4889
286,5,2,8,18.62,True,1,0.4139
286,5,3,6,14.83,True,1,0.2967
286,6,1,2,18.5,True,1,0.1542
286,6,2,6,18.83,True,1,0.3139
286,6,3,9,22.11,True,1,0.6633
286,6,4,2,25.0,True,1,0.2778
287,0,0,3,11.33,False,4,0.0236
287,0,1,5,8.0,False,4,0.0417
287,0,2,3,9.0,False,4,0.0188
287,0,3,5,9.0,False,4,0.0375
287,0,4,2,9.5,False,4,0.0264
287,1,0,1,7.0,False,4,0.0049
287,1,1,1,3.0,False,4,0.0031
287,1,2,4,12.25,False,4,0.034
287,1,3,6,8.5,False,4,0.0425
287,1,4,2,12.5,False,4,0.0347
287,2,0,1,9.0,False,4,0.0062
287,2,1,2,11.0,False,4,0.0229
287,2,2,1,8.0,False,4,0.0056
287,2,3,10,9.3,False,4,0.0775
287,3,1,1,9.0,False,4,0.0094
287,3,2,1,12.0,False,4,0.0083
287,3,3,9,10.56,False,4,0.0792
287,3,4,3,6.67,False,4,0.0278
287,4,1,3,6.0,False,4,0.0188
287,4,2,2,5.5,False,4,0.0076
287,4,3,7,9.57,False,4,0.0558
287,4,4,2,7.0,False,4,0.0194
287,5,1,1,3.0,True,4,0.0031
287,5,2,6,9.67,True,4,0.0403
287,5,3,8,9.25,True,4,0.0617
287,6,1,1,7.0,True,4,0.0073
287,6,2,10,7.6,True,4,0.0528
287,6,3,7,10.14,True,4,0.0592
287,6,4,1,6.0,True,4,0.0083
288,0,1,1,19.0,False,56,0.0014
288,0,3,1,2.0,False,56,0.0001
288,0,4,1,19.0,False,56,0.0019
288,1,0,1,46.0,False,56,0.0023
288,1,1,3,33.67,False,56,0.0075
288,1,2,2,27.0,False,56,0.0027
288,1,4,1,24.0,False,56,0.0024
288,2,1,2,9.0,False,56,0.0013
288,2,2,2,26.5,False,56,0.0026
288,2,3,3,19.0,False,56,0.0034
288,3,0,2,28.5,False,56,0.0028
288,3,1,3,18.0,False,56,0.004
288,3,2,1,18.0,False,56,0.0009
288,3,3,1,38.0,False,56,0.0023
288,4,1,2,14.5,False,56,0.0022
288,4,2,1,15.0,False,56,0.0007
288,4,3,2,14.0,False,56,0.0017
288,5,2,2,15.0,True,56,0.0015
288,5,3,2,10.5,True,56,0.0012
288,6,0,1,23.0,True,56,0.0011
288,6,2,2,22.5,True,56,0.0022
288,6,3,2,21.0,True,56,0.0025
289,0,0,2,27.5,False,1,0.1528
289,0,1,6,18.67,False,1,0.4667
289,0,2,1,48.0,False,1,0.1333
289,0,3,9,45.67,False,1,1.0
289,0,4,1,72.0,False,1,0.4
289,1,1,4,42.0,False,1,0.7
289,1,2,3,33.0,False,1,0.275
289,1,3,4,39.25,False,1,0.5233
289,1,4,1,24.0,False,1,0.1333
289,2,0,2,19.5,False,1,0.1083
289,2,1,1,42.0,False,1,0.175
289,2,2,2,24.0,False,1,0.1333
289,2,3,4,19.5,False,1,0.26
289,2,4,3,18.0,False,1,0.3
289,3,0,2,22.5,False,1,0.125
289,3,1,6,35.5,False,1,0.8875
289,3,2,4,35.25,False,1,0.3917
289,3,3,5,47.0,False,1,0.7833
289,3,4,4,21.5,False,1,0.4778
289,4,0,3,23.33,False,1,0.1944
289,4,1,3,25.33,False,1,0.3167
289,4,2,4,27.75,False,1,0.3083
289,4,3,11,46.27,False,1,1.0
289,4,4,1,5.0,False,1,0.0278
289,5,2,11,31.18,True,1,0.9528
289,5,3,1,44.0,True,1,0.1467
289,5,4,1,65.0,True,1,0.3611
289,6,1,1,5.0,True,1,0.0208
289,6,2,4,37.75,True,1,0.4194
289,6,3,2,25.5,True,1,0.17
289,6,4,1,2.0,True,1,0.0111
290,0,0,1,16.0,False,10,0.0044
290,0,1,3,15.67,False,10,0.0196
290,0,2,2,25.5,False,10,0.0142
290,0,3,6,25.83,False,10,0.0517
290,0,4,6,14.67,False,10,0.0489
290,1,1,5,17.2,False,10,0.0358
290,1,2,4,22.75,False,10,0.0253
290,1,3,9,20.22,False,10,0.0607
290,1,4,3,21.33,False,10,0.0356
290,2,0,1,4.0,False,10,0.0011
290,2,1,5,16.8,False,10,0.035
290,2,2,1,9.0,False,10,0.0025
290,2,3,10,12.3,False,10,0.041
290,2,4,1,13.0,False,10,0.0072
290,3,0,2,22.0,False,10,0.0122
290,3,1,3,32.33,False,10,0.0404
290,3,2,4,19.75,False,10,0.0219
290,3,3,8,26.88,False,10,0.0717
290,3,4,2,19.0,False,10,0.0211
290,4,0,1,22.0,False,10,0.0061
290,4,1,4,22.5,False,10,0.0375
290,4,2,4,16.25,False,10,0.0181
290,4,3,13,24.15,False,10,0.1047
290,4,4,3,19.67,False,10,0.0328
290,5,1,1,9.0,True,10,0.0038
290,5,2,12,16.08,True,10,0.0536
290,5,3,4,23.0,True,10,0.0307
290,5,4,2,21.5,True,10,0.0239
290,6,0,1,17.0,True,10,0.0047
290,6,1,3,18.33,True,10,0.0229
290,6,2,9,19.0,True,10,0.0475
290,6,3,7,12.86,True,10,0.03
291,0,1,2,16.0,False,1,0.1333
291,0,2,2,22.0,False,1,0.1222
291,0,3,3,47.67,False,1,0.4767
291,0,4,1,16.0,False,1,0.0889
291,1,1,2,31.5,False,1,0.2625
291,1,2,1,53.0,False,1,0.1472
291,1,3,3,24.0,False,1,0.24
291,2,1,1,38.0,False,1,0.1583
291,2,2,1,22.0,False,1,0.0611
291,2,3,1,44.0,False,1,0.1467
291,2,4,2,36.5,False,1,0.4056
291,3,1,1,68.0,False,1,0.2833
291,3,2,1,58.0,False,1,0.1611
291,3,3,2,43.5,False,1,0.29
291,4,1,2,32.5,False,1,0.2708
291,4,2,2,41.5,False,1,0.2306
291,4,3,4,33.0,False,1,0.44
291,4,4,1,27.0,False,1,0.15
291,5,1,1,62.0,True,1,0.2583
291,5,2,3,31.67,True,1,0.2639
291,5,3,2,12.0,True,1,0.08
291,5,4,1,64.0,True,1,0.3556
291,6,2,4,54.25,True,1,0.6028
291,6,3,1,5.0,True,1,0.0167
292,0,0,2,31.5,False,1,0.175
292,0,1,5,21.4,False,1,0.4458
292,0,2,5,25.4,False,1,0.3528
292,0,3,7,22.57,False,1,0.5267
292,0,4,2,18.5,False,1,0.2056
292,1,0,2,17.0,False,1,0.0944
292,1,1,3,11.33,False,1,0.1417
292,1,2,4,15.5,False,1,0.1722
292,1,3,5,21.2,False,1,0.3533
292,1,4,3,20.33,False,1,0.3389
292,2,1,5,17.2,False,1,0.3583
292,2,2,2,33.5,False,1,0.1861
292,2,3,6,19.83,False,1,0.3967
292,2,4,1,33.0,False,1,0.1833
292,3,0,2,19.0,False,1,0.1056
292,3,1,9,17.11,False,1,0.6417
292,3,2,4,18.5,False,1,0.2056
292,3,3,11,18.91,False,1,0.6933
292,3,4,1,23.0,False,1,0.1278
292,4,1,5,19.6,False,1,0.4083
292,4,2,2,13.5,False,1,0.075
292,4,3,8,17.75,False,1,0.4733
292,4,4,2,25.0,False,1,0.2778
292,5,2,8,19.12,True,1,0.425
292,5,3,7,18.86,True,1,0.44
292,5,4,2,30.5,True,1,0.3389
292,6,0,2,17.0,True,1,0.0944
292,6,1,3,25.0,True,1,0.3125
292,6,2,10,28.4,True,1,0.7889
292,6,3,9,12.89,True,1,0.3867
293,0,0,1,7.0,False,1,0.0194
293,0,1,5,10.2,False,1,0.2125
293,0,2,3,7.67,False,1,0.0639
293,0,3,8,10.5,False,1,0.28
293,1,0,1,13.0,False,1,0.0361
293,1,1,7,12.0,False,1,0.35
293,1,2,4,11.0,False,1,0.1222
293,1,3,11,9.82,False,1,0.36
293,1,4,2,8.5,False,1,0.0944
293,2,0,1,7.0,False,1,0.0194
293,2,1,3,15.67,False,1,0.1958
293,2,2,2,11.5,False,1,0.0639
293,2,3,8,10.38,False,1,0.2767
293,2,4,1,9.0,False,1,0.05
293,3,1,4,11.5,False,1,0.1917
293,3,2,4,11.0,False,1,0.1222
293,3,3,8,9.88,False,1,0.2633
293,3,4,1,5.0,False,1,0.0278
293,4,0,2,11.0,False,1,0.0611
293,4,1,9,8.44,False,1,0.3167
293,4,2,7,10.86,False,1,0.2111
293,4,3,9,12.78,False,1,0.3833
293,5,0,1,5.0,True,1,0.0139
293,5,1,2,4.5,True,1,0.0375
293,5,2,10,9.3,True,1,0.2583
293,5,3,10,9.9,True,1,0.33
293,5,4,1,12.0,True,1,0.0667
293,6,0,1,5.0,True,1,0.0139
293,6,1,1,5.0,True,1,0.0208
293,6,2,7,8.14,True,1,0.1583
293,6,3,3,10.33,True,1,0.1033
293,6,4,3,11.0,True,1,0.1833
294,0,2,3,7.0,False,1,0.0583
294,0,3,2,8.0,False,1,0.0533
294,0,4,2,9.0,False,1,0.1
294,1,1,3,10.67,False,1,0.1333
294,1,2,2,7.0,False,1,0.0389
294,1,3,5,9.6,False,1,0.16
294,1,4,2,16.0,False,1,0.1778
294,2,0,2,8.0,False,1,0.0444
294,2,1,3,16.67,False,1,0.2083
294,2,2,1,5.0,False,1,0.0139
294,2,3,6,12.5,False,1,0.25
294,2,4,2,9.0,False,1,0.1
294,3,1,3,9.67,False,1,0.1208
294,3,2,2,10.0,False,1,0.0556
294,3,3,1,15.0,False,1,0.05
294,3,4,1,5.0,False,1,0.0278
294,4,0,1,12.0,False,1,0.0333
294,4,1,3,11.67,False,1,0.1458
294,4,2,1,21.0,False,1,0.0583
294,4,3,4,8.75,False,1,0.1167
294,4,4,4,16.5,False,1,0.3667
294,5,1,1,8.0,True,1,0.0333
294,5,2,9,9.89,True,1,0.2472
294,5,3,2,11.5,True,1,0.0767
294,5,4,1,8.0,True,1,0.0444
294,6,1,1,10.0,True,1,0.0417
294,6,2,7,8.43,True,1,0.1639
294,6,3,4,8.5,True,1,0.1133
294,6,4,1,10.0,True,1,0.0556
295,0,0,1,19.0,False,1,0.0528
295,0,1,4,24.0,False,1,0.4
295,0,2,3,21.0,False,1,0.175
295,0,3,9,37.0,False,1,1.0
295,0,4,5,49.0,False,1,1.0
295,1,0,1,44.0,False,1,0.1222
295,1,2,2,21.0,False,1,0.1167
295,1,3,6,39.5,False,1,0.79
295,1,4,2,33.5,False,1,0.3722
295,2,0,1,32.0,False,1,0.0889
295,2,1,1,9.0,False,1,0.0375
295,2,2,3,39.33,False,1,0.3278
295,2,3,6,41.67,False,1,0.8333
295,2,4,2,38.5,False,1,0.4278
295,3,1,4,42.75,False,1,0.7125
295,3,2,2,52.0,False,1,0.2889
295,3,3,7,48.0,False,1,1.0
295,3,4,2,45.0,False,1,0.5
295,4,1,6,33.5,False,1,0.8375
295,4,2,2,42.0,False,1,0.2333
295,4,3,4,50.0,False,1,0.6667
295,4,4,1,1.0,False,1,0.0056
295,5,1,1,10.0,True,1,0.0417
295,5,2,7,45.29,True,1,0.8806
295,5,3,2,33.0,True,1,0.22
295,5,4,4,16.25,True,1,0.3611
295,6,0,1,3.0,True,1,0.0083
295,6,1,1,10.0,True,1,0.0417
295,6,2,3,25.0,True,1,0.2083
295,6,3,4,31.0,True,1,0.4133
296,0,0,1,23.0,False,1,0.0639
296,0,1,3,35.67,False,1,0.4458
296,0,2,2,16.0,False,1,0.0889
296,0,3,11,36.36,False,1,1.0
296,0,4,2,64.5,False,1,0.7167
296,1,1,4,31.0,False,1,0.5167
296,1,2,3,41.67,False,1,0.3472
296,1,3,8,49.88,False,1,1.0
296,1,4,1,50.0,False,1,0.2778
296,2,0,1,71.0,False,1,0.1972
296,2,1,9,33.44,False,1,1.0
296,2,2,3,50.0,False,1,0.4167
296,2,3,10,32.4,False,1,1.0
296,2,4,2,28.5,False,1,0.3167
296,3,1,7,34.43,False,1,1.0
296,3,3,7,28.43,False,1,0.6633
296,3,4,1,55.0,False,1,0.3056
296,4,1,1,4.0,False,1,0.0167
296,4,2,4,29.5,False,1,0.3278
296,4,3,6,22.17,False,1,0.4433
296,5,1,1,71.0,True,1,0.2958
296,5,2,11,42.82,True,1,1.0
296,5,3,6,30.67,True,1,0.6133
296,5,4,2,43.5,True,1,0.4833
296,6,2,7,29.14,True,1,0.5667
296,6,3,4,27.0,True,1,0.36
296,6,4,1,72.0,True,1,0.4
297,0,1,2,9.0,False,1,0.075
297,0,2,4,20.25,False,1,0.225
297,0,3,5,18.2,False,1,0.3033
297,0,4,3,19.67,False,1,0.3278
297,1,1,2,19.5,False,1,0.1625
297,1,2,7,26.43,False,1,0.5139
297,1,3,10,18.8,False,1,0.6267
297,1,4,1,42.0,False,1,0.2333
297,2,1,1,25.0,False,1,0.1042
297,2,2,3,15.67,False,1,0.1306
297,2,3,6,20.17,False,1,0.4033
297,2,4,2,31.0,False,1,0.3444
297,3,0,1,12.0,False,1,0.0333
297,3,1,5,19.4,False,1,0.4042
297,3,2,2,14.5,False,1,0.0806
297,3,3,7,23.86,False,1,0.5567
297,4,1,1,46.0,False,1,0.1917
297,4,2,5,18.0,False,1,0.25
297,4,3,7,20.86,False,1,0.4867
297,4,4,2,22.0,False,1,0.2444
297,5,0,1,15.0,True,1,0.0417
297,5,1,2,21.5,True,1,0.1792
297,5,2,7,22.0,True,1,0.4278
297,5,3,1,21.0,True,1,0.07
297,5,4,1,23.0,True,1,0.1278
297,6,0,1,32.0,True,1,0.0889
297,6,1,3,19.33,True,1,0.2417
297,6,2,2,17.5,True,1,0.0972
297,6,3,3,14.33,True,1,0.1433
298,0,0,2,22.0,False,1,0.1222
298,0,1,1,10.0,False,1,0.0417
298,0,2,1,7.0,False,1,0.0194
298,0,3,2,23.5,False,1,0.1567
298,1,1,1,14.0,False,1,0.0583
298,1,3,2,24.5,False,1,0.1633
298,1,4,2,19.0,False,1,0.2111
298,2,1,1,19.0,False,1,0.0792
298,2,2,4,20.5,False,1,0.2278
298,2,3,2,9.0,False,1,0.06
298,2,4,1,31.0,False,1,0.1722
298,3,0,1,22.0,False,1,0.0611
298,3,2,1,8.0,False,1,0.0222
298,3,3,2,22.0,False,1,0.1467
298,3,4,1,20.0,False,1,0.1111
298,4,0,3,22.0,False,1,0.1833
298,4,1,4,15.5,False,1,0.2583
298,4,3,2,10.5,False,1,0.07
298,4,4,1,22.0,False,1,0.1222
298,5,1,1,28.0,True,1,0.1167
298,5,2,9,23.78,True,1,0.5944
298,5,3,4,27.75,True,1,0.37
298,6,2,5,16.6,True,1,0.2306
298,6,3,2,16.0,True,1,0.1067
299,0,1,7,19.14,False,1,0.5583
299,0,2,4,18.0,False,1,0.2
299,0,3,7,15.57,False,1,0.3633
299,0,4,3,12.0,False,1,0.2
299,1,1,6,11.67,False,1,0.2917
299,1,2,3,19.0,False,1,0.1583
299,1,3,6,11.0,False,1,0.22
299,1,4,3,20.67,False,1,0.3444
299,2,0,2,16.5,False,1,0.0917
299,2,1,5,16.0,False,1,0.3333
299,2,2,4,19.75,False,1,0.2194
299,2,3,6,18.83,False,1,0.3767
299,2,4,1,5.0,False,1,0.0278
299,3,1,7,11.71,False,1,0.3417
299,3,2,7,19.71,False,1,0.3833
299,3,3,5,23.0,False,1,0.3833
299,3,4,4,15.0,False,1,0.3333
299,4,0,1,44.0,False,1,0.1222
299,4,1,6,17.17,False,1,0.4292
299,4,2,8,19.38,False,1,0.4306
299,4,3,9,16.56,False,1,0.4967
299,4,4,3,9.0,False,1,0.15
299,5,0,2,11.0,True,1,0.0611
299,5,1,1,12.0,True,1,0.05
299,5,2,5,16.2,True,1,0.225
299,5,3,6,16.17,True,1,0.3233
299,5,4,3,12.0,True,1,0.2
299,6,0,1,37.0,True,1,0.1028
299,6,1,4,16.0,True,1,0.2667
299,6,2,9,19.56,True,1,0.4889
299,6,3,6,20.5,True,1,0.41
299,6,4,3,14.33,True,1,0.2389
300,0,1,3,5.67,False,3,0.0236
300,0,2,2,6.5,False,3,0.012
300,0,3,3,12.0,False,3,0.04
300,0,4,3,5.33,False,3,0.0296
300,1,1,2,5.0,False,3,0.0139
300,1,2,2,10.5,False,3,0.0194
300,1,3,7,6.29,False,3,0.0489
300,2,1,1,8.0,False,3,0.0111
300,2,2,1,8.0,False,3,0.0074
300,2,3,8,7.38,False,3,0.0656
300,2,4,1,5.0,False,3,0.0093
300,3,1,2,7.5,False,3,0.0208
300,3,2,2,10.0,False,3,0.0185
300,3,3,9,6.89,False,3,0.0689
300,3,4,2,7.5,False,3,0.0278
300,4,1,3,8.0,False,3,0.0333
300,4,3,6,6.33,False,3,0.0422
300,4,4,5,5.8,False,3,0.0537
300,5,0,1,6.0,True,3,0.0056
300,5,2,8,6.75,True,3,0.05
300,5,3,6,8.33,True,3,0.0556
300,5,4,1,7.0,True,3,0.013
300,6,1,2,11.0,True,3,0.0306
300,6,2,4,6.5,True,3,0.0241
300,6,3,4,5.0,True,3,0.0222
300,6,4,1,9.0,True,3,0.0167
301,0,1,2,48.5,False,1,0.4042
301,0,3,5,46.4,False,1,0.7733
301,1,0,1,50.0,False,1,0.1389
301,1,1,2,40.5,False,1,0.3375
301,1,2,1,18.0,False,1,0.05
301,1,3,1,51.0,False,1,0.17
301,1,4,1,29.0,False,1,0.1611
301,2,0,1,46.0,False,1,0.1278
301,2,1,2,39.5,False,1,0.3292
301,2,3,4,44.25,False,1,0.59
301,2,4,1,119.0,False,1,0.6611
301,3,3,6,51.67,False,1,1.0
301,3,4,3,19.67,False,1,0.3278
301,4,0,2,56.0,False,1,0.3111
301,4,1,1,38.0,False,1,0.1583
301,4,3,2,14.0,False,1,0.0933
301,4,4,1,66.0,False,1,0.3667
301,5,1,1,48.0,True,1,0.2
301,5,2,4,38.0,True,1,0.4222
301,5,3,4,38.0,True,1,0.5067
301,5,4,1,81.0,True,1,0.45
301,6,2,5,39.4,True,1,0.5472
301,6,3,2,33.0,True,1,0.22
301,6,4,1,48.0,True,1,0.2667
302,0,0,1,65.0,False,1,0.1806
302,0,1,3,44.33,False,1,0.5542
302,0,2,1,64.0,False,1,0.1778
302,0,3,3,56.0,False,1,0.56
302,1,1,1,79.0,False,1,0.3292
302,1,2,1,45.0,False,1,0.125
302,1,3,3,81.0,False,1,0.81
302,1,4,3,23.33,False,1,0.3889
302,2,1,2,37.5,False,1,0.3125
302,2,3,2,58.0,False,1,0.3867
302,2,4,1,45.0,False,1,0.25
302,3,1,1,36.0,False,1,0.15
302,3,2,1,33.0,False,1,0.0917
302,3,3,2,25.0,False,1,0.1667
302,4,2,1,102.0,False,1,0.2833
302,4,3,4,34.5,False,1,0.46
302,4,4,1,57.0,False,1,0.3167
302,5,0,1,24.0,True,1,0.0667
302,5,1,1,69.0,True,1,0.2875
302,5,2,2,64.5,True,1,0.3583
302,5,3,2,70.0,True,1,0.4667
302,5,4,1,33.0,True,1,0.1833
302,6,2,2,60.0,True,1,0.3333
302,6,3,3,58.67,True,1,0.5867
303,0,0,3,22.67,False,2,0.0944
303,0,1,6,24.0,False,2,0.3
303,0,2,1,21.0,False,2,0.0292
303,0,3,5,22.4,False,2,0.1867
303,0,4,1,26.0,False,2,0.0722
303,1,0,2,16.5,False,2,0.0458
303,1,1,1,20.0,False,2,0.0417
303,1,2,3,22.67,False,2,0.0944
303,1,3,6,18.0,False,2,0.18
303,1,4,1,38.0,False,2,0.1056
303,2,1,3,11.33,False,2,0.0708
303,2,2,1,38.0,False,2,0.0528
303,2,3,2,29.5,False,2,0.0983
303,2,4,3,20.67,False,2,0.1722
303,3,1,4,20.75,False,2,0.1729
303,3,2,2,16.0,False,2,0.0444
303,3,3,1,27.0,False,2,0.045
303,3,4,1,21.0,False,2,0.0583
303,4,0,1,12.0,False,2,0.0167
303,4,1,1,22.0,False,2,0.0458
303,4,2,5,17.4,False,2,0.1208
303,4,3,9,21.56,False,2,0.3233
303,4,4,1,22.0,False,2,0.0611
303,5,0,1,10.0,True,2,0.0139
303,5,1,1,24.0,True,2,0.05
303,5,2,5,22.0,True,2,0.1528
303,5,3,4,19.25,True,2,0.1283
303,5,4,1,21.0,True,2,0.0583
303,6,0,1,32.0,True,2,0.0444
303,6,1,2,25.0,True,2,0.1042
303,6,2,6,19.5,True,2,0.1625
303,6,3,4,21.0,True,2,0.14
303,6,4,2,23.0,True,2,0.1278
304,0,1,1,315.0,False,3,0.4375
304,0,2,1,273.0,False,3,0.2528
304,0,3,2,227.0,False,3,0.5044
304,0,4,1,75.0,False,3,0.1389
304,1,1,2,202.0,False,3,0.5611
304,1,2,1,257.0,False,3,0.238
304,1,3,6,187.67,False,3,1.0
304,1,4,2,178.5,False,3,0.6611
304,2,1,1,301.0,False,3,0.4181
304,2,2,2,199.5,False,3,0.3694
304,2,3,3,161.0,False,3,0.5367
304,2,4,1,184.0,False,3,0.3407
304,3,1,4,212.0,False,3,1.0
304,3,2,4,160.5,False,3,0.5944
304,3,3,2,229.5,False,3,0.51
304,3,4,2,156.5,False,3,0.5796
304,4,1,2,58.5,False,3,0.1625
304,4,3,6,184.33,False,3,1.0
304,4,4,3,188.33,False,3,1.0
304,5,0,4,196.0,True,3,0.7259
304,5,2,5,176.0,True,3,0.8148
304,5,3,4,124.75,True,3,0.5544
304,5,4,1,103.0,True,3,0.1907
304,6,0,1,204.0,True,3,0.1889
304,6,2,8,150.0,True,3,1.0
304,6,3,5,127.8,True,3,0.71
304,6,4,2,196.5,True,3,0.7278
305,0,1,4,10.75,False,1,0.1792
305,0,2,1,17.0,False,1,0.0472
305,0,3,6,13.67,False,1,0.2733
305,1,1,3,6.0,False,1,0.075
305,1,2,3,8.67,False,1,0.0722
305,1,3,6,10.5,False,1,0.21
305,1,4,1,8.0,False,1,0.0444
305,2,1,2,9.0,False,1,0.075
305,2,2,2,7.5,False,1,0.0417
305,2,3,2,9.5,False,1,0.0633
305,2,4,3,14.33,False,1,0.2389
305,3,1,3,8.67,False,1,0.1083
305,3,2,2,12.0,False,1,0.0667
305,3,3,4,6.75,False,1,0.09
305,3,4,2,14.5,False,1,0.1611
305,4,1,1,11.0,False,1,0.0458
305,4,2,5,9.4,False,1,0.1306
305,4,3,3,3.33,False,1,0.0333
305,4,4,3,9.33,False,1,0.1556
305,5,0,1,7.0,True,1,0.0194
305,5,2,5,9.2,True,1,0.1278
305,5,3,2,13.5,True,1,0.09
305,6,2,3,16.0,True,1,0.1333
305,6,3,3,12.0,True,1,0.12
305,6,4,1,13.0,True,1,0.0722
306,0,1,2,9.0,False,1,0.075
306,0,3,4,10.0,False,1,0.1333
306,0,4,3,9.67,False,1,0.1611
306,1,1,4,6.5,False,1,0.1083
306,1,2,3,10.0,False,1,0.0833
306,1,3,3,6.67,False,1,0.0667
306,2,0,1,11.0,False,1,0.0306
306,2,1,1,19.0,False,1,0.0792
306,2,2,1,7.0,False,1,0.0194
306,2,3,2,7.0,False,1,0.0467
306,3,1,5,10.4,False,1,0.2167
306,3,2,1,6.0,False,1,0.0167
306,3,3,4,11.0,False,1,0.1467
306,4,1,3,10.33,False,1,0.1292
306,4,3,4,10.25,False,1,0.1367
306,4,4,1,9.0,False,1,0.05
306,5,0,1,5.0,True,1,0.0139
306,5,2,4,9.0,True,1,0.1
306,5,3,3,8.33,True,1,0.0833
306,6,2,6,8.67,True,1,0.1444
306,6,3,5,7.0,True,1,0.1167
307,0,1,3,44.67,False,1,0.5583
307,0,2,2,64.0,False,1,0.3556
307,0,3,3,47.0,False,1,0.47
307,0,4,2,51.0,False,1,0.5667
307,1,0,1,57.0,False,1,0.1583
307,1,1,3,39.0,False,1,0.4875
307,1,2,3,41.67,False,1,0.3472
307,1,3,9,55.44,False,1,1.0
307,1,4,2,53.0,False,1,0.5889
307,2,1,3,43.67,False,1,0.5458
307,2,2,2,7.0,False,1,0.0389
307,2,3,8,55.88,False,1,1.0
307,2,4,1,51.0,False,1,0.2833
307,3,0,1,23.0,False,1,0.0639
307,3,1,6,63.17,False,1,1.0
307,3,2,1,37.0,False,1,0.1028
307,3,3,3,42.0,False,1,0.42
307,4,0,1,66.0,False,1,0.1833
307,4,1,3,74.33,False,1,0.9292
307,4,2,1,58.0,False,1,0.1611
307,4,3,4,40.25,False,1,0.5367
307,4,4,1,97.0,False,1,0.5389
307,5,0,2,25.5,True,1,0.1417
307,5,1,1,42.0,True,1,0.175
307,5,2,4,45.25,True,1,0.5028
307,5,3,6,38.0,True,1,0.76
307,5,4,1,37.0,True,1,0.2056
307,6,0,2,15.0,True,1,0.0833
307,6,1,1,96.0,True,1,0.4
307,6,2,13,57.23,True,1,1.0
307,6,3,6,44.0,True,1,0.88
307,6,4,1,75.0,True,1,0.4167
308,0,0,1,39.0,False,2,0.0542
308,0,1,9,48.33,False,2,0.9062
308,0,2,3,56.67,False,2,0.2361
308,0,3,8,45.25,False,2,0.6033
308,0,4,1,33.0,False,2,0.0917
308,1,1,6,43.33,False,2,0.5417
308,1,2,2,48.0,False,2,0.1333
308,1,3,6,46.0,False,2,0.46
308,1,4,2,41.0,False,2,0.2278
308,2,1,4,47.25,False,2,0.3938
308,2,2,2,53.5,False,2,0.1486
308,2,3,7,66.57,False,2,0.7767
308,2,4,2,48.0,False,2,0.2667
308,3,0,1,38.0,False,2,0.0528
308,3,1,6,46.17,False,2,0.5771
308,3,2,6,44.33,False,2,0.3694
308,3,3,10,44.7,False,2,0.745
308,3,4,2,28.0,False,2,0.1556
308,4,0,1,31.0,False,2,0.0431
308,4,1,5,34.2,False,2,0.3562
308,4,2,4,46.25,False,2,0.2569
308,4,3,11,41.73,False,2,0.765
308,4,4,3,51.0,False,2,0.425
308,5,0,1,42.0,True,2,0.0583
308,5,1,2,39.0,True,2,0.1625
308,5,2,10,42.4,True,2,0.5889
308,5,3,7,34.0,True,2,0.3967
308,5,4,1,17.0,True,2,0.0472
308,6,0,2,37.0,True,2,0.1028
308,6,2,10,46.2,True,2,0.6417
308,6,3,8,40.62,True,2,0.5417
308,6,4,2,31.5,True,2,0.175
309,0,0,1,3.0,False,1,0.0083
309,0,1,6,45.83,False,1,1.0
309,0,2,2,36.5,False,1,0.2028
309,0,3,4,49.75,False,1,0.6633
309,0,4,1,49.0,False,1,0.2722
309,1,1,7,41.71,False,1,1.0
309,1,2,2,21.0,False,1,0.1167
309,1,3,3,12.33,False,1,0.1233
309,1,4,2,32.5,False,1,0.3611
309,2,0,1,23.0,False,1,0.0639
309,2,1,3,34.33,False,1,0.4292
309,2,3,1,38.0,False,1,0.1267
309,3,0,2,31.5,False,1,0.175
309,3,1,4,37.0,False,1,0.6167
309,3,3,5,36.6,False,1,0.61
309,3,4,1,37.0,False,1,0.2056
309,4,1,8,43.0,False,1,1.0
309,4,2,3,34.67,False,1,0.2889
309,4,3,12,40.25,False,1,1.0
309,4,4,1,12.0,False,1,0.0667
309,5,0,1,72.0,True,1,0.2
309,5,1,2,37.5,True,1,0.3125
309,5,2,8,38.62,True,1,0.8583
309,5,3,3,62.67,True,1,0.6267
309,6,0,2,40.0,True,1,0.2222
309,6,2,8,46.88,True,1,1.0
309,6,3,3,51.33,True,1,0.5133
310,0,1,2,6.0,False,5,0.01
310,0,3,3,10.0,False,5,0.02
310,0,4,2,12.0,False,5,0.0267
310,1,0,1,14.0,False,5,0.0078
310,1,1,2,15.5,False,5,0.0258
310,1,2,1,9.0,False,5,0.005
310,2,1,2,8.0,False,5,0.0133
310,2,2,2,14.5,False,5,0.0161
310,2,3,3,10.33,False,5,0.0207
310,2,4,2,9.5,False,5,0.0211
310,3,1,6,13.5,False,5,0.0675
310,3,2,1,11.0,False,5,0.0061
310,3,3,2,8.0,False,5,0.0107
310,4,1,3,7.0,False,5,0.0175
310,4,3,3,12.67,False,5,0.0253
310,4,4,1,9.0,False,5,0.01
310,5,0,1,5.0,True,5,0.0028
310,5,1,1,1.0,True,5,0.0008
310,5,2,1,23.0,True,5,0.0128
310,5,3,1,15.0,True,5,0.01
310,6,0,1,8.0,True,5,0.0044
310,6,2,3,9.0,True,5,0.015
310,6,3,1,10.0,True,5,0.0067
310,6,4,1,5.0,True,5,0.0056
311,0,1,4,18.5,False,2,0.1542
311,0,2,2,19.0,False,2,0.0528
311,0,3,10,17.6,False,2,0.2933
311,0,4,3,25.67,False,2,0.2139
311,1,0,1,20.0,False,2,0.0278
311,1,1,9,25.78,False,2,0.4833
311,1,2,3,30.0,False,2,0.125
311,1,3,8,33.75,False,2,0.45
311,1,4,2,26.5,False,2,0.1472
311,2,0,2,35.0,False,2,0.0972
311,2,1,7,19.14,False,2,0.2792
311,2,2,1,9.0,False,2,0.0125
311,2,3,9,20.44,False,2,0.3067
311,2,4,7,20.71,False,2,0.4028
311,3,1,9,20.67,False,2,0.3875
311,3,2,2,22.5,False,2,0.0625
311,3,3,9,29.33,False,2,0.44
311,3,4,2,19.0,False,2,0.1056
311,4,1,3,20.33,False,2,0.1271
311,4,2,5,18.4,False,2,0.1278
311,4,3,7,23.29,False,2,0.2717
311,4,4,2,25.5,False,2,0.1417
311,5,1,2,22.0,True,2,0.0917
311,5,2,6,19.17,True,2,0.1597
311,5,3,4,17.75,True,2,0.1183
311,5,4,2,26.5,True,2,0.1472
311,6,0,1,14.0,True,2,0.0194
311,6,1,1,24.0,True,2,0.05
311,6,2,10,18.5,True,2,0.2569
311,6,3,2,23.0,True,2,0.0767
311,6,4,4,22.25,True,2,0.2472
312,0,0,1,34.0,False,1,0.0944
312,0,1,2,35.5,False,1,0.2958
312,0,2,3,27.67,False,1,0.2306
312,0,3,8,41.12,False,1,1.0
312,1,0,2,17.5,False,1,0.0972
312,1,1,2,25.5,False,1,0.2125
312,1,2,3,23.0,False,1,0.1917
312,1,3,1,14.0,False,1,0.0467
312,1,4,2,47.5,False,1,0.5278
312,2,0,1,40.0,False,1,0.1111
312,2,1,9,37.78,False,1,1.0
312,2,2,1,45.0,False,1,0.125
312,2,3,2,52.0,False,1,0.3467
312,2,4,1,15.0,False,1,0.0833
312,3,0,1,5.0,False,1,0.0139
312,3,1,3,41.0,False,1,0.5125
312,3,2,1,61.0,False,1,0.1694
312,3,3,6,21.83,False,1,0.4367
312,3,4,1,5.0,False,1,0.0278
312,4,0,2,47.0,False,1,0.2611
312,4,1,1,2.0,False,1,0.0083
312,4,2,3,52.67,False,1,0.4389
312,4,3,8,37.62,False,1,1.0
312,4,4,1,32.0,False,1,0.1778
312,5,0,1,68.0,True,1,0.1889
312,5,1,1,5.0,True,1,0.0208
312,5,2,12,36.75,True,1,1.0
312,5,3,8,29.88,True,1,0.7967
312,5,4,2,58.0,True,1,0.6444
312,6,0,1,68.0,True,1,0.1889
312,6,2,6,48.83,True,1,0.8139
312,6,3,4,46.75,True,1,0.6233
312,6,4,2,20.5,True,1,0.2278
313,0,0,1,97.0,False,4,0.0674
313,0,1,3,44.33,False,4,0.1385
313,0,2,1,26.0,False,4,0.0181
313,0,3,4,45.75,False,4,0.1525
313,1,2,1,17.0,False,4,0.0118
313,1,3,2,26.5,False,4,0.0442
313,2,1,2,40.0,False,4,0.0833
313,2,2,2,24.0,False,4,0.0333
313,2,3,6,23.17,False,4,0.1158
313,2,4,1,38.0,False,4,0.0528
313,3,1,1,36.0,False,4,0.0375
313,3,3,3,50.67,False,4,0.1267
313,4,1,2,33.5,False,4,0.0698
313,4,2,1,29.0,False,4,0.0201
313,4,3,1,54.0,False,4,0.045
313,5,2,3,44.67,True,4,0.0931
313,5,3,1,42.0,True,4,0.035
313,6,0,1,33.0,True,4,0.0229
313,6,2,1,77.0,True,4,0.0535
314,0,2,1,62.0,False,1,0.1722
314,0,3,5,56.4,False,1,0.94
314,0,4,2,45.5,False,1,0.5056
314,1,1,5,37.8,False,1,0.7875
314,1,2,3,39.67,False,1,0.3306
314,1,3,3,49.33,False,1,0.4933
314,1,4,2,31.5,False,1,0.35
314,2,1,1,94.0,False,1,0.3917
314,2,2,1,21.0,False,1,0.0583
314,2,3,2,60.0,False,1,0.4
314,3,1,6,32.5,False,1,0.8125
314,3,2,1,49.0,False,1,0.1361
314,3,3,6,33.17,False,1,0.6633
314,3,4,1,45.0,False,1,0.25
314,4,1,3,66.33,False,1,0.8292
314,4,2,2,84.5,False,1,0.4694
314,4,3,3,50.67,False,1,0.5067
314,5,0,1,2.0,True,1,0.0056
314,5,1,2,27.0,True,1,0.225
314,5,2,2,59.5,True,1,0.3306
314,5,4,2,26.5,True,1,0.2944
314,6,2,2,47.5,True,1,0.2639
314,6,3,6,50.0,True,1,1.0
314,6,4,2,17.5,True,1,0.1944
315,0,0,2,57.5,False,2,0.1597
315,0,1,2,44.5,False,2,0.1854
315,0,2,3,45.0,False,2,0.1875
315,0,3,6,36.0,False,2,0.36
315,1,1,2,50.5,False,2,0.2104
315,1,2,4,51.75,False,2,0.2875
315,1,3,10,47.2,False,2,0.7867
315,1,4,1,61.0,False,2,0.1694
315,2,1,4,46.5,False,2,0.3875
315,2,2,4,49.0,False,2,0.2722
315,2,3,7,43.86,False,2,0.5117
315,2,4,2,71.5,False,2,0.3972
315,3,0,1,35.0,False,2,0.0486
315,3,1,3,18.67,False,2,0.1167
315,3,2,3,57.0,False,2,0.2375
315,3,3,10,46.7,False,2,0.7783
315,3,4,2,63.0,False,2,0.35
315,4,0,1,22.0,False,2,0.0306
315,4,1,5,46.2,False,2,0.4812
315,4,2,1,74.0,False,2,0.1028
315,4,3,5,47.4,False,2,0.395
315,4,4,2,29.5,False,2,0.1639
315,5,0,1,28.0,True,2,0.0389
315,5,1,2,31.0,True,2,0.1292
315,5,2,5,39.8,True,2,0.2764
315,5,3,7,54.0,True,2,0.63
315,6,0,1,34.0,True,2,0.0472
315,6,1,1,76.0,True,2,0.1583
315,6,2,10,50.2,True,2,0.6972
315,6,3,4,39.0,True,2,0.26
315,6,4,1,56.0,True,2,0.1556
316,0,0,2,8.5,False,1,0.0472
316,0,1,4,52.75,False,1,0.8792
316,0,2,3,58.33,False,1,0.4861
316,0,3,7,39.29,False,1,0.9167
316,0,4,1,32.0,False,1,0.1778
316,1,1,4,52.75,False,1,0.8792
316,1,2,1,44.0,False,1,0.1222
316,1,3,8,35.25,False,1,0.94
316,1,4,5,52.0,False,1,1.0
316,2,1,7,55.0,False,1,1.0
316,2,2,3,59.33,False,1,0.4944
316,2,3,5,24.0,False,1,0.4
316,2,4,1,68.0,False,1,0.3778
316,3,1,6,31.0,False,1,0.775
316,3,2,3,43.33,False,1,0.3611
316,3,3,4,58.0,False,1,0.7733
316,3,4,2,67.0,False,1,0.7444
316,4,1,3,60.33,False,1,0.7542
316,4,2,2,19.0,False,1,0.1056
316,4,3,6,58.83,False,1,1.0
316,4,4,1,5.0,False,1,0.0278
316,5,1,4,40.5,True,1,0.675
316,5,2,7,45.57,True,1,0.8861
316,5,3,7,44.0,True,1,1.0
316,5,4,1,30.0,True,1,0.1667
316,6,0,2,8.5,True,1,0.0472
316,6,1,2,31.0,True,1,0.2583
316,6,2,8,65.75,True,1,1.0
316,6,3,5,52.0,True,1,0.8667
316,6,4,2,28.0,True,1,0.3111
317,0,0,2,147.0,False,1,0.8167
317,0,1,5,64.6,False,1,1.0
317,0,2,2,91.0,False,1,0.5056
317,0,3,5,60.8,False,1,1.0
317,0,4,1,105.0,False,1,0.5833
317,1,0,2,116.5,False,1,0.6472
317,1,1,3,38.67,False,1,0.4833
317,1,2,3,64.67,False,1,0.5389
317,1,3,3,59.0,False,1,0.59
317,1,4,2,64.0,False,1,0.7111
317,2,0,1,77.0,False,1,0.2139
317,2,1,1,112.0,False,1,0.4667
317,2,3,6,74.83,False,1,1.0
317,2,4,1,153.0,False,1,0.85
317,3,0,1,137.0,False,1,0.3806
317,3,1,3,55.0,False,1,0.6875
317,3,2,4,70.75,False,1,0.7861
317,3,3,3,106.0,False,1,1.0
317,3,4,1,46.0,False,1,0.2556
317,4,1,2,17.0,False,1,0.1417
317,4,2,1,93.0,False,1,0.2583
317,4,3,3,111.67,False,1,1.0
317,4,4,1,126.0,False,1,0.7
317,5,1,1,110.0,True,1,0.4583
317,5,2,5,74.6,True,1,1.0
317,5,3,5,45.8,True,1,0.7633
317,5,4,4,89.25,True,1,1.0
317,6,1,1,128.0,True,1,0.5333
317,6,2,3,77.67,True,1,0.6472
317,6,3,1,89.0,True,1,0.2967
317,6,4,1,99.0,True,1,0.55
318,0,0,1,154.0,False,1,0.4278
318,0,2,1,350.0,False,1,0.9722
318,0,3,5,459.4,False,1,1.0
318,0,4,1,448.0,False,1,1.0
318,1,3,8,335.62,False,1,1.0
318,1,4,1,401.0,False,1,1.0
318,2,3,4,516.5,False,1,1.0
318,2,4,2,240.0,False,1,1.0
318,3,0,1,6.0,False,1,0.0167
318,3,1,4,193.0,False,1,1.0
318,3,3,2,432.5,False,1,1.0
318,4,1,2,140.0,False,1,1.0
318,4,2,1,348.0,False,1,0.9667
318,4,4,1,370.0,False,1,1.0
318,5,2,2,381.5,True,1,1.0
318,5,3,3,614.33,True,1,1.0
318,6,0,1,292.0,True,1,0.8111
318,6,2,2,165.5,True,1,0.9194
318,6,3,1,569.0,True,1,1.0
319,0,0,1,354.0,False,1,0.9833
319,0,1,4,460.5,False,1,1.0
319,0,2,3,445.0,False,1,1.0
319,0,3,6,344.33,False,1,1.0
319,0,4,4,127.25,False,1,1.0
319,1,1,7,290.71,False,1,1.0
319,1,2,5,468.4,False,1,1.0
319,1,3,6,320.83,False,1,1.0
319,1,4,1,441.0,False,1,1.0
319,2,1,4,452.5,False,1,1.0
319,2,2,3,342.33,False,1,1.0
319,2,3,8,451.38,False,1,1.0
319,2,4,1,602.0,False,1,1.0
319,3,0,2,203.0,False,1,1.0
319,3,1,6,437.33,False,1,1.0
319,3,2,5,463.6,False,1,1.0
319,3,3,13,534.92,False,1,1.0
319,3,4,4,548.5,False,1,1.0
319,4,1,5,413.6,False,1,1.0
319,4,2,4,303.0,False,1,1.0
319,4,3,12,447.83,False,1,1.0
319,4,4,2,418.0,False,1,1.0
319,5,1,1,347.0,True,1,1.0
319,5,2,8,347.38,True,1,1.0
319,5,3,7,334.14,True,1,1.0
319,5,4,2,221.0,True,1,1.0
319,6,1,2,484.5,True,1,1.0
319,6,2,11,395.82,True,1,1.0
319,6,3,10,410.0,True,1,1.0
319,6,4,2,432.5,True,1,1.0
320,0,1,6,14.83,False,5,0.0742
320,0,2,8,10.62,False,5,0.0472
320,0,3,7,8.14,False,5,0.038
320,0,4,2,14.5,False,5,0.0322
320,1,0,2,20.0,False,5,0.0222
320,1,1,2,13.0,False,5,0.0217
320,1,2,6,9.5,False,5,0.0317
320,1,3,12,10.67,False,5,0.0853
320,1,4,3,9.0,False,5,0.03
320,2,1,3,12.0,False,5,0.03
320,2,2,2,13.0,False,5,0.0144
320,2,3,8,10.62,False,5,0.0567
320,2,4,4,11.25,False,5,0.05
320,3,0,1,9.0,False,5,0.005
320,3,1,5,10.6,False,5,0.0442
320,3,2,5,8.4,False,5,0.0233
320,3,3,4,8.75,False,5,0.0233
320,3,4,1,17.0,False,5,0.0189
320,4,1,1,5.0,False,5,0.0042
320,4,2,2,10.0,False,5,0.0111
320,4,3,9,8.11,False,5,0.0487
320,4,4,3,11.33,False,5,0.0378
320,5,0,2,6.0,True,5,0.0067
320,5,1,3,12.33,True,5,0.0308
320,5,2,17,11.76,True,5,0.1111
320,5,3,5,11.4,True,5,0.038
320,5,4,1,17.0,True,5,0.0189
320,6,0,2,14.0,True,5,0.0156
320,6,1,1,10.0,True,5,0.0083
320,6,2,11,8.73,True,5,0.0533
320,6,3,11,8.82,True,5,0.0647
320,6,4,1,17.0,True,5,0.0189
321,0,0,1,389.0,False,1,1.0
321,0,1,5,268.6,False,1,1.0
321,0,2,2,397.0,False,1,1.0
321,0,3,9,368.44,False,1,1.0
321,0,4,1,6.0,False,1,0.0333
321,1,0,3,455.33,False,1,1.0
321,1,1,4,467.5,False,1,1.0
321,1,2,4,301.5,False,1,1.0
321,1,3,7,467.43,False,1,1.0
321,1,4,6,349.83,False,1,1.0
321,2,0,1,444.0,False,1,1.0
321,2,1,2,88.5,False,1,0.7375
321,2,2,3,361.67,False,1,1.0
321,2,3,8,310.38,False,1,1.0
321,2,4,3,314.0,False,1,1.0
321,3,0,1,407.0,False,1,1.0
321,3,1,7,275.86,False,1,1.0
321,3,2,2,315.5,False,1,1.0
321,3,3,6,290.17,False,1,1.0
321,3,4,3,243.0,False,1,1.0
321,4,0,1,239.0,False,1,0.6639
321,4,1,2,347.0,False,1,1.0
321,4,2,6,433.33,False,1,1.0
321,4,3,11,423.73,False,1,1.0
321,4,4,3,143.67,False,1,1.0
321,5,0,2,454.5,True,1,1.0
321,5,2,8,360.12,True,1,1.0
321,5,3,10,429.3,True,1,1.0
321,5,4,1,705.0,True,1,1.0
321,6,1,4,365.0,True,1,1.0
321,6,2,9,252.78,True,1,1.0
321,6,3,6,254.5,True,1,1.0
321,6,4,1,2.0,True,1,0.0111
322,0,1,3,6.33,False,1,0.0792
322,0,2,1,7.0,False,1,0.0194
322,1,0,1,21.0,False,1,0.0583
322,1,1,2,14.5,False,1,0.1208
322,1,2,2,8.5,False,1,0.0472
322,1,3,1,12.0,False,1,0.04
322,1,4,2,16.5,False,1,0.1833
322,2,0,1,7.0,False,1,0.0194
322,2,2,3,8.67,False,1,0.0722
322,2,3,4,12.75,False,1,0.17
322,3,1,1,5.0,False,1,0.0208
322,3,3,2,21.0,False,1,0.14
322,4,0,1,14.0,False,1,0.0389
322,4,2,1,3.0,False,1,0.0083
322,4,3,1,16.0,False,1,0.0533
322,4,4,1,8.0,False,1,0.0444
322,5,2,3,11.33,True,1,0.0944
322,5,3,1,11.0,True,1,0.0367
322,5,4,2,12.5,True,1,0.1389
322,6,2,1,23.0,True,1,0.0639
322,6,3,1,9.0,True,1,0.03
323,0,1,3,25.67,False,1,0.3208
323,0,3,4,31.75,False,1,0.4233
323,0,4,1,7.0,False,1,0.0389
323,1,1,3,15.0,False,1,0.1875
323,1,2,1,31.0,False,1,0.0861
323,1,3,2,16.0,False,1,0.1067
323,2,1,1,26.0,False,1,0.1083
323,2,3,2,25.0,False,1,0.1667
323,2,4,1,26.0,False,1,0.1444
323,3,1,1,29.0,False,1,0.1208
323,3,2,2,18.0,False,1,0.1
323,3,3,2,23.0,False,1,0.1533
323,4,1,3,23.33,False,1,0.2917
323,4,3,3,18.0,False,1,0.18
323,5,1,1,27.0,True,1,0.1125
323,5,2,1,19.0,True,1,0.0528
323,5,3,3,21.33,True,1,0.2133
323,6,2,2,14.0,True,1,0.0778
324,0,0,1,12.0,False,4,0.0083
324,0,1,3,12.33,False,4,0.0385
324,0,2,3,13.0,False,4,0.0271
324,0,3,6,17.33,False,4,0.0867
324,1,1,5,18.4,False,4,0.0958
324,1,2,2,8.5,False,4,0.0118
324,1,3,5,13.8,False,4,0.0575
324,1,4,2,18.0,False,4,0.05
324,2,0,1,9.0,False,4,0.0062
324,2,1,4,13.0,False,4,0.0542
324,2,3,5,19.0,False,4,0.0792
324,2,4,3,10.0,False,4,0.0417
324,3,1,3,16.67,False,4,0.0521
324,3,2,3,21.0,False,4,0.0438
324,3,3,6,17.0,False,4,0.085
324,3,4,2,20.0,False,4,0.0556
324,4,1,8,23.12,False,4,0.1927
324,4,2,5,19.8,False,4,0.0688
324,4,3,6,17.67,False,4,0.0883
324,4,4,2,31.0,False,4,0.0861
324,5,1,1,17.0,True,4,0.0177
324,5,2,12,15.33,True,4,0.1278
324,5,3,6,13.83,True,4,0.0692
324,5,4,1,6.0,True,4,0.0083
324,6,0,3,13.33,True,4,0.0278
324,6,1,1,20.0,True,4,0.0208
324,6,2,8,11.75,True,4,0.0653
324,6,3,4,15.25,True,4,0.0508
324,6,4,1,23.0,True,4,0.0319
325,0,0,1,8.0,False,1,0.0222
325,0,1,5,11.8,False,1,0.2458
325,0,2,2,9.5,False,1,0.0528
325,0,3,9,12.22,False,1,0.3667
325,0,4,3,7.33,False,1,0.1222
325,1,0,2,8.0,False,1,0.0444
325,1,1,7,9.57,False,1,0.2792
325,1,2,4,12.0,False,1,0.1333
325,1,3,3,9.67,False,1,0.0967
325,2,0,2,10.5,False,1,0.0583
325,2,1,11,11.82,False,1,0.5417
325,2,2,4,12.0,False,1,0.1333
325,2,3,4,9.5,False,1,0.1267
325,2,4,3,16.33,False,1,0.2722
325,3,1,5,8.6,False,1,0.1792
325,3,2,1,7.0,False,1,0.0194
325,3,3,8,14.5,False,1,0.3867
325,3,4,2,5.0,False,1,0.0556
325,4,1,4,7.5,False,1,0.125
325,4,2,4,9.75,False,1,0.1083
325,4,3,5,8.8,False,1,0.1467
325,4,4,3,9.67,False,1,0.1611
325,5,1,2,7.5,True,1,0.0625
325,5,2,9,7.11,True,1,0.1778
325,5,3,3,8.33,True,1,0.0833
325,6,0,2,7.5,True,1,0.0417
325,6,2,7,10.57,True,1,0.2056
325,6,3,6,12.33,True,1,0.2467
326,0,1,2,31.5,False,1,0.2625
326,0,3,3,37.33,False,1,0.3733
326,0,4,2,47.5,False,1,0.5278
326,1,1,2,38.5,False,1,0.3208
326,1,2,4,34.0,False,1,0.3778
326,1,3,4,35.5,False,1,0.4733
326,1,4,1,37.0,False,1,0.2056
326,2,1,2,52.0,False,1,0.4333
326,2,3,3,49.33,False,1,0.4933
326,2,4,2,31.0,False,1,0.3444
326,3,1,2,69.5,False,1,0.5792
326,3,3,3,38.0,False,1,0.38
326,3,4,1,36.0,False,1,0.2
326,4,0,1,21.0,False,1,0.0583
326,4,1,4,24.75,False,1,0.4125
326,4,2,3,24.33,False,1,0.2028
326,4,3,8,31.75,False,1,0.8467
326,4,4,1,82.0,False,1,0.4556
326,5,0,1,46.0,True,1,0.1278
326,5,2,9,35.56,True,1,0.8889
326,5,3,1,19.0,True,1,0.0633
326,6,1,1,67.0,True,1,0.2792
326,6,2,3,27.0,True,1,0.225
326,6,3,5,31.2,True,1,0.52
327,0,1,2,22.5,False,1,0.1875
327,0,2,2,14.5,False,1,0.0806
327,0,3,6,19.0,False,1,0.38
327,1,1,4,20.5,False,1,0.3417
327,1,2,2,27.5,False,1,0.1528
327,1,3,2,33.0,False,1,0.22
327,1,4,3,18.67,False,1,0.3111
327,2,1,2,17.5,False,1,0.1458
327,2,2,6,24.17,False,1,0.4028
327,2,3,4,27.0,False,1,0.36
327,2,4,3,28.0,False,1,0.4667
327,3,0,3,23.67,False,1,0.1972
327,3,1,5,21.8,False,1,0.4542
327,3,2,3,14.67,False,1,0.1222
327,3,3,4,18.25,False,1,0.2433
327,3,4,1,32.0,False,1,0.1778
327,4,1,3,29.67,False,1,0.3708
327,4,2,1,20.0,False,1,0.0556
327,4,3,8,12.62,False,1,0.3367
327,5,1,1,37.0,True,1,0.1542
327,5,2,7,16.57,True,1,0.3222
327,5,3,1,3.0,True,1,0.01
327,5,4,1,13.0,True,1,0.0722
327,6,2,4,22.0,True,1,0.2444
327,6,3,6,15.0,True,1,0.3
327,6,4,1,17.0,True,1,0.0944
328,0,1,3,24.33,False,4,0.076
328,0,3,2,10.0,False,4,0.0167
328,1,1,4,26.0,False,4,0.1083
328,1,2,1,51.0,False,4,0.0354
328,1,3,1,18.0,False,4,0.015
328,1,4,2,29.0,False,4,0.0806
328,2,1,1,44.0,False,4,0.0458
328,2,2,3,21.67,False,4,0.0451
328,2,3,3,23.33,False,4,0.0583
328,2,4,1,19.0,False,4,0.0264
328,3,2,1,20.0,False,4,0.0139
328,3,3,3,18.67,False,4,0.0467
328,4,2,3,25.0,False,4,0.0521
328,4,3,5,13.8,False,4,0.0575
328,4,4,1,1.0,False,4,0.0014
328,5,1,1,25.0,True,4,0.026
328,5,2,4,19.75,True,4,0.0549
328,5,3,1,5.0,True,4,0.0042
328,5,4,1,19.0,True,4,0.0264
328,6,2,5,20.8,True,4,0.0722
328,6,3,2,24.5,True,4,0.0408
329,0,0,1,12.0,False,1,0.0333
329,0,1,6,48.83,False,1,1.0
329,0,2,3,50.33,False,1,0.4194
329,0,3,9,45.11,False,1,1.0
329,1,0,1,48.0,False,1,0.1333
329,1,1,6,46.5,False,1,1.0
329,1,2,3,61.67,False,1,0.5139
329,1,3,14,42.5,False,1,1.0
329,1,4,2,42.0,False,1,0.4667
329,2,0,2,43.5,False,1,0.2417
329,2,1,1,54.0,False,1,0.225
329,2,2,3,64.67,False,1,0.5389
329,2,3,8,58.12,False,1,1.0
329,2,4,5,62.0,False,1,1.0
329,3,0,1,5.0,False,1,0.0139
329,3,1,5,45.0,False,1,0.9375
329,3,2,2,69.0,False,1,0.3833
329,3,3,8,38.75,False,1,1.0
329,3,4,2,68.0,False,1,0.7556
329,4,0,1,19.0,False,1,0.0528
329,4,1,1,92.0,False,1,0.3833
329,4,2,4,53.0,False,1,0.5889
329,4,3,5,56.8,False,1,0.9467
329,4,4,5,52.6,False,1,1.0
329,5,0,3,42.0,True,1,0.35
329,5,1,1,85.0,True,1,0.3542
329,5,2,9,46.22,True,1,1.0
329,5,3,7,41.43,True,1,0.9667
329,5,4,1,31.0,True,1,0.1722
329,6,0,2,65.5,True,1,0.3639
329,6,2,10,48.1,True,1,1.0
329,6,3,11,44.91,True,1,1.0
329,6,4,2,52.5,True,1,0.5833
330,0,1,2,29.5,False,1,0.2458
330,0,4,1,6.0,False,1,0.0333
330,1,0,1,17.0,False,1,0.0472
330,1,1,2,15.0,False,1,0.125
330,1,3,1,16.0,False,1,0.0533
330,1,4,2,28.5,False,1,0.3167
330,2,2,1,16.0,False,1,0.0444
330,2,3,1,19.0,False,1,0.0633
330,3,1,1,22.0,False,1,0.0917
330,3,2,1,53.0,False,1,0.1472
330,3,3,3,17.0,False,1,0.17
330,4,1,2,14.5,False,1,0.1208
330,4,2,1,11.0,False,1,0.0306
330,4,3,1,17.0,False,1,0.0567
330,5,2,5,16.8,True,1,0.2333
330,5,4,1,13.0,True,1,0.0722
330,6,0,1,12.0,True,1,0.0333
330,6,2,3,12.67,True,1,0.1056
330,6,3,1,7.0,True,1,0.0233
331,0,0,1,21.0,False,1,0.0583
331,0,1,5,20.0,False,1,0.4167
331,0,2,4,28.25,False,1,0.3139
331,0,3,7,27.14,False,1,0.6333
331,0,4,1,32.0,False,1,0.1778
331,1,1,1,12.0,False,1,0.05
331,1,2,1,21.0,False,1,0.0583
331,1,3,4,21.0,False,1,0.28
331,2,0,1,23.0,False,1,0.0639
331,2,1,1,20.0,False,1,0.0833
331,2,3,6,20.0,False,1,0.4
331,2,4,2,24.5,False,1,0.2722
331,3,0,2,16.5,False,1,0.0917
331,3,1,1,1.0,False,1,0.0042
331,3,2,3,19.67,False,1,0.1639
331,3,3,9,22.22,False,1,0.6667
331,3,4,2,20.0,False,1,0.2222
331,4,1,2,21.0,False,1,0.175
331,4,2,2,18.5,False,1,0.1028
331,4,3,6,12.17,False,1,0.2433
331,4,4,1,27.0,False,1,0.15
331,5,1,2,27.5,True,1,0.2292
331,5,2,5,18.4,True,1,0.2556
331,5,3,10,16.7,True,1,0.5567
331,6,1,1,24.0,True,1,0.1
331,6,2,4,24.25,True,1,0.2694
331,6,3,6,18.33,True,1,0.3667
331,6,4,1,12.0,True,1,0.0667
332,0,0,1,236.0,False,1,0.6556
332,0,1,3,177.67,False,1,1.0
332,0,2,1,79.0,False,1,0.2194
332,0,3,3,144.0,False,1,1.0
332,0,4,3,133.33,False,1,1.0
332,1,0,1,115.0,False,1,0.3194
332,1,1,6,110.0,False,1,1.0
332,1,2,5,172.4,False,1,1.0
332,1,3,6,175.17,False,1,1.0
332,2,1,4,126.25,False,1,1.0
332,2,2,3,184.33,False,1,1.0
332,2,3,9,175.22,False,1,1.0
332,3,1,3,217.33,False,1,1.0
332,3,2,2,265.5,False,1,1.0
332,3,3,3,130.0,False,1,1.0
332,3,4,3,109.67,False,1,1.0
332,4,0,2,172.5,False,1,0.9583
332,4,1,4,210.75,False,1,1.0
332,4,2,4,195.5,False,1,1.0
332,4,3,5,147.6,False,1,1.0
332,5,1,3,237.0,True,1,1.0
332,5,2,11,145.09,True,1,1.0
332,5,3,5,176.2,True,1,1.0
332,5,4,3,223.33,True,1,1.0
332,6,2,9,135.22,True,1,1.0
332,6,3,8,164.12,True,1,1.0
333,0,0,1,23.0,False,1,0.0639
333,0,1,2,23.0,False,1,0.1917
333,0,3,6,14.67,False,1,0.2933
333,0,4,1,4.0,False,1,0.0222
333,1,1,3,17.67,False,1,0.2208
333,1,3,2,15.5,False,1,0.1033
333,2,1,2,27.5,False,1,0.2292
333,2,3,2,28.5,False,1,0.19
333,2,4,1,17.0,False,1,0.0944
333,3,1,4,28.5,False,1,0.475
333,3,2,1,19.0,False,1,0.0528
333,3,3,1,13.0,False,1,0.0433
333,3,4,2,13.0,False,1,0.1444
333,4,1,5,11.8,False,1,0.2458
333,4,2,2,28.5,False,1,0.1583
333,4,3,4,17.5,False,1,0.2333
333,4,4,2,17.5,False,1,0.1944
333,5,0,1,31.0,True,1,0.0861
333,5,2,4,29.25,True,1,0.325
333,5,3,5,11.8,True,1,0.1967
333,6,0,3,17.33,True,1,0.1444
333,6,2,5,18.6,True,1,0.2583
333,6,3,3,9.0,True,1,0.09
333,6,4,1,5.0,True,1,0.0278
334,0,1,6,48.17,False,1,1.0
334,0,3,10,34.9,False,1,1.0
334,0,4,3,45.0,False,1,0.75
334,1,0,1,107.0,False,1,0.2972
334,1,1,8,44.38,False,1,1.0
334,1,2,3,41.33,False,1,0.3444
334,1,3,5,40.0,False,1,0.6667
334,1,4,1,27.0,False,1,0.15
334,2,0,1,62.0,False,1,0.1722
334,2,1,6,28.33,False,1,0.7083
334,2,2,2,70.0,False,1,0.3889
334,2,3,8,36.75,False,1,0.98
334,2,4,3,57.0,False,1,0.95
334,3,0,1,30.0,False,1,0.0833
334,3,1,4,60.0,False,1,1.0
334,3,2,7,40.57,False,1,0.7889
334,3,3,5,30.2,False,1,0.5033
334,3,4,2,56.0,False,1,0.6222
334,4,0,2,23.5,False,1,0.1306
334,4,1,3,45.0,False,1,0.5625
334,4,2,3,40.33,False,1,0.3361
334,4,3,10,44.7,False,1,1.0
334,4,4,5,42.8,False,1,1.0
334,5,0,2,43.0,True,1,0.2389
334,5,2,6,69.67,True,1,1.0
334,5,3,4,44.75,True,1,0.5967
334,6,0,2,54.5,True,1,0.3028
334,6,1,2,43.5,True,1,0.3625
334,6,2,14,55.57,True,1,1.0
334,6,3,6,50.17,True,1,1.0
334,6,4,2,85.0,True,1,0.9444
335,0,1,3,13.67,False,1,0.1708
335,0,2,1,5.0,False,1,0.0139
335,0,3,14,22.71,False,1,1.0
335,0,4,2,32.0,False,1,0.3556
335,1,1,5,20.4,False,1,0.425
335,1,2,2,16.0,False,1,0.0889
335,1,3,6,21.17,False,1,0.4233
335,2,1,1,22.0,False,1,0.0917
335,2,2,3,19.33,False,1,0.1611
335,2,3,9,21.78,False,1,0.6533
335,2,4,3,25.67,False,1,0.4278
335,3,1,7,22.43,False,1,0.6542
335,3,2,3,13.67,False,1,0.1139
335,3,3,8,18.25,False,1,0.4867
335,3,4,2,36.0,False,1,0.4
335,4,1,7,25.71,False,1,0.75
335,4,2,6,18.83,False,1,0.3139
335,4,3,6,17.5,False,1,0.35
335,4,4,2,19.0,False,1,0.2111
335,5,0,2,31.0,True,1,0.1722
335,5,1,3,21.0,True,1,0.2625
335,5,2,7,19.86,True,1,0.3861
335,5,3,7,18.0,True,1,0.42
335,5,4,4,24.5,True,1,0.5444
335,6,1,3,19.67,True,1,0.2458
335,6,2,14,17.79,True,1,0.6917
335,6,3,8,16.0,True,1,0.4267
335,6,4,1,21.0,True,1,0.1167
336,0,0,1,25.0,False,2,0.0347
336,0,1,3,18.0,False,2,0.1125
336,0,2,2,18.0,False,2,0.05
336,0,3,11,17.73,False,2,0.325
336,0,4,3,25.67,False,2,0.2139
336,1,0,2,42.5,False,2,0.1181
336,1,1,7,17.43,False,2,0.2542
336,1,2,1,12.0,False,2,0.0167
336,1,3,13,22.38,False,2,0.485
336,1,4,2,29.5,False,2,0.1639
336,2,0,1,13.0,False,2,0.0181
336,2,1,2,13.5,False,2,0.0562
336,2,2,1,7.0,False,2,0.0097
336,2,3,3,18.67,False,2,0.0933
336,3,1,2,25.0,False,2,0.1042
336,3,2,3,18.0,False,2,0.075
336,3,3,10,18.7,False,2,0.3117
336,3,4,2,27.5,False,2,0.1528
336,4,1,6,28.67,False,2,0.3583
336,4,2,3,12.33,False,2,0.0514
336,4,3,7,24.43,False,2,0.285
336,4,4,1,26.0,False,2,0.0722
336,5,0,2,9.0,True,2,0.025
336,5,2,12,17.75,True,2,0.2958
336,5,3,3,25.0,True,2,0.125
336,5,4,1,9.0,True,2,0.025
336,6,1,5,21.4,True,2,0.2229
336,6,2,14,20.5,True,2,0.3986
336,6,3,9,15.78,True,2,0.2367
336,6,4,1,18.0,True,2,0.05
337,0,1,10,27.5,False,1,1.0
337,0,3,5,31.4,False,1,0.5233
337,1,1,2,40.5,False,1,0.3375
337,1,3,5,31.6,False,1,0.5267
337,1,4,1,5.0,False,1,0.0278
337,2,0,1,60.0,False,1,0.1667
337,2,1,2,50.5,False,1,0.4208
337,2,2,2,22.0,False,1,0.1222
337,2,3,2,62.5,False,1,0.4167
337,2,4,1,23.0,False,1,0.1278
337,3,0,1,101.0,False,1,0.2806
337,3,2,3,64.0,False,1,0.5333
337,3,3,5,36.2,False,1,0.6033
337,4,1,2,52.0,False,1,0.4333
337,4,2,2,43.5,False,1,0.2417
337,4,3,8,45.62,False,1,1.0
337,5,2,7,38.71,True,1,0.7528
337,5,4,2,38.5,True,1,0.4278
337,6,1,2,45.5,True,1,0.3792
337,6,2,2,66.0,True,1,0.3667
337,6,3,4,35.0,True,1,0.4667
338,0,0,2,21.0,False,1,0.1167
338,0,1,2,44.5,False,1,0.3708
338,0,3,2,37.0,False,1,0.2467
338,0,4,1,27.0,False,1,0.15
338,1,0,1,66.0,False,1,0.1833
338,1,1,2,40.0,False,1,0.3333
338,1,2,4,54.5,False,1,0.6056
338,1,3,1,62.0,False,1,0.2067
338,2,1,2,65.0,False,1,0.5417
338,2,2,1,47.0,False,1,0.1306
338,2,3,3,48.33,False,1,0.4833
338,3,0,1,63.0,False,1,0.175
338,3,2,1,7.0,False,1,0.0194
338,3,3,2,56.5,False,1,0.3767
338,4,1,2,16.0,False,1,0.1333
338,4,2,1,41.0,False,1,0.1139
338,4,3,4,46.75,False,1,0.6233
338,4,4,2,46.5,False,1,0.5167
338,5,1,2,38.5,True,1,0.3208
338,5,2,3,52.33,True,1,0.4361
338,5,3,1,38.0,True,1,0.1267
338,6,0,1,91.0,True,1,0.2528
338,6,2,5,40.8,True,1,0.5667
338,6,3,2,49.0,True,1,0.3267
338,6,4,1,62.0,True,1,0.3444
339,0,1,6,135.83,False,1,1.0
339,0,2,3,135.0,False,1,1.0
339,0,3,10,108.9,False,1,1.0
339,0,4,4,151.75,False,1,1.0
339,1,0,2,102.5,False,1,0.5694
339,1,1,9,169.78,False,1,1.0
339,1,2,3,160.67,False,1,1.0
339,1,3,7,174.71,False,1,1.0
339,1,4,1,158.0,False,1,0.8778
339,2,0,1,110.0,False,1,0.3056
339,2,1,4,159.75,False,1,1.0
339,2,2,3,123.0,False,1,1.0
339,2,3,12,152.08,False,1,1.0
339,2,4,1,176.0,False,1,0.9778
339,3,0,1,298.0,False,1,0.8278
339,3,1,7,199.0,False,1,1.0
339,3,2,3,223.33,False,1,1.0
339,3,3,7,208.29,False,1,1.0
339,3,4,2,201.5,False,1,1.0
339,4,0,1,58.0,False,1,0.1611
339,4,1,5,158.8,False,1,1.0
339,4,2,4,167.25,False,1,1.0
339,4,3,9,174.67,False,1,1.0
339,4,4,3,198.0,False,1,1.0
339,5,1,1,7.0,True,1,0.0292
339,5,2,13,211.46,True,1,1.0
339,5,3,6,191.0,True,1,1.0
339,5,4,2,150.5,True,1,1.0
339,6,0,1,140.0,True,1,0.3889
339,6,2,9,198.67,True,1,1.0
339,6,3,4,186.0,True,1,1.0
340,0,1,4,20.25,False,1,0.3375
340,0,2,2,10.0,False,1,0.0556
340,0,3,3,14.67,False,1,0.1467
340,0,4,2,19.0,False,1,0.2111
340,1,0,1,5.0,False,1,0.0139
340,1,1,7,17.43,False,1,0.5083
340,1,2,2,28.0,False,1,0.1556
340,1,3,6,18.83,False,1,0.3767
340,1,4,2,24.0,False,1,0.2667
340,2,1,6,27.5,False,1,0.6875
340,2,2,8,24.25,False,1,0.5389
340,2,3,9,21.44,False,1,0.6433
340,2,4,1,3.0,False,1,0.0167
340,3,0,3,23.33,False,1,0.1944
340,3,1,4,19.0,False,1,0.3167
340,3,2,3,21.33,False,1,0.1778
340,3,3,6,24.0,False,1,0.48
340,3,4,1,29.0,False,1,0.1611
340,4,1,4,20.5,False,1,0.3417
340,4,2,1,13.0,False,1,0.0361
340,4,3,8,19.62,False,1,0.5233
340,4,4,4,10.0,False,1,0.2222
340,5,0,1,20.0,True,1,0.0556
340,5,1,2,15.5,True,1,0.1292
340,5,2,10,18.4,True,1,0.5111
340,5,3,7,18.86,True,1,0.44
340,5,4,2,13.5,True,1,0.15
340,6,0,2,19.0,True,1,0.1056
340,6,1,2,13.0,True,1,0.1083
340,6,2,10,24.1,True,1,0.6694
340,6,3,4,16.75,True,1,0.2233
340,6,4,3,30.0,True,1,0.5
341,0,0,1,14.0,False,1,0.0389
341,0,1,5,24.6,False,1,0.5125
341,0,2,1,22.0,False,1,0.0611
341,0,3,4,25.5,False,1,0.34
341,1,1,1,26.0,False,1,0.1083
341,1,2,1,13.0,False,1,0.0361
341,1,4,2,19.5,False,1,0.2167
341,2,0,2,26.5,False,1,0.1472
341,2,1,4,23.0,False,1,0.3833
341,2,2,4,28.25,False,1,0.3139
341,2,3,2,16.0,False,1,0.1067
341,3,1,1,19.0,False,1,0.0792
341,3,3,4,19.5,False,1,0.26
341,3,4,2,15.0,False,1,0.1667
341,4,0,1,30.0,False,1,0.0833
341,4,1,3,13.33,False,1,0.1667
341,4,2,1,52.0,False,1,0.1444
341,4,3,4,31.5,False,1,0.42
341,5,0,1,37.0,True,1,0.1028
341,5,1,1,51.0,True,1,0.2125
341,5,2,4,25.0,True,1,0.2778
341,5,3,3,16.33,True,1,0.1633
341,6,0,2,33.0,True,1,0.1833
341,6,2,7,21.57,True,1,0.4194
341,6,3,2,24.0,True,1,0.16
341,6,4,3,38.33,True,1,0.6389
342,0,0,2,22.0,False,1,0.1222
342,0,1,7,20.86,False,1,0.6083
342,0,2,4,15.25,False,1,0.1694
342,0,3,6,19.83,False,1,0.3967
342,0,4,1,14.0,False,1,0.0778
342,1,1,5,15.4,False,1,0.3208
342,1,2,4,23.0,False,1,0.2556
342,1,3,2,22.5,False,1,0.15
342,1,4,2,22.0,False,1,0.2444
342,2,0,1,22.0,False,1,0.0611
342,2,1,6,21.67,False,1,0.5417
342,2,2,2,9.5,False,1,0.0528
342,2,3,6,21.33,False,1,0.4267
342,2,4,2,17.5,False,1,0.1944
342,3,0,3,27.0,False,1,0.225
342,3,1,4,16.75,False,1,0.2792
342,3,2,3,21.33,False,1,0.1778
342,3,3,7,24.71,False,1,0.5767
342,3,4,3,17.0,False,1,0.2833
342,4,0,3,25.33,False,1,0.2111
342,4,1,6,22.33,False,1,0.5583
342,4,3,6,23.67,False,1,0.4733
342,5,1,1,31.0,True,1,0.1292
342,5,2,14,19.64,True,1,0.7639
342,5,3,9,19.78,True,1,0.5933
342,5,4,2,22.0,True,1,0.2444
342,6,1,2,24.5,True,1,0.2042
342,6,2,9,15.22,True,1,0.3806
342,6,3,5,17.6,True,1,0.2933
342,6,4,1,41.0,True,1,0.2278
343,0,0,2,10.0,False,1,0.0556
343,0,1,4,15.75,False,1,0.2625
343,0,2,5,6.0,False,1,0.0833
343,0,3,9,18.33,False,1,0.55
343,0,4,1,22.0,False,1,0.1222
343,1,1,4,17.75,False,1,0.2958
343,1,2,2,19.5,False,1,0.1083
343,1,3,5,27.6,False,1,0.46
343,2,0,1,32.0,False,1,0.0889
343,2,1,4,21.25,False,1,0.3542
343,2,2,1,21.0,False,1,0.0583
343,2,3,7,15.14,False,1,0.3533
343,2,4,1,12.0,False,1,0.0667
343,3,0,1,10.0,False,1,0.0278
343,3,1,1,35.0,False,1,0.1458
343,3,2,4,14.25,False,1,0.1583
343,3,3,2,22.0,False,1,0.1467
343,3,4,1,29.0,False,1,0.1611
343,4,1,5,22.0,False,1,0.4583
343,4,2,2,13.5,False,1,0.075
343,4,3,11,25.82,False,1,0.9467
343,4,4,2,24.0,False,1,0.2667
343,5,0,2,13.5,True,1,0.075
343,5,2,15,18.27,True,1,0.7611
343,5,3,5,23.8,True,1,0.3967
343,6,0,3,22.33,True,1,0.1861
343,6,1,2,17.5,True,1,0.1458
343,6,2,13,28.92,True,1,1.0
343,6,3,7,13.0,True,1,0.3033
344,0,1,5,7.6,False,1,0.1583
344,0,2,3,10.67,False,1,0.0889
344,0,3,5,8.0,False,1,0.1333
344,1,1,3,7.33,False,1,0.0917
344,1,2,4,7.75,False,1,0.0861
344,1,3,2,10.0,False,1,0.0667
344,1,4,2,13.0,False,1,0.1444
344,2,0,1,5.0,False,1,0.0139
344,2,3,4,9.25,False,1,0.1233
344,3,1,1,16.0,False,1,0.0667
344,3,2,1,9.0,False,1,0.025
344,3,3,3,9.33,False,1,0.0933
344,3,4,1,11.0,False,1,0.0611
344,4,1,5,9.8,False,1,0.2042
344,4,2,1,14.0,False,1,0.0389
344,4,3,4,6.75,False,1,0.09
344,5,0,1,1.0,True,1,0.0028
344,5,2,7,13.14,True,1,0.2556
344,5,3,7,8.43,True,1,0.1967
344,5,4,2,7.0,True,1,0.0778
344,6,2,5,9.0,True,1,0.125
344,6,3,4,9.25,True,1,0.1233
344,6,4,1,10.0,True,1,0.0556
345,0,1,2,7.5,False,1,0.0625
345,0,2,4,16.25,False,1,0.1806
345,0,3,1,7.0,False,1,0.0233
345,1,0,1,2.0,False,1,0.0056
345,1,1,4,8.0,False,1,0.1333
345,1,2,1,9.0,False,1,0.025
345,1,3,2,12.5,False,1,0.0833
345,1,4,1,16.0,False,1,0.0889
345,2,1,2,8.5,False,1,0.0708
345,2,2,1,17.0,False,1,0.0472
345,2,4,1,16.0,False,1,0.0889
345,3,3,2,13.0,False,1,0.0867
345,3,4,1,6.0,False,1,0.0333
345,4,1,2,11.5,False,1,0.0958
345,4,2,1,11.0,False,1,0.0306
345,4,3,1,12.0,False,1,0.04
345,5,0,1,6.0,True,1,0.0167
345,5,1,2,11.5,True,1,0.0958
345,5,2,3,6.67,True,1,0.0556
345,5,3,2,8.0,True,1,0.0533
345,6,1,1,17.0,True,1,0.0708
345,6,2,3,9.33,True,1,0.0778
345,6,3,1,12.0,True,1,0.04
348,0,1,2,48.0,False,1,0.4
348,0,2,1,20.0,False,1,0.0556
348,0,3,6,29.0,False,1,0.58
348,0,4,3,29.0,False,1,0.4833
348,1,0,2,18.0,False,1,0.1
348,1,1,5,44.6,False,1,0.9292
348,1,2,1,58.0,False,1,0.1611
348,1,3,4,23.5,False,1,0.3133
348,2,1,3,54.0,False,1,0.675
348,2,2,2,51.5,False,1,0.2861
348,2,3,4,35.0,False,1,0.4667
348,3,1,7,47.71,False,1,1.0
348,3,2,1,8.0,False,1,0.0222
348,3,3,4,30.5,False,1,0.4067
348,3,4,1,40.0,False,1,0.2222
348,4,1,4,29.0,False,1,0.4833
348,4,2,3,10.33,False,1,0.0861
348,4,3,4,28.75,False,1,0.3833
348,5,2,9,32.67,True,1,0.8167
348,5,3,7,43.43,True,1,1.0
348,6,1,1,46.0,True,1,0.1917
348,6,2,11,34.45,True,1,1.0
348,6,3,5,31.2,True,1,0.52
348,6,4,2,46.5,True,1,0.5167
352,0,0,1,50.0,False,1,0.1389
352,0,1,2,28.5,False,1,0.2375
352,0,3,2,27.5,False,1,0.1833
352,1,3,2,8.0,False,1,0.0533
352,1,4,2,43.0,False,1,0.4778
352,2,1,2,38.5,False,1,0.3208
352,2,3,2,35.0,False,1,0.2333
352,2,4,2,36.0,False,1,0.4
352,3,1,5,38.4,False,1,0.8
352,3,2,1,32.0,False,1,0.0889
352,3,3,1,34.0,False,1,0.1133
352,3,4,2,23.5,False,1,0.2611
352,4,0,1,70.0,False,1,0.1944
352,4,1,4,38.5,False,1,0.6417
352,4,2,2,36.5,False,1,0.2028
352,4,3,3,31.67,False,1,0.3167
352,5,2,1,27.0,True,1,0.075
352,5,3,1,31.0,True,1,0.1033
352,6,2,2,30.0,True,1,0.1667
352,6,3,1,54.0,True,1,0.18
352,6,4,2,68.5,True,1,0.7611
353,0,0,2,32.0,False,1,0.1778
353,0,1,5,45.4,False,1,0.9458
353,0,2,1,35.0,False,1,0.0972
353,0,3,5,29.6,False,1,0.4933
353,0,4,2,35.5,False,1,0.3944
353,1,1,6,23.83,False,1,0.5958
353,1,2,2,66.0,False,1,0.3667
353,1,3,7,58.29,False,1,1.0
353,1,4,2,19.0,False,1,0.2111
353,2,0,1,29.0,False,1,0.0806
353,2,1,4,31.75,False,1,0.5292
353,2,2,3,26.67,False,1,0.2222
353,2,3,5,36.2,False,1,0.6033
353,2,4,3,34.0,False,1,0.5667
353,3,1,4,41.25,False,1,0.6875
353,3,2,2,70.5,False,1,0.3917
353,3,3,2,32.0,False,1,0.2133
353,3,4,1,41.0,False,1,0.2278
353,4,0,1,1.0,False,1,0.0028
353,4,1,2,32.5,False,1,0.2708
353,4,2,3,56.33,False,1,0.4694
353,4,3,9,31.11,False,1,0.9333
353,4,4,1,23.0,False,1,0.1278
353,5,1,1,27.0,True,1,0.1125
353,5,2,12,42.33,True,1,1.0
353,5,3,3,32.67,True,1,0.3267
353,5,4,1,36.0,True,1,0.2
353,6,1,1,30.0,True,1,0.125
353,6,2,4,37.0,True,1,0.4111
353,6,3,3,20.67,True,1,0.2067
353,6,4,1,6.0,True,1,0.0333
354,0,0,3,15.33,False,1,0.1278
354,0,1,6,13.17,False,1,0.3292
354,0,2,1,26.0,False,1,0.0722
354,0,3,5,23.8,False,1,0.3967
354,1,1,4,28.5,False,1,0.475
354,1,2,4,14.5,False,1,0.1611
354,1,3,13,15.85,False,1,0.6867
354,1,4,2,21.5,False,1,0.2389
354,2,1,4,20.0,False,1,0.3333
354,2,2,3,24.0,False,1,0.2
354,2,3,10,21.3,False,1,0.71
354,2,4,1,29.0,False,1,0.1611
354,3,0,2,4.5,False,1,0.025
354,3,1,5,17.0,False,1,0.3542
354,3,2,5,21.8,False,1,0.3028
354,3,3,4,14.25,False,1,0.19
354,3,4,1,38.0,False,1,0.2111
354,4,0,1,34.0,False,1,0.0944
354,4,1,3,9.33,False,1,0.1167
354,4,2,2,5.0,False,1,0.0278
354,4,3,5,11.8,False,1,0.1967
354,4,4,2,17.0,False,1,0.1889
354,5,0,1,38.0,True,1,0.1056
354,5,1,1,1.0,True,1,0.0042
354,5,2,13,18.85,True,1,0.6806
354,5,3,6,17.5,True,1,0.35
354,5,4,1,8.0,True,1,0.0444
354,6,0,1,12.0,True,1,0.0333
354,6,1,2,15.5,True,1,0.1292
354,6,2,8,18.5,True,1,0.4111
354,6,3,6,17.33,True,1,0.3467
355,0,0,1,19.0,False,1,0.0528
355,0,1,4,32.5,False,1,0.5417
355,0,2,4,35.75,False,1,0.3972
355,0,3,9,36.44,False,1,1.0
355,0,4,3,26.33,False,1,0.4389
355,1,1,11,24.18,False,1,1.0
355,1,2,3,51.33,False,1,0.4278
355,1,3,5,50.0,False,1,0.8333
355,1,4,2,66.5,False,1,0.7389
355,2,0,1,45.0,False,1,0.125
355,2,1,7,36.71,False,1,1.0
355,2,2,2,18.5,False,1,0.1028
355,2,3,11,39.0,False,1,1.0
355,2,4,3,45.33,False,1,0.7556
355,3,0,1,24.0,False,1,0.0667
355,3,1,2,42.5,False,1,0.3542
355,3,2,2,57.0,False,1,0.3167
355,3,3,7,39.43,False,1,0.92
355,4,0,1,74.0,False,1,0.2056
355,4,1,9,38.33,False,1,1.0
355,4,2,1,32.0,False,1,0.0889
355,4,3,10,44.9,False,1,1.0
355,4,4,4,30.5,False,1,0.6778
355,5,0,1,2.0,True,1,0.0056
355,5,1,1,22.0,True,1,0.0917
355,5,2,9,41.78,True,1,1.0
355,5,3,7,28.0,True,1,0.6533
355,6,1,2,63.0,True,1,0.525
355,6,2,10,44.0,True,1,1.0
355,6,3,12,41.42,True,1,1.0
356,0,1,4,18.25,False,1,0.3042
356,0,2,5,28.8,False,1,0.4
356,0,3,5,15.4,False,1,0.2567
356,1,0,1,15.0,False,1,0.0417
356,1,1,3,21.33,False,1,0.2667
356,1,2,1,10.0,False,1,0.0278
356,1,3,1,32.0,False,1,0.1067
356,1,4,2,16.5,False,1,0.1833
356,2,0,1,26.0,False,1,0.0722
356,2,1,4,19.5,False,1,0.325
356,2,2,3,15.67,False,1,0.1306
356,2,3,6,21.67,False,1,0.4333
356,2,4,1,14.0,False,1,0.0778
356,3,1,1,22.0,False,1,0.0917
356,3,2,1,22.0,False,1,0.0611
356,3,3,5,7.8,False,1,0.13
356,3,4,3,20.67,False,1,0.3444
356,4,0,1,22.0,False,1,0.0611
356,4,1,7,17.43,False,1,0.5083
356,4,2,3,10.33,False,1,0.0861
356,4,3,3,22.33,False,1,0.2233
356,5,0,1,24.0,True,1,0.0667
356,5,2,3,23.67,True,1,0.1972
356,5,3,1,18.0,True,1,0.06
356,5,4,2,27.0,True,1,0.3
356,6,1,1,24.0,True,1,0.1
356,6,2,5,20.6,True,1,0.2861
356,6,3,6,24.33,True,1,0.4867
357,0,1,3,17.33,False,1,0.2167
357,0,2,3,20.33,False,1,0.1694
357,0,3,4,18.0,False,1,0.24
357,0,4,2,14.0,False,1,0.1556
357,1,1,2,18.5,False,1,0.1542
357,1,2,2,20.0,False,1,0.1111
357,1,3,5,14.6,False,1,0.2433
357,1,4,1,26.0,False,1,0.1444
357,2,1,5,20.8,False,1,0.4333
357,2,2,2,3.5,False,1,0.0194
357,2,3,9,15.67,False,1,0.47
357,2,4,3,27.33,False,1,0.4556
357,3,0,2,26.5,False,1,0.1472
357,3,1,4,13.75,False,1,0.2292
357,3,2,4,18.25,False,1,0.2028
357,3,3,11,15.45,False,1,0.5667
357,3,4,1,5.0,False,1,0.0278
357,4,0,1,22.0,False,1,0.0611
357,4,1,3,31.33,False,1,0.3917
357,4,2,2,28.0,False,1,0.1556
357,4,3,5,16.6,False,1,0.2767
357,4,4,2,22.5,False,1,0.25
357,5,1,3,37.33,True,1,0.4667
357,5,2,3,24.33,True,1,0.2028
357,5,3,8,21.62,True,1,0.5767
357,6,1,3,24.67,True,1,0.3083
357,6,2,4,12.5,True,1,0.1389
357,6,3,8,19.62,True,1,0.5233
357,6,4,1,16.0,True,1,0.0889
358,0,1,6,28.83,False,1,0.7208
358,0,3,5,29.2,False,1,0.4867
358,0,4,2,52.5,False,1,0.5833
358,1,1,3,44.67,False,1,0.5583
358,1,2,2,25.5,False,1,0.1417
358,1,3,6,33.0,False,1,0.66
358,1,4,2,30.5,False,1,0.3389
358,2,1,1,62.0,False,1,0.2583
358,2,2,2,73.0,False,1,0.4056
358,2,3,3,32.67,False,1,0.3267
358,2,4,1,23.0,False,1,0.1278
358,3,0,1,5.0,False,1,0.0139
358,3,1,2,51.5,False,1,0.4292
358,3,2,2,30.0,False,1,0.1667
358,3,3,1,53.0,False,1,0.1767
358,4,1,5,36.8,False,1,0.7667
358,4,2,2,29.0,False,1,0.1611
358,4,3,1,53.0,False,1,0.1767
358,4,4,1,31.0,False,1,0.1722
358,5,1,1,27.0,True,1,0.1125
358,5,2,3,57.67,True,1,0.4806
358,5,3,3,37.33,True,1,0.3733
358,6,1,1,56.0,True,1,0.2333
358,6,2,4,38.5,True,1,0.4278
358,6,3,2,55.0,True,1,0.3667
359,0,0,1,16.0,False,1,0.0444
359,0,1,2,15.0,False,1,0.125
359,0,3,2,13.5,False,1,0.09
359,0,4,1,21.0,False,1,0.1167
359,1,1,3,7.33,False,1,0.0917
359,1,2,1,24.0,False,1,0.0667
359,1,3,3,14.33,False,1,0.1433
359,1,4,1,1.0,False,1,0.0056
359,2,1,1,9.0,False,1,0.0375
359,2,2,3,17.33,False,1,0.1444
359,2,3,5,12.4,False,1,0.2067
359,3,1,1,13.0,False,1,0.0542
359,3,2,3,12.67,False,1,0.1056
359,3,3,6,17.83,False,1,0.3567
359,4,2,1,8.0,False,1,0.0222
359,4,3,6,14.83,False,1,0.2967
359,4,4,3,10.33,False,1,0.1722
359,5,0,1,11.0,True,1,0.0306
359,5,2,3,21.67,True,1,0.1806
359,5,3,3,10.67,True,1,0.1067
359,6,0,1,15.0,True,1,0.0417
359,6,1,1,26.0,True,1,0.1083
359,6,2,7,13.86,True,1,0.2694
359,6,3,1,2.0,True,1,0.0067
360,0,0,1,12.0,False,1,0.0333
360,0,1,6,19.5,False,1,0.4875
360,0,2,3,20.33,False,1,0.1694
360,0,3,8,24.38,False,1,0.65
360,1,0,1,23.0,False,1,0.0639
360,1,1,9,17.33,False,1,0.65
360,1,2,3,24.67,False,1,0.2056
360,1,3,14,18.57,False,1,0.8667
360,1,4,3,19.67,False,1,0.3278
360,2,0,1,24.0,False,1,0.0667
360,2,1,2,22.5,False,1,0.1875
360,2,2,5,30.0,False,1,0.4167
360,2,3,3,21.33,False,1,0.2133
360,2,4,2,19.0,False,1,0.2111
360,3,0,1,15.0,False,1,0.0417
360,3,1,6,21.0,False,1,0.525
360,3,2,4,14.0,False,1,0.1556
360,3,3,7,19.0,False,1,0.4433
360,4,0,1,23.0,False,1,0.0639
360,4,1,10,24.3,False,1,1.0
360,4,2,4,14.75,False,1,0.1639
360,4,3,4,16.5,False,1,0.22
360,4,4,2,21.0,False,1,0.2333
360,5,1,2,11.0,True,1,0.0917
360,5,2,7,15.29,True,1,0.2972
360,5,3,5,27.0,True,1,0.45
360,5,4,2,12.5,True,1,0.1389
360,6,0,2,28.5,True,1,0.1583
360,6,1,2,20.0,True,1,0.1667
360,6,2,6,16.83,True,1,0.2806
360,6,3,9,22.33,True,1,0.67
360,6,4,1,21.0,True,1,0.1167
361,0,1,4,18.75,False,2,0.1562
361,0,3,4,22.75,False,2,0.1517
361,1,1,4,11.75,False,2,0.0979
361,1,3,6,18.83,False,2,0.1883
361,1,4,2,32.0,False,2,0.1778
361,2,1,2,19.5,False,2,0.0812
361,2,2,1,20.0,False,2,0.0278
361,2,3,3,23.33,False,2,0.1167
361,2,4,1,15.0,False,2,0.0417
361,3,1,3,24.67,False,2,0.1542
361,3,2,3,24.0,False,2,0.1
361,3,3,5,23.4,False,2,0.195
361,3,4,1,21.0,False,2,0.0583
361,4,0,1,13.0,False,2,0.0181
361,4,1,2,20.5,False,2,0.0854
361,4,2,3,21.0,False,2,0.0875
361,4,3,4,31.25,False,2,0.2083
361,4,4,1,26.0,False,2,0.0722
361,5,0,1,29.0,True,2,0.0403
361,5,2,5,18.8,True,2,0.1306
361,5,3,6,22.5,True,2,0.225
361,5,4,2,12.5,True,2,0.0694
361,6,0,3,24.0,True,2,0.1
361,6,1,2,32.0,True,2,0.1333
361,6,2,5,19.6,True,2,0.1361
361,6,3,5,16.8,True,2,0.14
361,6,4,1,12.0,True,2,0.0333
362,0,1,1,63.0,False,1,0.2625
362,0,2,4,20.5,False,1,0.2278
362,0,3,4,46.5,False,1,0.62
362,1,1,1,31.0,False,1,0.1292
362,1,2,2,41.0,False,1,0.2278
362,1,3,3,40.67,False,1,0.4067
362,2,1,2,54.0,False,1,0.45
362,2,2,3,56.0,False,1,0.4667
362,2,3,1,9.0,False,1,0.03
362,3,1,3,39.0,False,1,0.4875
362,3,2,1,38.0,False,1,0.1056
362,4,0,1,114.0,False,1,0.3167
362,4,2,3,77.33,False,1,0.6444
362,4,3,3,20.33,False,1,0.2033
362,4,4,1,41.0,False,1,0.2278
362,5,0,1,28.0,True,1,0.0778
362,5,2,7,61.29,True,1,1.0
362,5,3,8,44.38,True,1,1.0
362,5,4,2,53.5,True,1,0.5944
362,6,1,1,26.0,True,1,0.1083
362,6,2,3,40.0,True,1,0.3333
362,6,3,6,62.33,True,1,1.0
363,0,1,3,14.67,False,1,0.1833
363,0,2,8,22.0,False,1,0.4889
363,0,3,8,11.88,False,1,0.3167
363,0,4,2,13.0,False,1,0.1444
363,1,1,4,14.5,False,1,0.2417
363,1,2,7,18.0,False,1,0.35
363,1,3,8,20.0,False,1,0.5333
363,1,4,3,15.33,False,1,0.2556
363,2,1,7,20.14,False,1,0.5875
363,2,2,6,13.17,False,1,0.2194
363,2,3,5,15.0,False,1,0.25
363,2,4,7,14.0,False,1,0.5444
363,3,1,4,23.25,False,1,0.3875
363,3,2,2,10.5,False,1,0.0583
363,3,3,4,12.75,False,1,0.17
363,3,4,1,40.0,False,1,0.2222
363,4,1,4,25.5,False,1,0.425
363,4,2,4,24.25,False,1,0.2694
363,4,3,7,16.57,False,1,0.3867
363,4,4,1,19.0,False,1,0.1056
363,5,0,2,23.5,True,1,0.1306
363,5,1,1,9.0,True,1,0.0375
363,5,2,9,17.22,True,1,0.4306
363,5,3,3,26.67,True,1,0.2667
363,5,4,2,10.0,True,1,0.1111
363,6,1,2,13.0,True,1,0.1083
363,6,2,12,16.17,True,1,0.5389
363,6,3,6,13.17,True,1,0.2633
363,6,4,2,9.0,True,1,0.1
364,0,0,1,14.0,False,1,0.0389
364,0,1,4,23.75,False,1,0.3958
364,0,2,1,19.0,False,1,0.0528
364,0,3,2,18.0,False,1,0.12
364,1,1,3,25.67,False,1,0.3208
364,1,2,2,36.5,False,1,0.2028
364,1,3,7,20.14,False,1,0.47
364,1,4,2,31.5,False,1,0.35
364,2,0,1,14.0,False,1,0.0389
364,2,1,4,20.75,False,1,0.3458
364,2,2,3,25.0,False,1,0.2083
364,2,3,3,19.0,False,1,0.19
364,3,1,1,16.0,False,1,0.0667
364,3,2,6,23.33,False,1,0.3889
364,3,3,5,17.0,False,1,0.2833
364,3,4,1,18.0,False,1,0.1
364,4,1,4,27.25,False,1,0.4542
364,4,2,2,30.0,False,1,0.1667
364,4,3,5,24.0,False,1,0.4
364,5,1,1,24.0,True,1,0.1
364,5,2,4,23.25,True,1,0.2583
364,5,3,6,22.33,True,1,0.4467
364,5,4,1,14.0,True,1,0.0778
364,6,1,2,17.5,True,1,0.1458
364,6,2,6,20.0,True,1,0.3333
364,6,3,4,24.5,True,1,0.3267
365,0,0,1,55.0,False,1,0.1528
365,0,1,3,69.0,False,1,0.8625
365,0,3,6,35.0,False,1,0.7
365,0,4,2,62.0,False,1,0.6889
365,1,1,3,60.67,False,1,0.7583
365,1,2,2,44.0,False,1,0.2444
365,1,3,6,41.0,False,1,0.82
365,1,4,1,84.0,False,1,0.4667
365,2,0,1,73.0,False,1,0.2028
365,2,1,2,13.5,False,1,0.1125
365,2,2,1,59.0,False,1,0.1639
365,2,3,4,33.5,False,1,0.4467
365,2,4,1,64.0,False,1,0.3556
365,3,1,2,29.5,False,1,0.2458
365,3,2,2,24.0,False,1,0.1333
365,3,3,6,50.83,False,1,1.0
365,3,4,1,90.0,False,1,0.5
365,4,0,1,48.0,False,1,0.1333
365,4,1,1,65.0,False,1,0.2708
365,4,3,3,45.33,False,1,0.4533
365,5,0,1,142.0,True,1,0.3944
365,5,1,2,13.0,True,1,0.1083
365,5,2,6,55.83,True,1,0.9306
365,5,3,9,49.33,True,1,1.0
365,6,0,1,42.0,True,1,0.1167
365,6,1,2,71.0,True,1,0.5917
365,6,2,2,40.5,True,1,0.225
365,6,3,2,34.5,True,1,0.23
366,0,0,1,12.0,False,2,0.0167
366,0,1,5,8.4,False,2,0.0875
366,0,2,5,7.6,False,2,0.0528
366,0,3,4,6.25,False,2,0.0417
366,0,4,1,7.0,False,2,0.0194
366,1,0,1,5.0,False,2,0.0069
366,1,1,2,12.5,False,2,0.0521
366,1,2,3,7.0,False,2,0.0292
366,1,3,4,10.25,False,2,0.0683
366,1,4,1,10.0,False,2,0.0278
366,2,1,5,12.6,False,2,0.1312
366,2,2,2,13.5,False,2,0.0375
366,2,3,4,7.5,False,2,0.05
366,3,0,1,7.0,False,2,0.0097
366,3,1,2,11.5,False,2,0.0479
366,3,3,5,12.4,False,2,0.1033
366,3,4,3,9.0,False,2,0.075
366,4,0,2,7.0,False,2,0.0194
366,4,1,4,9.5,False,2,0.0792
366,4,2,2,8.0,False,2,0.0222
366,4,3,7,10.57,False,2,0.1233
366,4,4,1,6.0,False,2,0.0167
366,5,2,4,9.0,True,2,0.05
366,5,3,3,6.67,True,2,0.0333
366,5,4,1,16.0,True,2,0.0444
366,6,0,2,7.5,True,2,0.0208
366,6,2,6,8.5,True,2,0.0708
366,6,3,5,11.4,True,2,0.095
366,6,4,2,6.5,True,2,0.0361
367,0,0,1,15.0,False,1,0.0417
367,0,1,3,8.0,False,1,0.1
367,0,2,2,10.5,False,1,0.0583
367,0,3,5,6.6,False,1,0.11
367,0,4,2,10.0,False,1,0.1111
367,1,1,6,8.67,False,1,0.2167
367,1,3,6,12.67,False,1,0.2533
367,1,4,1,8.0,False,1,0.0444
367,2,1,6,8.83,False,1,0.2208
367,2,2,5,8.8,False,1,0.1222
367,2,3,9,8.89,False,1,0.2667
367,2,4,2,6.0,False,1,0.0667
367,3,1,7,10.29,False,1,0.3
367,3,2,3,10.0,False,1,0.0833
367,3,3,6,11.67,False,1,0.2333
367,3,4,6,9.5,False,1,0.3167
367,4,0,1,9.0,False,1,0.025
367,4,1,4,9.25,False,1,0.1542
367,4,2,4,7.5,False,1,0.0833
367,4,3,7,11.71,False,1,0.2733
367,4,4,3,7.0,False,1,0.1167
367,5,0,2,5.5,True,1,0.0306
367,5,2,5,8.6,True,1,0.1194
367,5,3,3,12.33,True,1,0.1233
367,5,4,1,8.0,True,1,0.0444
367,6,1,2,10.5,True,1,0.0875
367,6,2,10,9.2,True,1,0.2556
367,6,3,6,9.33,True,1,0.1867
367,6,4,1,14.0,True,1,0.0778
368,0,1,1,5.0,False,1,0.0208
368,0,2,1,3.0,False,1,0.0083
368,0,3,3,41.67,False,1,0.4167
368,0,4,1,45.0,False,1,0.25
368,1,1,3,28.67,False,1,0.3583
368,1,2,3,20.0,False,1,0.1667
368,1,3,4,50.0,False,1,0.6667
368,1,4,1,44.0,False,1,0.2444
368,2,0,1,37.0,False,1,0.1028
368,2,1,1,34.0,False,1,0.1417
368,2,2,3,21.0,False,1,0.175
368,2,3,5,17.0,False,1,0.2833
368,2,4,1,34.0,False,1,0.1889
368,3,0,1,52.0,False,1,0.1444
368,3,1,2,36.5,False,1,0.3042
368,3,2,2,26.5,False,1,0.1472
368,3,3,5,38.4,False,1,0.64
368,4,1,3,44.0,False,1,0.55
368,4,2,1,24.0,False,1,0.0667
368,4,3,5,52.8,False,1,0.88
368,4,4,1,8.0,False,1,0.0444
368,5,0,1,2.0,True,1,0.0056
368,5,1,3,38.67,True,1,0.4833
368,5,2,5,10.8,True,1,0.15
368,5,3,1,32.0,True,1,0.1067
368,6,2,8,39.38,True,1,0.875
368,6,3,3,46.0,True,1,0.46
369,0,1,5,16.2,False,1,0.3375
369,0,2,6,17.17,False,1,0.2861
369,0,3,6,17.33,False,1,0.3467
369,0,4,4,30.25,False,1,0.6722
369,1,0,1,32.0,False,1,0.0889
369,1,1,6,11.5,False,1,0.2875
369,1,2,3,14.33,False,1,0.1194
369,1,3,4,10.25,False,1,0.1367
369,1,4,1,17.0,False,1,0.0944
369,2,1,1,5.0,False,1,0.0208
369,2,2,3,23.0,False,1,0.1917
369,2,3,4,15.5,False,1,0.2067
369,2,4,2,27.5,False,1,0.3056
369,3,1,5,13.6,False,1,0.2833
369,3,2,2,13.5,False,1,0.075
369,3,3,7,24.43,False,1,0.57
369,4,1,4,19.25,False,1,0.3208
369,4,3,5,20.4,False,1,0.34
369,4,4,2,16.0,False,1,0.1778
369,5,1,2,23.0,True,1,0.1917
369,5,2,8,22.12,True,1,0.4917
369,5,3,2,13.0,True,1,0.0867
369,6,0,1,26.0,True,1,0.0722
369,6,2,10,18.1,True,1,0.5028
369,6,3,8,19.5,True,1,0.52
369,6,4,1,31.0,True,1,0.1722
370,0,1,3,28.67,False,1,0.3583
370,0,2,2,22.0,False,1,0.1222
370,0,3,4,17.25,False,1,0.23
370,1,0,2,22.5,False,1,0.125
370,1,1,7,23.29,False,1,0.6792
370,1,3,7,19.14,False,1,0.4467
370,2,0,1,27.0,False,1,0.075
370,2,1,3,18.33,False,1,0.2292
370,2,2,2,14.0,False,1,0.0778
370,2,3,2,32.0,False,1,0.2133
370,2,4,2,11.0,False,1,0.1222
370,3,0,1,12.0,False,1,0.0333
370,3,1,4,10.5,False,1,0.175
370,3,2,2,21.0,False,1,0.1167
370,3,3,6,16.67,False,1,0.3333
370,4,1,2,4.5,False,1,0.0375
370,4,3,3,16.0,False,1,0.16
370,4,4,2,9.0,False,1,0.1
370,5,1,2,26.5,True,1,0.2208
370,5,2,10,21.5,True,1,0.5972
370,5,3,2,9.0,True,1,0.06
370,5,4,1,17.0,True,1,0.0944
370,6,0,1,17.0,True,1,0.0472
370,6,1,3,34.67,True,1,0.4333
370,6,2,8,22.12,True,1,0.4917
370,6,3,4,23.5,True,1,0.3133
370,6,4,2,15.5,True,1,0.1722
371,0,1,4,17.5,False,6,0.0486
371,0,2,2,12.5,False,6,0.0116
371,0,3,8,17.25,False,6,0.0767
371,0,4,3,11.0,False,6,0.0306
371,1,1,5,24.6,False,6,0.0854
371,1,3,4,17.75,False,6,0.0394
371,1,4,4,21.0,False,6,0.0778
371,2,0,3,11.67,False,6,0.0162
371,2,1,5,17.8,False,6,0.0618
371,2,2,4,16.75,False,6,0.031
371,2,3,9,20.0,False,6,0.1
371,2,4,5,17.2,False,6,0.0796
371,3,0,1,24.0,False,6,0.0111
371,3,1,7,24.71,False,6,0.1201
371,3,2,2,22.5,False,6,0.0208
371,3,3,3,21.67,False,6,0.0361
371,3,4,6,17.17,False,6,0.0954
371,4,1,9,20.78,False,6,0.1299
371,4,2,3,35.67,False,6,0.0495
371,4,3,15,21.47,False,6,0.1789
371,4,4,1,34.0,False,6,0.0315
371,5,1,4,16.75,True,6,0.0465
371,5,2,12,16.5,True,6,0.0917
371,5,3,8,26.88,True,6,0.1194
371,5,4,3,25.33,True,6,0.0704
371,6,0,1,25.0,True,6,0.0116
371,6,1,2,22.5,True,6,0.0312
371,6,2,7,18.71,True,6,0.0606
371,6,3,8,19.75,True,6,0.0878
371,6,4,1,44.0,True,6,0.0407
372,0,1,2,8.5,False,1,0.0708
372,0,2,4,6.75,False,1,0.075
372,0,3,8,6.62,False,1,0.1767
372,0,4,1,8.0,False,1,0.0444
372,1,0,1,11.0,False,1,0.0306
372,1,1,2,5.5,False,1,0.0458
372,1,2,5,7.4,False,1,0.1028
372,1,3,9,8.0,False,1,0.24
372,1,4,1,10.0,False,1,0.0556
372,2,0,2,9.5,False,1,0.0528
372,2,1,9,8.89,False,1,0.3333
372,2,2,1,10.0,False,1,0.0278
372,2,3,6,8.17,False,1,0.1633
372,2,4,1,5.0,False,1,0.0278
372,3,0,1,6.0,False,1,0.0167
372,3,1,6,8.5,False,1,0.2125
372,3,2,5,7.2,False,1,0.1
372,3,3,7,6.86,False,1,0.16
372,3,4,3,7.0,False,1,0.1167
372,4,0,1,7.0,False,1,0.0194
372,4,1,5,7.4,False,1,0.1542
372,4,2,5,6.4,False,1,0.0889
372,4,3,7,9.0,False,1,0.21
372,4,4,3,6.67,False,1,0.1111
372,5,0,1,9.0,True,1,0.025
372,5,1,1,5.0,True,1,0.0208
372,5,2,10,10.1,True,1,0.2806
372,5,3,6,7.17,True,1,0.1433
372,5,4,1,6.0,True,1,0.0333
372,6,0,1,5.0,True,1,0.0139
372,6,1,1,11.0,True,1,0.0458
372,6,2,10,8.7,True,1,0.2417
372,6,3,3,6.0,True,1,0.06
372,6,4,1,7.0,True,1,0.0389
373,0,0,1,46.0,False,1,0.1278
373,0,1,3,43.0,False,1,0.5375
373,0,2,3,63.0,False,1,0.525
373,0,3,2,49.5,False,1,0.33
373,0,4,1,32.0,False,1,0.1778
373,1,0,1,112.0,False,1,0.3111
373,1,1,1,10.0,False,1,0.0417
373,1,2,1,4.0,False,1,0.0111
373,1,3,2,28.5,False,1,0.19
373,2,0,2,30.5,False,1,0.1694
373,2,1,4,35.75,False,1,0.5958
373,2,2,4,50.5,False,1,0.5611
373,2,3,3,31.33,False,1,0.3133
373,2,4,2,23.5,False,1,0.2611
373,3,1,2,20.0,False,1,0.1667
373,3,2,2,41.0,False,1,0.2278
373,3,3,5,34.2,False,1,0.57
373,3,4,2,42.0,False,1,0.4667
373,4,1,1,103.0,False,1,0.4292
373,4,2,2,38.5,False,1,0.2139
373,4,3,3,44.33,False,1,0.4433
373,5,1,1,61.0,True,1,0.2542
373,5,2,3,44.67,True,1,0.3722
373,5,3,4,46.0,True,1,0.6133
373,6,0,2,54.5,True,1,0.3028
373,6,1,1,6.0,True,1,0.025
373,6,2,3,30.67,True,1,0.2556
373,6,3,1,20.0,True,1,0.0667
373,6,4,1,42.0,True,1,0.2333
374,0,0,1,7.0,False,1,0.0194
374,0,1,3,11.67,False,1,0.1458
374,0,2,2,25.5,False,1,0.1417
374,0,3,11,15.64,False,1,0.5733
374,0,4,2,16.5,False,1,0.1833
374,1,0,1,8.0,False,1,0.0222
374,1,1,2,26.0,False,1,0.2167
374,1,2,2,17.0,False,1,0.0944
374,1,3,9,16.78,False,1,0.5033
374,1,4,2,22.0,False,1,0.2444
374,2,1,6,28.5,False,1,0.7125
374,2,2,2,17.0,False,1,0.0944
374,2,3,5,24.0,False,1,0.4
374,2,4,5,11.8,False,1,0.3278
374,3,1,2,26.0,False,1,0.2167
374,3,2,7,18.14,False,1,0.3528
374,3,3,5,26.4,False,1,0.44
374,4,0,1,23.0,False,1,0.0639
374,4,1,4,24.5,False,1,0.4083
374,4,2,2,11.0,False,1,0.0611
374,4,3,2,11.0,False,1,0.0733
374,4,4,2,23.0,False,1,0.2556
374,5,0,2,18.5,True,1,0.1028
374,5,2,6,25.17,True,1,0.4194
374,5,3,4,18.0,True,1,0.24
374,5,4,1,12.0,True,1,0.0667
374,6,0,1,7.0,True,1,0.0194
374,6,1,1,18.0,True,1,0.075
374,6,2,5,17.4,True,1,0.2417
374,6,3,4,26.25,True,1,0.35
374,6,4,1,23.0,True,1,0.1278
375,0,1,5,7.0,False,2,0.0729
375,0,2,3,7.33,False,2,0.0306
375,0,3,3,6.67,False,2,0.0333
375,1,1,3,6.33,False,2,0.0396
375,1,3,3,7.67,False,2,0.0383
375,2,0,1,5.0,False,2,0.0069
375,2,1,1,10.0,False,2,0.0208
375,2,3,2,6.5,False,2,0.0217
375,3,1,4,6.25,False,2,0.0521
375,3,3,4,6.0,False,2,0.04
375,3,4,1,5.0,False,2,0.0139
375,4,0,1,8.0,False,2,0.0111
375,4,1,3,6.0,False,2,0.0375
375,4,2,2,7.5,False,2,0.0208
375,4,3,2,8.5,False,2,0.0283
375,5,0,1,7.0,True,2,0.0097
375,5,2,6,9.0,True,2,0.075
375,5,3,3,6.67,True,2,0.0333
375,6,0,1,6.0,True,2,0.0083
375,6,2,6,10.5,True,2,0.0875
375,6,3,3,5.0,True,2,0.025
376,0,1,1,77.0,False,1,0.3208
376,0,2,2,32.5,False,1,0.1806
376,0,3,6,51.83,False,1,1.0
376,0,4,1,65.0,False,1,0.3611
376,1,1,3,66.33,False,1,0.8292
376,1,2,4,46.0,False,1,0.5111
376,1,3,7,49.43,False,1,1.0
376,2,1,5,29.6,False,1,0.6167
376,2,2,2,41.0,False,1,0.2278
376,2,3,3,50.67,False,1,0.5067
376,2,4,2,79.5,False,1,0.8833
376,3,1,4,64.25,False,1,1.0
376,3,2,4,47.0,False,1,0.5222
376,3,3,3,46.67,False,1,0.4667
376,3,4,3,80.0,False,1,1.0
376,4,1,2,59.0,False,1,0.4917
376,4,2,2,20.5,False,1,0.1139
376,4,3,3,68.67,False,1,0.6867
376,4,4,1,33.0,False,1,0.1833
376,5,0,1,30.0,True,1,0.0833
376,5,2,1,29.0,True,1,0.0806
376,5,3,4,88.0,True,1,1.0
376,6,1,2,16.0,True,1,0.1333
376,6,2,3,51.33,True,1,0.4278
376,6,3,2,38.0,True,1,0.2533
376,6,4,2,59.5,True,1,0.6611
377,0,0,2,19.5,False,1,0.1083
377,0,1,3,33.67,False,1,0.4208
377,0,2,3,26.67,False,1,0.2222
377,0,3,9,21.22,False,1,0.6367
377,0,4,3,42.67,False,1,0.7111
377,1,1,2,29.5,False,1,0.2458
377,1,2,2,39.0,False,1,0.2167
377,1,3,7,36.0,False,1,0.84
377,1,4,3,39.67,False,1,0.6611
377,2,1,8,30.75,False,1,1.0
377,2,2,2,54.0,False,1,0.3
377,2,3,9,49.89,False,1,1.0
377,2,4,1,9.0,False,1,0.05
377,3,1,8,24.12,False,1,0.8042
377,3,2,1,89.0,False,1,0.2472
377,3,3,10,50.8,False,1,1.0
377,3,4,2,31.5,False,1,0.35
377,4,0,1,27.0,False,1,0.075
377,4,1,3,19.0,False,1,0.2375
377,4,2,3,38.67,False,1,0.3222
377,4,3,6,46.17,False,1,0.9233
377,4,4,1,5.0,False,1,0.0278
377,5,0,1,52.0,True,1,0.1444
377,5,1,1,29.0,True,1,0.1208
377,5,2,8,25.25,True,1,0.5611
377,5,3,7,50.14,True,1,1.0
377,5,4,2,33.5,True,1,0.3722
377,6,1,1,35.0,True,1,0.1458
377,6,2,13,33.54,True,1,1.0
377,6,3,8,46.0,True,1,1.0
377,6,4,2,15.5,True,1,0.1722
378,0,0,1,39.0,False,1,0.1083
378,0,1,3,55.0,False,1,0.6875
378,0,3,6,33.17,False,1,0.6633
378,0,4,2,96.0,False,1,1.0
378,1,1,3,25.33,False,1,0.3167
378,1,2,3,24.67,False,1,0.2056
378,1,3,4,32.0,False,1,0.4267
378,1,4,1,34.0,False,1,0.1889
378,2,1,1,32.0,False,1,0.1333
378,2,2,4,37.0,False,1,0.4111
378,2,3,2,28.5,False,1,0.19
378,2,4,2,21.0,False,1,0.2333
378,3,1,8,40.38,False,1,1.0
378,3,2,4,42.5,False,1,0.4722
378,3,3,3,41.33,False,1,0.4133
378,4,1,2,63.5,False,1,0.5292
378,4,2,4,30.75,False,1,0.3417
378,4,3,8,30.0,False,1,0.8
378,5,0,1,38.0,True,1,0.1056
378,5,1,1,1.0,True,1,0.0042
378,5,2,7,55.0,True,1,1.0
378,5,3,4,44.75,True,1,0.5967
378,5,4,1,22.0,True,1,0.1222
378,6,0,1,20.0,True,1,0.0556
378,6,2,7,34.57,True,1,0.6722
378,6,3,3,26.0,True,1,0.26
378,6,4,1,34.0,True,1,0.1889
379,0,0,1,10.0,False,10,0.0028
379,0,1,2,10.0,False,10,0.0083
379,0,3,3,9.67,False,10,0.0097
379,1,1,1,5.0,False,10,0.0021
379,1,2,3,8.33,False,10,0.0069
379,1,3,3,6.33,False,10,0.0063
379,1,4,1,6.0,False,10,0.0033
379,2,1,1,7.0,False,10,0.0029
379,2,3,2,6.0,False,10,0.004
379,3,1,2,8.5,False,10,0.0071
379,3,2,2,5.5,False,10,0.0031
379,3,3,1,9.0,False,10,0.003
379,4,1,1,5.0,False,10,0.0021
379,4,2,2,13.0,False,10,0.0072
379,4,3,3,5.67,False,10,0.0057
379,5,1,2,6.5,True,10,0.0054
379,5,2,1,10.0,True,10,0.0028
379,5,3,1,5.0,True,10,0.0017
379,5,4,1,5.0,True,10,0.0028
379,6,0,1,6.0,True,10,0.0017
379,6,1,2,6.5,True,10,0.0054
379,6,2,5,6.2,True,10,0.0086
379,6,3,2,6.0,True,10,0.004
379,6,4,1,12.0,True,10,0.0067
380,0,0,1,26.0,False,1,0.0722
380,0,1,3,42.33,False,1,0.5292
380,0,2,3,38.0,False,1,0.3167
380,0,3,9,56.67,False,1,1.0
380,1,0,1,44.0,False,1,0.1222
380,1,1,2,26.5,False,1,0.2208
380,1,2,5,41.4,False,1,0.575
380,1,3,3,40.33,False,1,0.4033
380,1,4,3,29.33,False,1,0.4889
380,2,0,1,26.0,False,1,0.0722
380,2,1,4,52.25,False,1,0.8708
380,2,2,2,50.0,False,1,0.2778
380,2,3,5,48.0,False,1,0.8
380,2,4,1,38.0,False,1,0.2111
380,3,0,1,54.0,False,1,0.15
380,3,1,2,44.0,False,1,0.3667
380,3,2,4,41.0,False,1,0.4556
380,3,3,5,43.2,False,1,0.72
380,4,1,3,33.33,False,1,0.4167
380,4,2,1,26.0,False,1,0.0722
380,4,3,6,28.5,False,1,0.57
380,5,0,1,45.0,True,1,0.125
380,5,1,2,66.5,True,1,0.5542
380,5,2,6,33.0,True,1,0.55
380,5,3,3,20.67,True,1,0.2067
380,5,4,3,23.67,True,1,0.3944
380,6,0,1,51.0,True,1,0.1417
380,6,1,1,41.0,True,1,0.1708
380,6,2,6,43.33,True,1,0.7222
380,6,3,3,31.0,True,1,0.31
381,0,1,1,30.0,False,1,0.125
381,0,2,1,28.0,False,1,0.0778
381,0,3,4,24.75,False,1,0.33
381,1,1,1,31.0,False,1,0.1292
381,1,3,1,5.0,False,1,0.0167
381,1,4,1,13.0,False,1,0.0722
381,2,1,1,39.0,False,1,0.1625
381,2,2,1,32.0,False,1,0.0889
381,2,3,2,27.5,False,1,0.1833
381,2,4,1,12.0,False,1,0.0667
381,3,1,3,21.0,False,1,0.2625
381,3,3,2,16.0,False,1,0.1067
381,3,4,1,19.0,False,1,0.1056
381,4,3,1,7.0,False,1,0.0233
381,5,2,1,39.0,True,1,0.1083
381,6,0,1,8.0,True,1,0.0222
381,6,2,4,22.0,True,1,0.2444
381,6,3,1,20.0,True,1,0.0667
381,6,4,2,22.5,True,1,0.25
382,0,1,4,22.75,False,1,0.3792
382,0,2,1,26.0,False,1,0.0722
382,0,3,3,21.0,False,1,0.21
382,1,0,1,25.0,False,1,0.0694
382,1,1,1,16.0,False,1,0.0667
382,1,2,3,22.33,False,1,0.1861
382,1,3,3,19.67,False,1,0.1967
382,1,4,2,12.5,False,1,0.1389
382,2,0,1,4.0,False,1,0.0111
382,2,1,1,21.0,False,1,0.0875
382,2,2,1,11.0,False,1,0.0306
382,2,3,5,19.4,False,1,0.3233
382,3,0,2,19.5,False,1,0.1083
382,3,1,4,19.0,False,1,0.3167
382,3,2,2,19.0,False,1,0.1056
382,3,3,3,25.0,False,1,0.25
382,4,1,1,15.0,False,1,0.0625
382,4,3,5,16.2,False,1,0.27
382,5,0,1,30.0,True,1,0.0833
382,5,1,1,1.0,True,1,0.0042
382,5,2,3,20.67,True,1,0.1722
382,5,3,3,15.33,True,1,0.1533
382,5,4,1,23.0,True,1,0.1278
382,6,0,1,2.0,True,1,0.0056
382,6,1,2,14.5,True,1,0.1208
382,6,2,7,14.86,True,1,0.2889
382,6,3,4,11.25,True,1,0.15
383,0,0,1,20.0,False,1,0.0556
383,0,1,6,23.67,False,1,0.5917
383,0,2,8,18.62,False,1,0.4139
383,0,3,7,25.43,False,1,0.5933
383,0,4,2,24.5,False,1,0.2722
383,1,0,2,14.5,False,1,0.0806
383,1,1,6,29.17,False,1,0.7292
383,1,2,3,16.67,False,1,0.1389
383,1,3,10,17.7,False,1,0.59
383,1,4,5,26.6,False,1,0.7389
383,2,0,1,27.0,False,1,0.075
383,2,1,4,18.0,False,1,0.3
383,2,2,1,29.0,False,1,0.0806
383,2,3,6,18.83,False,1,0.3767
383,2,4,2,7.5,False,1,0.0833
383,3,1,9,21.78,False,1,0.8167
383,3,2,4,28.0,False,1,0.3111
383,3,3,7,21.29,False,1,0.4967
383,4,1,5,18.4,False,1,0.3833
383,4,2,3,24.33,False,1,0.2028
383,4,3,12,26.58,False,1,1.0
383,4,4,4,22.5,False,1,0.5
383,5,0,2,14.0,True,1,0.0778
383,5,1,2,26.5,True,1,0.2208
383,5,2,4,13.5,True,1,0.15
383,5,3,4,7.25,True,1,0.0967
383,5,4,3,16.67,True,1,0.2778
383,6,1,3,15.0,True,1,0.1875
383,6,2,9,19.22,True,1,0.4806
383,6,3,5,22.2,True,1,0.37
383,6,4,1,24.0,True,1,0.1333
384,0,1,5,49.2,False,1,1.0
384,0,2,1,42.0,False,1,0.1167
384,0,3,5,53.0,False,1,0.8833
384,0,4,1,38.0,False,1,0.2111
384,1,1,3,39.67,False,1,0.4958
384,1,2,4,52.25,False,1,0.5806
384,1,3,5,64.8,False,1,1.0
384,1,4,2,26.0,False,1,0.2889
384,2,1,5,50.4,False,1,1.0
384,2,2,2,65.5,False,1,0.3639
384,2,3,3,60.33,False,1,0.6033
384,2,4,2,26.0,False,1,0.2889
384,3,1,6,52.33,False,1,1.0
384,3,2,5,66.2,False,1,0.9194
384,3,3,5,42.0,False,1,0.7
384,4,1,6,43.0,False,1,1.0
384,4,2,2,38.0,False,1,0.2111
384,4,3,4,51.25,False,1,0.6833
384,4,4,1,89.0,False,1,0.4944
384,5,2,4,37.0,True,1,0.4111
384,5,3,4,58.0,True,1,0.7733
384,5,4,2,58.5,True,1,0.65
384,6,0,1,44.0,True,1,0.1222
384,6,1,3,46.0,True,1,0.575
384,6,2,8,31.62,True,1,0.7028
384,6,3,1,71.0,True,1,0.2367
385,0,0,1,12.0,False,1,0.0333
385,0,1,2,7.5,False,1,0.0625
385,0,2,1,12.0,False,1,0.0333
385,0,3,6,11.0,False,1,0.22
385,0,4,1,15.0,False,1,0.0833
385,1,1,2,11.0,False,1,0.0917
385,1,2,3,7.0,False,1,0.0583
385,1,3,7,8.57,False,1,0.2
385,1,4,1,10.0,False,1,0.0556
385,2,0,2,10.5,False,1,0.0583
385,2,1,2,6.0,False,1,0.05
385,2,2,1,15.0,False,1,0.0417
385,2,3,3,5.33,False,1,0.0533
385,2,4,1,8.0,False,1,0.0444
385,3,0,1,14.0,False,1,0.0389
385,3,1,2,10.0,False,1,0.0833
385,3,3,3,7.0,False,1,0.07
385,4,1,2,8.5,False,1,0.0708
385,4,2,1,8.0,False,1,0.0222
385,4,3,3,7.33,False,1,0.0733
385,4,4,1,11.0,False,1,0.0611
385,5,0,1,3.0,True,1,0.0083
385,5,1,1,10.0,True,1,0.0417
385,5,2,4,8.75,True,1,0.0972
385,5,3,2,9.5,True,1,0.0633
385,5,4,2,14.0,True,1,0.1556
385,6,2,6,12.17,True,1,0.2028
385,6,3,2,8.0,True,1,0.0533
385,6,4,1,9.0,True,1,0.05
386,0,1,5,31.6,False,1,0.6583
386,0,2,5,12.2,False,1,0.1694
386,0,3,8,17.5,False,1,0.4667
386,0,4,3,13.0,False,1,0.2167
386,1,0,2,35.0,False,1,0.1944
386,1,1,5,13.2,False,1,0.275
386,1,2,10,19.9,False,1,0.5528
386,1,3,5,20.0,False,1,0.3333
386,1,4,4,21.75,False,1,0.4833
386,2,0,1,37.0,False,1,0.1028
386,2,1,5,11.2,False,1,0.2333
386,2,2,1,11.0,False,1,0.0306
386,2,3,7,18.29,False,1,0.4267
386,3,0,1,5.0,False,1,0.0139
386,3,1,3,13.0,False,1,0.1625
386,3,2,1,15.0,False,1,0.0417
386,3,3,2,13.0,False,1,0.0867
386,3,4,4,27.75,False,1,0.6167
386,4,0,1,1.0,False,1,0.0028
386,4,1,6,20.33,False,1,0.5083
386,4,2,2,10.5,False,1,0.0583
386,4,3,5,18.2,False,1,0.3033
386,4,4,2,15.0,False,1,0.1667
386,5,1,1,10.0,True,1,0.0417
386,5,2,12,16.67,True,1,0.5556
386,5,3,4,21.75,True,1,0.29
386,5,4,2,31.5,True,1,0.35
386,6,1,2,21.5,True,1,0.1792
386,6,2,10,19.8,True,1,0.55
386,6,3,4,29.5,True,1,0.3933
386,6,4,2,21.0,True,1,0.2333
387,0,1,4,6.5,False,2,0.0542
387,0,2,1,11.0,False,2,0.0153
387,0,4,2,6.5,False,2,0.0361
387,1,0,1,5.0,False,2,0.0069
387,1,1,1,5.0,False,2,0.0104
387,1,3,2,5.5,False,2,0.0183
387,2,1,2,5.0,False,2,0.0208
387,2,3,5,7.2,False,2,0.06
387,2,4,2,5.0,False,2,0.0278
387,3,0,1,5.0,False,2,0.0069
387,3,1,5,6.4,False,2,0.0667
387,3,2,3,6.0,False,2,0.025
387,3,3,2,5.5,False,2,0.0183
387,4,1,1,6.0,False,2,0.0125
387,4,2,1,5.0,False,2,0.0069
387,4,3,1,5.0,False,2,0.0083
387,4,4,1,5.0,False,2,0.0139
387,5,2,6,6.17,True,2,0.0514
387,5,3,2,5.5,True,2,0.0183
387,6,2,2,5.0,True,2,0.0139
387,6,3,3,5.67,True,2,0.0283
388,0,0,2,15.5,False,1,0.0861
388,0,1,6,17.5,False,1,0.4375
388,0,2,5,21.0,False,1,0.2917
388,0,3,10,20.1,False,1,0.67
388,0,4,4,20.5,False,1,0.4556
388,1,1,4,20.25,False,1,0.3375
388,1,2,4,19.5,False,1,0.2167
388,1,3,7,20.57,False,1,0.48
388,1,4,2,24.0,False,1,0.2667
388,2,0,1,55.0,False,1,0.1528
388,2,1,4,33.75,False,1,0.5625
388,2,2,1,5.0,False,1,0.0139
388,2,3,5,10.6,False,1,0.1767
388,3,1,1,28.0,False,1,0.1167
388,3,2,1,15.0,False,1,0.0417
388,3,3,11,19.45,False,1,0.7133
388,3,4,4,11.0,False,1,0.2444
388,4,0,3,10.67,False,1,0.0889
388,4,1,6,14.67,False,1,0.3667
388,4,2,2,25.0,False,1,0.1389
388,4,3,5,13.0,False,1,0.2167
388,4,4,4,20.25,False,1,0.45
388,5,0,1,34.0,True,1,0.0944
388,5,1,1,18.0,True,1,0.075
388,5,2,14,16.29,True,1,0.6333
388,5,3,7,21.71,True,1,0.5067
388,6,1,2,10.5,True,1,0.0875
388,6,2,11,21.64,True,1,0.6611
388,6,3,15,20.73,True,1,1.0
388,6,4,1,18.0,True,1,0.1
389,0,1,6,9.17,False,1,0.2292
389,0,2,5,15.6,False,1,0.2167
389,0,3,6,8.17,False,1,0.1633
389,0,4,1,8.0,False,1,0.0444
389,1,1,5,8.2,False,1,0.1708
389,1,2,6,9.17,False,1,0.1528
389,1,3,5,11.0,False,1,0.1833
389,1,4,4,7.5,False,1,0.1667
389,2,0,1,2.0,False,1,0.0056
389,2,1,4,11.0,False,1,0.1833
389,2,2,3,9.67,False,1,0.0806
389,2,3,4,10.5,False,1,0.14
389,2,4,2,1.5,False,1,0.0167
389,3,0,3,12.67,False,1,0.1056
389,3,1,4,7.5,False,1,0.125
389,3,2,4,8.25,False,1,0.0917
389,3,3,11,9.0,False,1,0.33
389,3,4,2,12.5,False,1,0.1389
389,4,0,1,15.0,False,1,0.0417
389,4,1,5,11.6,False,1,0.2417
389,4,2,8,8.75,False,1,0.1944
389,4,3,11,11.09,False,1,0.4067
389,4,4,4,6.5,False,1,0.1444
389,5,0,1,14.0,True,1,0.0389
389,5,1,2,11.5,True,1,0.0958
389,5,2,6,11.0,True,1,0.1833
389,5,3,5,11.2,True,1,0.1867
389,5,4,1,6.0,True,1,0.0333
389,6,2,5,7.6,True,1,0.1056
389,6,3,8,9.75,True,1,0.26
389,6,4,1,13.0,True,1,0.0722
390,0,0,4,44.0,False,1,0.4889
390,0,1,2,27.5,False,1,0.2292
390,0,2,2,39.0,False,1,0.2167
390,0,3,9,47.11,False,1,1.0
390,0,4,6,36.5,False,1,1.0
390,1,1,6,31.17,False,1,0.7792
390,1,2,4,27.5,False,1,0.3056
390,1,3,8,46.75,False,1,1.0
390,1,4,2,38.5,False,1,0.4278
390,2,1,3,51.33,False,1,0.6417
390,2,2,2,23.5,False,1,0.1306
390,2,3,8,28.75,False,1,0.7667
390,2,4,2,45.5,False,1,0.5056
390,3,1,5,60.4,False,1,1.0
390,3,2,3,30.0,False,1,0.25
390,3,3,8,41.12,False,1,1.0
390,3,4,1,38.0,False,1,0.2111
390,4,0,2,42.5,False,1,0.2361
390,4,1,7,37.14,False,1,1.0
390,4,2,1,44.0,False,1,0.1222
390,4,3,6,30.0,False,1,0.6
390,4,4,2,40.0,False,1,0.4444
390,5,0,2,54.0,True,1,0.3
390,5,1,1,27.0,True,1,0.1125
390,5,2,9,27.78,True,1,0.6944
390,5,3,5,40.2,True,1,0.67
390,5,4,1,56.0,True,1,0.3111
390,6,1,3,30.67,True,1,0.3833
390,6,2,5,54.2,True,1,0.7528
390,6,3,2,30.0,True,1,0.2
391,0,0,3,22.33,False,1,0.1861
391,0,1,3,23.33,False,1,0.2917
391,0,2,2,36.5,False,1,0.2028
391,0,3,4,12.0,False,1,0.16
391,1,1,2,22.0,False,1,0.1833
391,1,2,3,37.0,False,1,0.3083
391,1,3,7,23.86,False,1,0.5567
391,1,4,2,25.5,False,1,0.2833
391,2,1,1,48.0,False,1,0.2
391,2,2,1,35.0,False,1,0.0972
391,2,3,8,29.75,False,1,0.7933
391,3,1,5,24.0,False,1,0.5
391,3,2,2,17.5,False,1,0.0972
391,3,3,3,29.0,False,1,0.29
391,4,0,1,1.0,False,1,0.0028
391,4,1,4,32.25,False,1,0.5375
391,4,2,2,36.0,False,1,0.2
391,4,3,1,45.0,False,1,0.15
391,4,4,2,49.0,False,1,0.5444
391,5,0,2,41.5,True,1,0.2306
391,5,2,8,42.88,True,1,0.9528
391,5,3,5,25.4,True,1,0.4233
391,5,4,3,20.0,True,1,0.3333
391,6,1,2,29.0,True,1,0.2417
391,6,2,8,31.75,True,1,0.7056
391,6,3,3,27.0,True,1,0.27
392,0,0,3,5.0,False,4,0.0104
392,0,1,8,4.88,False,4,0.0406
392,0,2,2,5.0,False,4,0.0069
392,0,3,3,5.67,False,4,0.0142
392,1,0,1,5.0,False,4,0.0035
392,1,1,6,5.33,False,4,0.0333
392,1,2,4,6.0,False,4,0.0167
392,1,3,7,6.43,False,4,0.0375
392,1,4,3,6.67,False,4,0.0278
392,2,0,2,5.0,False,4,0.0069
392,2,1,4,6.5,False,4,0.0271
392,2,2,4,5.0,False,4,0.0139
392,2,3,10,5.8,False,4,0.0483
392,2,4,3,6.0,False,4,0.025
392,3,0,2,5.0,False,4,0.0069
392,3,1,3,5.33,False,4,0.0167
392,3,2,6,6.83,False,4,0.0285
392,3,3,8,6.62,False,4,0.0442
392,3,4,3,5.0,False,4,0.0208
392,4,0,1,6.0,False,4,0.0042
392,4,1,11,6.45,False,4,0.074
392,4,2,3,5.0,False,4,0.0104
392,4,3,4,6.75,False,4,0.0225
392,4,4,3,6.0,False,4,0.025
392,5,1,2,5.0,True,4,0.0104
392,5,2,11,5.91,True,4,0.0451
392,5,3,8,5.38,True,4,0.0358
392,6,1,2,5.0,True,4,0.0104
392,6,2,12,5.75,True,4,0.0479
392,6,3,4,6.5,True,4,0.0217
392,6,4,2,6.5,True,4,0.0181
393,0,0,1,26.0,False,2,0.0361
393,0,1,10,21.9,False,2,0.4562
393,0,2,6,12.17,False,2,0.1014
393,0,3,10,17.6,False,2,0.2933
393,0,4,4,9.25,False,2,0.1028
393,1,1,4,21.25,False,2,0.1771
393,1,2,2,16.5,False,2,0.0458
393,1,3,6,17.33,False,2,0.1733
393,1,4,2,43.0,False,2,0.2389
393,2,1,3,18.0,False,2,0.1125
393,2,2,3,10.0,False,2,0.0417
393,2,3,5,19.6,False,2,0.1633
393,2,4,3,19.33,False,2,0.1611
393,3,1,5,10.6,False,2,0.1104
393,3,2,5,14.8,False,2,0.1028
393,3,3,11,15.09,False,2,0.2767
393,3,4,1,16.0,False,2,0.0444
393,4,1,5,21.2,False,2,0.2208
393,4,2,6,24.67,False,2,0.2056
393,4,3,11,18.18,False,2,0.3333
393,4,4,2,16.0,False,2,0.0889
393,5,0,2,20.5,True,2,0.0569
393,5,1,2,20.0,True,2,0.0833
393,5,2,11,22.27,True,2,0.3403
393,5,3,4,10.25,True,2,0.0683
393,6,0,1,18.0,True,2,0.025
393,6,1,2,12.5,True,2,0.0521
393,6,2,5,22.6,True,2,0.1569
393,6,3,7,20.71,True,2,0.2417
393,6,4,4,38.5,True,2,0.4278
398,0,0,1,18.0,False,1,0.05
398,0,2,2,38.5,False,1,0.2139
398,0,3,4,16.0,False,1,0.2133
398,0,4,1,35.0,False,1,0.1944
398,1,1,4,19.25,False,1,0.3208
398,1,2,2,19.0,False,1,0.1056
398,1,3,1,15.0,False,1,0.05
398,1,4,1,9.0,False,1,0.05
398,2,1,1,8.0,False,1,0.0333
398,2,2,1,16.0,False,1,0.0444
398,2,3,6,22.0,False,1,0.44
398,2,4,1,8.0,False,1,0.0444
398,3,1,1,28.0,False,1,0.1167
398,3,2,1,13.0,False,1,0.0361
398,3,3,2,15.0,False,1,0.1
398,3,4,1,27.0,False,1,0.15
398,4,0,2,18.0,False,1,0.1
398,4,1,6,22.33,False,1,0.5583
398,4,2,2,20.5,False,1,0.1139
398,4,3,1,18.0,False,1,0.06
398,5,1,2,13.5,True,1,0.1125
398,5,2,6,20.33,True,1,0.3389
398,5,3,3,21.67,True,1,0.2167
398,6,3,3,14.0,True,1,0.14
399,0,1,3,37.0,False,1,0.4625
399,0,3,3,43.33,False,1,0.4333
399,0,4,1,23.0,False,1,0.1278
399,1,1,2,38.5,False,1,0.3208
399,1,2,4,13.25,False,1,0.1472
399,1,3,6,37.5,False,1,0.75
399,1,4,1,43.0,False,1,0.2389
399,2,1,6,38.33,False,1,0.9583
399,2,2,1,5.0,False,1,0.0139
399,2,3,7,51.0,False,1,1.0
399,3,0,2,45.0,False,1,0.25
399,3,1,4,39.5,False,1,0.6583
399,3,2,1,19.0,False,1,0.0528
399,3,3,1,32.0,False,1,0.1067
399,4,0,2,23.0,False,1,0.1278
399,4,1,2,22.5,False,1,0.1875
399,4,3,2,46.5,False,1,0.31
399,4,4,2,70.0,False,1,0.7778
399,5,0,2,16.0,True,1,0.0889
399,5,1,1,49.0,True,1,0.2042
399,5,2,2,37.0,True,1,0.2056
399,5,3,1,46.0,True,1,0.1533
399,6,0,1,13.0,True,1,0.0361
399,6,1,1,59.0,True,1,0.2458
399,6,2,9,35.56,True,1,0.8889
399,6,3,5,43.0,True,1,0.7167
399,6,4,1,5.0,True,1,0.0278
400,0,1,2,31.0,False,1,0.2583
400,0,2,4,18.25,False,1,0.2028
400,0,3,9,20.33,False,1,0.61
400,1,1,1,12.0,False,1,0.05
400,1,2,1,17.0,False,1,0.0472
400,1,3,2,11.5,False,1,0.0767
400,1,4,2,16.0,False,1,0.1778
400,2,0,1,30.0,False,1,0.0833
400,2,1,1,10.0,False,1,0.0417
400,2,2,3,19.33,False,1,0.1611
400,2,3,7,23.57,False,1,0.55
400,2,4,2,14.5,False,1,0.1611
400,3,0,1,24.0,False,1,0.0667
400,3,1,11,17.82,False,1,0.8167
400,3,2,4,20.5,False,1,0.2278
400,3,3,4,14.5,False,1,0.1933
400,3,4,3,10.0,False,1,0.1667
400,4,0,1,15.0,False,1,0.0417
400,4,1,2,15.0,False,1,0.125
400,4,2,2,22.5,False,1,0.125
400,4,3,5,17.4,False,1,0.29
400,4,4,1,20.0,False,1,0.1111
400,5,1,2,13.0,True,1,0.1083
400,5,2,9,12.78,True,1,0.3194
400,5,3,1,13.0,True,1,0.0433
400,5,4,2,24.0,True,1,0.2667
400,6,0,1,17.0,True,1,0.0472
400,6,1,3,25.67,True,1,0.3208
400,6,2,8,21.38,True,1,0.475
400,6,3,2,22.0,True,1,0.1467
401,0,0,2,21.0,False,1,0.1167
401,0,1,7,21.29,False,1,0.6208
401,0,2,3,14.67,False,1,0.1222
401,0,3,11,19.36,False,1,0.71
401,1,1,4,23.5,False,1,0.3917
401,1,2,6,18.5,False,1,0.3083
401,1,3,10,20.9,False,1,0.6967
401,1,4,1,19.0,False,1,0.1056
401,2,1,7,20.29,False,1,0.5917
401,2,2,5,19.8,False,1,0.275
401,2,3,8,20.12,False,1,0.5367
401,2,4,1,19.0,False,1,0.1056
401,3,1,4,21.0,False,1,0.35
401,3,2,5,27.2,False,1,0.3778
401,3,3,7,14.43,False,1,0.3367
401,3,4,1,17.0,False,1,0.0944
401,4,1,3,22.0,False,1,0.275
401,4,2,5,30.8,False,1,0.4278
401,4,3,12,18.08,False,1,0.7233
401,4,4,2,24.5,False,1,0.2722
401,5,1,1,5.0,True,1,0.0208
401,5,2,7,31.14,True,1,0.6056
401,5,3,6,25.17,True,1,0.5033
401,5,4,1,10.0,True,1,0.0556
401,6,1,3,25.67,True,1,0.3208
401,6,2,8,17.62,True,1,0.3917
401,6,3,4,33.25,True,1,0.4433
401,6,4,1,22.0,True,1,0.1222
402,0,0,1,50.0,False,1,0.1389
402,0,1,3,20.0,False,1,0.25
402,0,2,1,23.0,False,1,0.0639
402,0,3,3,14.67,False,1,0.1467
402,0,4,2,25.0,False,1,0.2778
402,1,1,6,16.83,False,1,0.4208
402,1,2,2,14.0,False,1,0.0778
402,1,3,7,23.29,False,1,0.5433
402,1,4,1,5.0,False,1,0.0278
402,2,1,4,15.75,False,1,0.2625
402,2,2,1,13.0,False,1,0.0361
402,2,3,11,20.82,False,1,0.7633
402,2,4,2,8.0,False,1,0.0889
402,3,0,1,21.0,False,1,0.0583
402,3,1,6,16.0,False,1,0.4
402,3,2,6,10.33,False,1,0.1722
402,3,3,5,21.2,False,1,0.3533
402,4,1,5,8.8,False,1,0.1833
402,4,2,3,10.0,False,1,0.0833
402,4,3,4,16.25,False,1,0.2167
402,4,4,2,23.5,False,1,0.2611
402,5,1,3,26.0,True,1,0.325
402,5,2,17,17.12,True,1,0.8083
402,5,3,2,25.0,True,1,0.1667
402,5,4,4,6.25,True,1,0.1389
402,6,2,11,23.91,True,1,0.7306
402,6,3,9,20.22,True,1,0.6067
402,6,4,3,17.67,True,1,0.2944
403,0,1,2,27.0,False,1,0.225
403,0,2,3,21.33,False,1,0.1778
403,0,3,4,16.25,False,1,0.2167
403,0,4,1,29.0,False,1,0.1611
403,1,1,1,20.0,False,1,0.0833
403,1,2,2,16.0,False,1,0.0889
403,1,3,6,13.17,False,1,0.2633
403,2,0,1,4.0,False,1,0.0111
403,2,1,2,24.5,False,1,0.2042
403,2,2,3,22.33,False,1,0.1861
403,2,3,2,26.5,False,1,0.1767
403,2,4,1,8.0,False,1,0.0444
403,3,1,3,23.67,False,1,0.2958
403,3,2,4,18.0,False,1,0.2
403,3,3,5,17.8,False,1,0.2967
403,4,1,3,18.0,False,1,0.225
403,4,2,1,26.0,False,1,0.0722
403,4,3,4,12.5,False,1,0.1667
403,4,4,2,31.5,False,1,0.35
403,5,0,2,10.0,True,1,0.0556
403,5,1,1,15.0,True,1,0.0625
403,5,2,7,24.14,True,1,0.4694
403,5,3,4,23.5,True,1,0.3133
403,6,1,1,5.0,True,1,0.0208
403,6,2,3,21.67,True,1,0.1806
403,6,3,3,20.67,True,1,0.2067
403,6,4,1,15.0,True,1,0.0833
404,0,1,8,18.75,False,1,0.625
404,0,2,5,23.2,False,1,0.3222
404,0,3,2,40.5,False,1,0.27
404,1,0,2,5.5,False,1,0.0306
404,1,1,4,28.25,False,1,0.4708
404,1,2,4,23.75,False,1,0.2639
404,1,3,10,18.8,False,1,0.6267
404,1,4,3,18.33,False,1,0.3056
404,2,0,1,19.0,False,1,0.0528
404,2,1,3,14.0,False,1,0.175
404,2,2,8,22.12,False,1,0.4917
404,2,3,10,19.0,False,1,0.6333
404,3,0,3,15.67,False,1,0.1306
404,3,1,3,26.0,False,1,0.325
404,3,2,3,21.0,False,1,0.175
404,3,3,10,21.9,False,1,0.73
404,4,0,1,30.0,False,1,0.0833
404,4,1,4,18.75,False,1,0.3125
404,4,2,2,19.5,False,1,0.1083
404,4,3,3,24.67,False,1,0.2467
404,4,4,1,8.0,False,1,0.0444
404,5,0,2,10.0,True,1,0.0556
404,5,1,2,25.5,True,1,0.2125
404,5,2,11,22.82,True,1,0.6972
404,5,3,3,18.0,True,1,0.18
404,6,0,1,33.0,True,1,0.0917
404,6,1,1,26.0,True,1,0.1083
404,6,2,5,17.2,True,1,0.2389
404,6,3,4,9.0,True,1,0.12
404,6,4,3,26.67,True,1,0.4444
405,0,0,1,36.0,False,1,0.1
405,0,1,2,32.5,False,1,0.2708
405,0,2,1,32.0,False,1,0.0889
405,0,3,6,32.5,False,1,0.65
405,1,1,5,44.2,False,1,0.9208
405,1,2,2,41.5,False,1,0.2306
405,1,3,4,36.25,False,1,0.4833
405,1,4,1,61.0,False,1,0.3389
405,2,1,3,47.0,False,1,0.5875
405,2,3,3,37.0,False,1,0.37
405,3,1,3,44.67,False,1,0.5583
405,3,2,1,32.0,False,1,0.0889
405,3,3,2,73.0,False,1,0.4867
405,4,1,3,36.0,False,1,0.45
405,4,3,5,47.6,False,1,0.7933
405,5,1,1,40.0,True,1,0.1667
405,5,2,5,37.8,True,1,0.525
405,5,3,7,54.43,True,1,1.0
405,6,1,2,42.0,True,1,0.35
405,6,2,2,31.0,True,1,0.1722
405,6,3,5,38.6,True,1,0.6433
406,0,1,1,94.0,False,1,0.3917
406,0,2,1,82.0,False,1,0.2278
406,0,3,5,50.6,False,1,0.8433
406,0,4,1,15.0,False,1,0.0833
406,1,0,3,52.33,False,1,0.4361
406,1,1,1,43.0,False,1,0.1792
406,1,2,1,89.0,False,1,0.2472
406,1,3,3,66.67,False,1,0.6667
406,1,4,1,55.0,False,1,0.3056
406,2,1,1,54.0,False,1,0.225
406,2,3,5,38.8,False,1,0.6467
406,3,1,1,30.0,False,1,0.125
406,3,3,1,38.0,False,1,0.1267
406,3,4,2,48.5,False,1,0.5389
406,4,2,4,57.25,False,1,0.6361
406,4,3,5,40.0,False,1,0.6667
406,4,4,1,74.0,False,1,0.4111
406,5,2,5,40.4,True,1,0.5611
406,5,3,3,47.67,True,1,0.4767
406,5,4,1,27.0,True,1,0.15
406,6,2,3,53.67,True,1,0.4472
407,0,0,1,22.0,False,1,0.0611
407,0,1,6,54.17,False,1,1.0
407,1,1,1,39.0,False,1,0.1625
407,1,2,2,34.5,False,1,0.1917
407,1,3,4,51.75,False,1,0.69
407,2,0,1,32.0,False,1,0.0889
407,2,1,3,48.33,False,1,0.6042
407,2,3,5,53.8,False,1,0.8967
407,2,4,2,81.0,False,1,0.9
407,3,0,1,41.0,False,1,0.1139
407,3,1,2,40.5,False,1,0.3375
407,3,2,2,56.5,False,1,0.3139
407,3,3,6,44.5,False,1,0.89
407,3,4,1,121.0,False,1,0.6722
407,4,1,1,9.0,False,1,0.0375
407,4,3,3,50.33,False,1,0.5033
407,4,4,2,45.5,False,1,0.5056
407,5,1,1,22.0,True,1,0.0917
407,5,2,8,39.25,True,1,0.8722
407,5,3,1,33.0,True,1,0.11
407,6,1,2,50.0,True,1,0.4167
407,6,2,6,52.33,True,1,0.8722
407,6,3,2,54.0,True,1,0.36
408,0,1,1,33.0,False,1,0.1375
408,0,3,2,15.5,False,1,0.1033
408,0,4,1,5.0,False,1,0.0278
408,1,1,2,15.0,False,1,0.125
408,1,2,2,27.0,False,1,0.15
408,1,3,3,30.67,False,1,0.3067
408,1,4,1,14.0,False,1,0.0778
408,2,1,1,15.0,False,1,0.0625
408,2,2,1,10.0,False,1,0.0278
408,2,3,3,20.33,False,1,0.2033
408,3,1,2,17.5,False,1,0.1458
408,3,2,1,14.0,False,1,0.0389
408,3,3,3,18.0,False,1,0.18
408,4,1,1,26.0,False,1,0.1083
408,4,2,3,13.0,False,1,0.1083
408,4,3,3,12.33,False,1,0.1233
408,4,4,3,19.0,False,1,0.3167
408,5,1,1,33.0,True,1,0.1375
408,5,2,6,18.17,True,1,0.3028
408,6,0,2,13.0,True,1,0.0722
408,6,1,1,12.0,True,1,0.05
408,6,2,1,26.0,True,1,0.0722
408,6,3,1,19.0,True,1,0.0633
409,0,0,2,50.5,False,1,0.2806
409,0,1,5,48.2,False,1,1.0
409,0,2,5,51.4,False,1,0.7139
409,0,3,4,38.5,False,1,0.5133
409,0,4,1,29.0,False,1,0.1611
409,1,0,3,62.67,False,1,0.5222
409,1,1,6,51.5,False,1,1.0
409,1,2,5,42.0,False,1,0.5833
409,1,3,9,61.0,False,1,1.0
409,1,4,5,48.0,False,1,1.0
409,2,1,7,38.14,False,1,1.0
409,2,2,5,49.2,False,1,0.6833
409,2,3,7,52.71,False,1,1.0
409,2,4,4,57.0,False,1,1.0
409,3,0,2,48.0,False,1,0.2667
409,3,1,3,43.33,False,1,0.5417
409,3,2,2,49.0,False,1,0.2722
409,3,3,8,64.12,False,1,1.0
409,3,4,2,51.0,False,1,0.5667
409,4,1,4,43.0,False,1,0.7167
409,4,2,5,48.4,False,1,0.6722
409,4,3,6,49.17,False,1,0.9833
409,4,4,4,71.0,False,1,1.0
409,5,0,1,11.0,True,1,0.0306
409,5,1,2,70.5,True,1,0.5875
409,5,2,10,52.0,True,1,1.0
409,5,3,9,45.11,True,1,1.0
409,5,4,3,39.33,True,1,0.6556
409,6,1,3,49.0,True,1,0.6125
409,6,2,12,61.33,True,1,1.0
409,6,3,5,55.4,True,1,0.9233
409,6,4,1,7.0,True,1,0.0389
410,0,0,2,15.0,False,1,0.0833
410,0,1,6,23.5,False,1,0.5875
410,0,2,4,14.25,False,1,0.1583
410,0,3,11,16.18,False,1,0.5933
410,0,4,2,3.0,False,1,0.0333
410,1,0,1,15.0,False,1,0.0417
410,1,1,6,22.0,False,1,0.55
410,1,2,3,10.0,False,1,0.0833
410,1,3,6,17.83,False,1,0.3567
410,1,4,2,8.5,False,1,0.0944
410,2,1,3,16.67,False,1,0.2083
410,2,2,3,23.33,False,1,0.1944
410,2,3,4,22.75,False,1,0.3033
410,2,4,3,14.0,False,1,0.2333
410,3,1,7,14.14,False,1,0.4125
410,3,2,3,33.0,False,1,0.275
410,3,3,11,9.09,False,1,0.3333
410,3,4,3,17.0,False,1,0.2833
410,4,0,2,10.5,False,1,0.0583
410,4,1,2,10.0,False,1,0.0833
410,4,2,5,26.2,False,1,0.3639
410,4,3,8,6.75,False,1,0.18
410,4,4,4,13.25,False,1,0.2944
410,5,2,12,14.83,True,1,0.4944
410,5,3,6,13.83,True,1,0.2767
410,6,0,1,12.0,True,1,0.0333
410,6,1,3,12.0,True,1,0.15
410,6,2,9,33.67,True,1,0.8417
410,6,3,4,9.5,True,1,0.1267
411,0,1,4,8.25,False,1,0.1375
411,0,2,6,7.0,False,1,0.1167
411,0,3,3,7.33,False,1,0.0733
411,0,4,1,7.0,False,1,0.0389
411,1,0,1,14.0,False,1,0.0389
411,1,1,5,9.2,False,1,0.1917
411,1,2,2,7.5,False,1,0.0417
411,1,3,7,10.29,False,1,0.24
411,2,1,2,7.5,False,1,0.0625
411,2,2,3,10.33,False,1,0.0861
411,2,3,12,7.83,False,1,0.3133
411,3,1,3,6.67,False,1,0.0833
411,3,2,4,6.0,False,1,0.0667
411,3,3,10,5.8,False,1,0.1933
411,3,4,5,7.8,False,1,0.2167
411,4,1,5,8.0,False,1,0.1667
411,4,2,2,6.0,False,1,0.0333
411,4,3,5,8.2,False,1,0.1367
411,4,4,2,6.5,False,1,0.0722
411,5,0,2,6.0,True,1,0.0333
411,5,2,12,9.67,True,1,0.3222
411,5,3,4,7.5,True,1,0.1
411,5,4,2,5.5,True,1,0.0611
411,6,1,2,10.5,True,1,0.0875
411,6,2,5,10.6,True,1,0.1472
411,6,3,1,5.0,True,1,0.0167
412,0,0,1,5.0,False,1,0.0139
412,0,1,1,8.0,False,1,0.0333
412,0,2,3,10.0,False,1,0.0833
412,0,3,10,11.1,False,1,0.37
412,0,4,3,11.0,False,1,0.1833
412,1,1,4,9.0,False,1,0.15
412,1,2,2,11.0,False,1,0.0611
412,1,3,5,9.4,False,1,0.1567
412,1,4,1,6.0,False,1,0.0333
412,2,0,1,1.0,False,1,0.0028
412,2,3,7,9.29,False,1,0.2167
412,2,4,4,10.75,False,1,0.2389
412,3,0,2,10.5,False,1,0.0583
412,3,1,3,14.33,False,1,0.1792
412,3,2,4,9.75,False,1,0.1083
412,3,3,3,11.0,False,1,0.11
412,4,0,2,24.0,False,1,0.1333
412,4,1,2,7.5,False,1,0.0625
412,4,2,2,10.5,False,1,0.0583
412,4,3,7,10.0,False,1,0.2333
412,4,4,3,9.67,False,1,0.1611
412,5,0,1,6.0,True,1,0.0167
412,5,1,1,9.0,True,1,0.0375
412,5,2,9,7.78,True,1,0.1944
412,5,3,9,9.0,True,1,0.27
412,5,4,1,6.0,True,1,0.0333
412,6,0,1,5.0,True,1,0.0139
412,6,1,2,8.0,True,1,0.0667
412,6,2,10,8.9,True,1,0.2472
412,6,3,5,7.6,True,1,0.1267
413,0,1,6,32.17,False,1,0.8042
413,0,2,1,12.0,False,1,0.0333
413,0,3,4,19.0,False,1,0.2533
413,0,4,1,23.0,False,1,0.1278
413,1,0,1,34.0,False,1,0.0944
413,1,1,3,34.67,False,1,0.4333
413,1,2,2,42.0,False,1,0.2333
413,1,3,6,23.0,False,1,0.46
413,2,1,4,26.75,False,1,0.4458
413,2,2,2,18.0,False,1,0.1
413,2,3,6,30.67,False,1,0.6133
413,3,1,5,18.8,False,1,0.3917
413,3,2,4,21.25,False,1,0.2361
413,3,3,10,24.8,False,1,0.8267
413,3,4,3,28.67,False,1,0.4778
413,4,0,1,24.0,False,1,0.0667
413,4,1,7,31.0,False,1,0.9042
413,4,2,3,22.67,False,1,0.1889
413,4,3,5,27.0,False,1,0.45
413,4,4,2,28.0,False,1,0.3111
413,5,1,1,28.0,True,1,0.1167
413,5,2,5,25.8,True,1,0.3583
413,5,3,2,12.5,True,1,0.0833
413,5,4,4,23.0,True,1,0.5111
413,6,2,5,21.4,True,1,0.2972
414,0,0,1,33.0,False,1,0.0917
414,0,1,4,41.25,False,1,0.6875
414,0,2,2,22.5,False,1,0.125
414,0,3,6,51.0,False,1,1.0
414,0,4,1,25.0,False,1,0.1389
414,1,0,1,43.0,False,1,0.1194
414,1,1,4,47.0,False,1,0.7833
414,1,2,5,28.6,False,1,0.3972
414,1,3,9,36.56,False,1,1.0
414,2,1,8,38.75,False,1,1.0
414,2,2,3,61.0,False,1,0.5083
414,2,3,5,35.8,False,1,0.5967
414,2,4,1,23.0,False,1,0.1278
414,3,0,1,2.0,False,1,0.0056
414,3,1,2,27.5,False,1,0.2292
414,3,2,1,15.0,False,1,0.0417
414,3,3,9,29.78,False,1,0.8933
414,3,4,6,59.33,False,1,1.0
414,4,1,8,55.12,False,1,1.0
414,4,2,4,35.0,False,1,0.3889
414,4,3,5,46.2,False,1,0.77
414,4,4,2,49.0,False,1,0.5444
414,5,2,14,54.07,True,1,1.0
414,5,4,2,59.5,True,1,0.6611
414,6,0,1,54.0,True,1,0.15
414,6,1,1,41.0,True,1,0.1708
414,6,2,8,36.25,True,1,0.8056
414,6,3,6,35.67,True,1,0.7133
415,0,0,1,51.0,False,1,0.1417
415,0,1,1,58.0,False,1,0.2417
415,0,2,1,26.0,False,1,0.0722
415,0,3,5,41.0,False,1,0.6833
415,0,4,2,41.5,False,1,0.4611
415,1,1,6,43.67,False,1,1.0
415,1,2,4,48.5,False,1,0.5389
415,1,3,2,40.5,False,1,0.27
415,1,4,2,17.5,False,1,0.1944
415,2,1,2,39.5,False,1,0.3292
415,2,2,3,35.67,False,1,0.2972
415,2,3,10,51.2,False,1,1.0
415,2,4,1,61.0,False,1,0.3389
415,3,0,1,64.0,False,1,0.1778
415,3,1,4,33.25,False,1,0.5542
415,3,2,2,42.5,False,1,0.2361
415,3,3,4,36.0,False,1,0.48
415,3,4,2,30.0,False,1,0.3333
415,4,1,4,48.5,False,1,0.8083
415,4,2,2,52.5,False,1,0.2917
415,4,3,9,42.33,False,1,1.0
415,4,4,3,39.33,False,1,0.6556
415,5,0,1,66.0,True,1,0.1833
415,5,1,1,42.0,True,1,0.175
415,5,2,4,45.25,True,1,0.5028
415,5,3,6,32.33,True,1,0.6467
415,6,1,1,61.0,True,1,0.2542
415,6,2,6,30.5,True,1,0.5083
415,6,3,3,55.33,True,1,0.5533
415,6,4,1,26.0,True,1,0.1444
416,0,0,1,19.0,False,1,0.0528
416,0,1,9,21.11,False,1,0.7917
416,0,2,3,11.67,False,1,0.0972
416,0,3,11,17.73,False,1,0.65
416,0,4,2,19.0,False,1,0.2111
416,1,0,3,10.33,False,1,0.0861
416,1,1,2,17.0,False,1,0.1417
416,1,2,4,23.25,False,1,0.2583
416,1,3,10,18.2,False,1,0.6067
416,2,0,1,19.0,False,1,0.0528
416,2,1,2,20.5,False,1,0.1708
416,2,2,2,20.0,False,1,0.1111
416,2,3,8,18.75,False,1,0.5
416,2,4,3,22.67,False,1,0.3778
416,3,0,1,5.0,False,1,0.0139
416,3,1,5,10.2,False,1,0.2125
416,3,2,6,14.67,False,1,0.2444
416,3,3,7,18.14,False,1,0.4233
416,3,4,1,14.0,False,1,0.0778
416,4,1,2,14.0,False,1,0.1167
416,4,2,3,17.33,False,1,0.1444
416,4,3,3,25.33,False,1,0.2533
416,4,4,2,10.0,False,1,0.1111
416,5,1,1,11.0,True,1,0.0458
416,5,2,7,23.29,True,1,0.4528
416,5,3,6,16.33,True,1,0.3267
416,5,4,1,24.0,True,1,0.1333
416,6,0,1,29.0,True,1,0.0806
416,6,1,3,16.0,True,1,0.2
416,6,2,9,21.67,True,1,0.5417
416,6,3,5,12.6,True,1,0.21
416,6,4,1,12.0,True,1,0.0667
417,0,0,1,30.0,False,1,0.0833
417,0,1,1,96.0,False,1,0.4
417,0,2,5,42.4,False,1,0.5889
417,0,3,9,53.0,False,1,1.0
417,0,4,1,39.0,False,1,0.2167
417,1,1,1,60.0,False,1,0.25
417,1,2,5,44.0,False,1,0.6111
417,1,3,10,35.7,False,1,1.0
417,1,4,5,52.0,False,1,1.0
417,2,1,3,35.33,False,1,0.4417
417,2,2,2,42.5,False,1,0.2361
417,2,3,7,37.43,False,1,0.8733
417,2,4,3,30.0,False,1,0.5
417,3,0,1,44.0,False,1,0.1222
417,3,1,1,43.0,False,1,0.1792
417,3,2,4,48.25,False,1,0.5361
417,3,3,6,35.0,False,1,0.7
417,3,4,2,82.0,False,1,0.9111
417,4,0,1,23.0,False,1,0.0639
417,4,1,5,53.2,False,1,1.0
417,4,2,3,57.33,False,1,0.4778
417,4,3,12,42.33,False,1,1.0
417,4,4,1,55.0,False,1,0.3056
417,5,0,1,41.0,True,1,0.1139
417,5,2,13,37.38,True,1,1.0
417,5,3,4,38.0,True,1,0.5067
417,5,4,1,39.0,True,1,0.2167
417,6,0,1,9.0,True,1,0.025
417,6,1,1,29.0,True,1,0.1208
417,6,2,11,45.0,True,1,1.0
417,6,3,6,47.67,True,1,0.9533
417,6,4,2,22.0,True,1,0.2444
418,0,2,2,28.0,False,1,0.1556
418,0,3,10,25.0,False,1,0.8333
418,0,4,3,16.67,False,1,0.2778
418,1,1,3,14.67,False,1,0.1833
418,1,2,3,16.0,False,1,0.1333
418,1,3,6,19.33,False,1,0.3867
418,1,4,3,15.67,False,1,0.2611
418,2,0,2,21.0,False,1,0.1167
418,2,1,2,15.5,False,1,0.1292
418,2,2,3,29.0,False,1,0.2417
418,2,3,6,16.0,False,1,0.32
418,3,1,3,20.33,False,1,0.2542
418,3,2,1,33.0,False,1,0.0917
418,3,3,11,24.18,False,1,0.8867
418,4,0,1,15.0,False,1,0.0417
418,4,1,2,16.5,False,1,0.1375
418,4,2,4,25.5,False,1,0.2833
418,4,3,7,26.86,False,1,0.6267
418,5,2,5,23.8,True,1,0.3306
418,5,3,6,20.67,True,1,0.4133
418,5,4,2,35.5,True,1,0.3944
418,6,0,2,30.5,True,1,0.1694
418,6,1,1,9.0,True,1,0.0375
418,6,2,12,17.92,True,1,0.5972
418,6,3,10,21.1,True,1,0.7033
418,6,4,2,27.5,True,1,0.3056
419,0,2,1,116.0,False,1,0.3222
419,0,3,3,48.0,False,1,0.48
419,1,1,3,64.0,False,1,0.8
419,1,3,2,46.5,False,1,0.31
419,1,4,3,54.0,False,1,0.9
419,2,0,3,5.0,False,1,0.0417
419,2,2,1,46.0,False,1,0.1278
419,2,3,2,35.0,False,1,0.2333
419,2,4,1,92.0,False,1,0.5111
419,3,1,2,57.0,False,1,0.475
419,3,3,8,69.62,False,1,1.0
419,3,4,2,35.5,False,1,0.3944
419,4,0,1,10.0,False,1,0.0278
419,4,1,1,45.0,False,1,0.1875
419,4,2,3,66.67,False,1,0.5556
419,4,3,3,32.67,False,1,0.3267
419,4,4,1,81.0,False,1,0.45
419,5,1,1,44.0,True,1,0.1833
419,5,3,3,36.33,True,1,0.3633
419,6,0,1,31.0,True,1,0.0861
419,6,1,4,43.25,True,1,0.7208
419,6,2,1,16.0,True,1,0.0444
419,6,3,3,83.0,True,1,0.83
420,0,1,4,9.25,False,1,0.1542
420,0,2,5,8.4,False,1,0.1167
420,0,3,5,5.0,False,1,0.0833
420,0,4,1,8.0,False,1,0.0444
420,1,0,1,7.0,False,1,0.0194
420,1,1,6,11.33,False,1,0.2833
420,1,2,4,11.75,False,1,0.1306
420,1,3,11,8.09,False,1,0.2967
420,1,4,2,7.5,False,1,0.0833
420,2,0,1,8.0,False,1,0.0222
420,2,1,4,12.0,False,1,0.2
420,2,2,1,13.0,False,1,0.0361
420,2,3,5,9.4,False,1,0.1567
420,2,4,7,8.71,False,1,0.3389
420,3,1,7,11.14,False,1,0.325
420,3,2,6,10.17,False,1,0.1694
420,3,3,14,9.5,False,1,0.4433
420,3,4,1,5.0,False,1,0.0278
420,4,0,3,6.0,False,1,0.05
420,4,1,3,10.0,False,1,0.125
420,4,2,4,7.75,False,1,0.0861
420,4,3,11,11.45,False,1,0.42
420,4,4,2,7.5,False,1,0.0833
420,5,0,1,9.0,True,1,0.025
420,5,1,3,8.0,True,1,0.1
420,5,2,10,9.3,True,1,0.2583
420,5,3,8,12.75,True,1,0.34
420,5,4,1,16.0,True,1,0.0889
420,6,1,2,9.5,True,1,0.0792
420,6,2,10,9.3,True,1,0.2583
420,6,3,4,12.5,True,1,0.1667
420,6,4,1,7.0,True,1,0.0389
421,0,0,1,11.0,False,1,0.0306
421,0,1,2,12.5,False,1,0.1042
421,0,2,2,30.0,False,1,0.1667
421,0,3,3,13.33,False,1,0.1333
421,0,4,3,22.33,False,1,0.3722
421,1,1,1,30.0,False,1,0.125
421,1,2,1,7.0,False,1,0.0194
421,1,3,4,10.0,False,1,0.1333
421,2,1,4,20.25,False,1,0.3375
421,2,3,3,19.0,False,1,0.19
421,2,4,2,9.5,False,1,0.1056
421,3,0,1,5.0,False,1,0.0139
421,3,1,4,21.0,False,1,0.35
421,3,2,6,20.5,False,1,0.3417
421,3,3,7,17.43,False,1,0.4067
421,3,4,1,16.0,False,1,0.0889
421,4,0,1,13.0,False,1,0.0361
421,4,1,2,14.0,False,1,0.1167
421,4,2,1,23.0,False,1,0.0639
421,4,3,3,13.33,False,1,0.1333
421,4,4,2,28.5,False,1,0.3167
421,5,1,1,6.0,True,1,0.025
421,5,2,10,20.6,True,1,0.5722
421,5,3,3,21.67,True,1,0.2167
421,6,2,4,14.0,True,1,0.1556
421,6,3,4,12.75,True,1,0.17
421,6,4,1,16.0,True,1,0.0889
422,0,1,5,18.8,False,1,0.3917
422,0,2,2,26.5,False,1,0.1472
422,0,3,7,22.43,False,1,0.5233
422,1,1,2,30.5,False,1,0.2542
422,1,2,1,1.0,False,1,0.0028
422,1,3,6,15.33,False,1,0.3067
422,2,0,1,21.0,False,1,0.0583
422,2,1,2,7.5,False,1,0.0625
422,2,2,3,15.33,False,1,0.1278
422,2,3,5,21.4,False,1,0.3567
422,3,1,4,18.75,False,1,0.3125
422,3,2,3,14.67,False,1,0.1222
422,3,3,7,18.43,False,1,0.43
422,3,4,1,32.0,False,1,0.1778
422,4,0,2,18.0,False,1,0.1
422,4,1,3,17.0,False,1,0.2125
422,4,3,4,23.5,False,1,0.3133
422,4,4,3,16.33,False,1,0.2722
422,5,1,1,29.0,True,1,0.1208
422,5,2,10,19.4,True,1,0.5389
422,5,3,4,26.0,True,1,0.3467
422,6,1,1,28.0,True,1,0.1167
422,6,2,8,24.75,True,1,0.55
422,6,3,2,18.5,True,1,0.1233
422,6,4,2,21.0,True,1,0.2333
423,0,1,6,16.5,False,1,0.4125
423,0,2,1,33.0,False,1,0.0917
423,0,3,5,20.8,False,1,0.3467
423,0,4,1,21.0,False,1,0.1167
423,1,1,1,23.0,False,1,0.0958
423,1,2,1,21.0,False,1,0.0583
423,1,3,7,22.29,False,1,0.52
423,1,4,5,26.6,False,1,0.7389
423,2,1,7,14.71,False,1,0.4292
423,2,2,3,15.67,False,1,0.1306
423,2,3,8,22.75,False,1,0.6067
423,2,4,2,30.5,False,1,0.3389
423,3,0,1,10.0,False,1,0.0278
423,3,1,1,5.0,False,1,0.0208
423,3,2,4,12.75,False,1,0.1417
423,3,3,10,16.4,False,1,0.5467
423,3,4,1,39.0,False,1,0.2167
423,4,0,1,33.0,False,1,0.0917
423,4,1,10,22.2,False,1,0.925
423,4,2,1,13.0,False,1,0.0361
423,4,3,6,15.33,False,1,0.3067
423,5,1,1,17.0,True,1,0.0708
423,5,2,10,16.1,True,1,0.4472
423,5,3,2,21.0,True,1,0.14
423,5,4,1,16.0,True,1,0.0889
423,6,0,2,10.5,True,1,0.0583
423,6,1,4,18.75,True,1,0.3125
423,6,2,14,19.21,True,1,0.7472
423,6,3,10,24.2,True,1,0.8067
423,6,4,4,13.5,True,1,0.3
424,0,1,3,14.67,False,2,0.0917
424,0,3,2,14.5,False,2,0.0483
424,1,0,1,23.0,False,2,0.0319
424,1,3,3,13.67,False,2,0.0683
424,2,0,1,16.0,False,2,0.0222
424,2,1,1,24.0,False,2,0.05
424,2,2,1,31.0,False,2,0.0431
424,2,3,4,22.0,False,2,0.1467
424,3,1,3,17.0,False,2,0.1062
424,3,2,1,25.0,False,2,0.0347
424,3,3,1,26.0,False,2,0.0433
424,3,4,2,26.5,False,2,0.1472
424,4,0,1,25.0,False,2,0.0347
424,4,1,1,32.0,False,2,0.0667
424,4,3,1,17.0,False,2,0.0283
424,5,0,1,21.0,True,2,0.0292
424,5,2,4,17.5,True,2,0.0972
424,5,3,1,27.0,True,2,0.045
424,6,2,2,23.5,True,2,0.0653
424,6,3,3,20.67,True,2,0.1033
425,0,0,1,11.0,False,1,0.0306
425,0,1,5,11.0,False,1,0.2292
425,0,2,2,9.5,False,1,0.0528
425,0,3,3,11.67,False,1,0.1167
425,0,4,2,21.5,False,1,0.2389
425,1,0,1,19.0,False,1,0.0528
425,1,1,4,15.75,False,1,0.2625
425,1,2,2,10.0,False,1,0.0556
425,1,3,1,14.0,False,1,0.0467
425,1,4,1,17.0,False,1,0.0944
425,2,0,3,12.0,False,1,0.1
425,2,1,2,7.5,False,1,0.0625
425,2,2,3,14.0,False,1,0.1167
425,2,3,7,12.86,False,1,0.3
425,3,1,3,12.0,False,1,0.15
425,3,2,1,9.0,False,1,0.025
425,3,3,4,23.0,False,1,0.3067
425,3,4,3,14.33,False,1,0.2389
425,4,1,3,14.0,False,1,0.175
425,4,2,2,10.5,False,1,0.0583
425,4,3,3,5.67,False,1,0.0567
425,4,4,1,12.0,False,1,0.0667
425,5,1,2,11.0,True,1,0.0917
425,5,2,6,9.17,True,1,0.1528
425,5,3,2,10.5,True,1,0.07
425,6,0,1,15.0,True,1,0.0417
425,6,1,2,9.0,True,1,0.075
425,6,2,1,17.0,True,1,0.0472
425,6,3,2,8.0,True,1,0.0533
425,6,4,1,13.0,True,1,0.0722
426,0,1,7,134.86,False,2,1.0
426,0,2,4,124.0,False,2,0.6889
426,0,3,7,149.71,False,2,1.0
426,1,0,2,109.5,False,2,0.3042
426,1,1,4,92.0,False,2,0.7667
426,1,2,3,190.67,False,2,0.7944
426,1,3,6,192.0,False,2,1.0
426,1,4,3,157.0,False,2,1.0
426,2,1,4,123.5,False,2,1.0
426,2,2,4,82.75,False,2,0.4597
426,2,3,4,148.25,False,2,0.9883
426,2,4,2,52.0,False,2,0.2889
426,3,0,2,115.5,False,2,0.3208
426,3,1,4,101.0,False,2,0.8417
426,3,2,3,225.0,False,2,0.9375
426,3,3,7,130.29,False,2,1.0
426,3,4,1,1.0,False,2,0.0028
426,4,1,4,82.5,False,2,0.6875
426,4,2,3,219.33,False,2,0.9139
426,4,3,7,115.14,False,2,1.0
426,4,4,3,135.33,False,2,1.0
426,5,0,1,10.0,True,2,0.0139
426,5,1,1,226.0,True,2,0.4708
426,5,2,11,123.18,True,2,1.0
426,5,3,2,127.0,True,2,0.4233
426,5,4,4,64.75,True,2,0.7194
426,6,1,3,219.33,True,2,1.0
426,6,2,11,145.64,True,2,1.0
426,6,3,4,128.5,True,2,0.8567
426,6,4,3,134.33,True,2,1.0
427,0,0,1,19.0,False,1,0.0528
427,0,1,2,27.5,False,1,0.2292
427,0,3,11,22.82,False,1,0.8367
427,0,4,1,18.0,False,1,0.1
427,1,1,6,22.17,False,1,0.5542
427,1,2,4,22.25,False,1,0.2472
427,1,3,8,24.12,False,1,0.6433
427,1,4,1,17.0,False,1,0.0944
427,2,1,8,31.62,False,1,1.0
427,2,2,6,29.83,False,1,0.4972
427,2,3,8,21.38,False,1,0.57
427,2,4,2,10.0,False,1,0.1111
427,3,0,1,15.0,False,1,0.0417
427,3,1,4,15.5,False,1,0.2583
427,3,2,3,23.0,False,1,0.1917
427,3,3,6,19.83,False,1,0.3967
427,3,4,2,8.5,False,1,0.0944
427,4,0,1,10.0,False,1,0.0278
427,4,1,6,13.83,False,1,0.3458
427,4,2,5,21.4,False,1,0.2972
427,4,3,3,20.0,False,1,0.2
427,4,4,1,26.0,False,1,0.1444
427,5,0,1,13.0,True,1,0.0361
427,5,1,1,5.0,True,1,0.0208
427,5,2,8,20.0,True,1,0.4444
427,5,3,5,24.0,True,1,0.4
427,5,4,4,34.25,True,1,0.7611
427,6,0,1,12.0,True,1,0.0333
427,6,1,2,21.0,True,1,0.175
427,6,2,8,27.75,True,1,0.6167
427,6,3,5,19.2,True,1,0.32
427,6,4,1,26.0,True,1,0.1444
428,0,0,1,206.0,False,1,0.5722
428,0,1,2,148.5,False,1,1.0
428,0,2,4,142.0,False,1,1.0
428,0,3,10,172.6,False,1,1.0
428,1,1,5,240.0,False,1,1.0
428,1,2,1,352.0,False,1,0.9778
428,1,3,5,232.2,False,1,1.0
428,1,4,2,102.5,False,1,1.0
428,2,1,1,150.0,False,1,0.625
428,2,2,2,219.5,False,1,1.0
428,2,3,3,347.0,False,1,1.0
428,2,4,1,169.0,False,1,0.9389
428,3,1,1,83.0,False,1,0.3458
428,3,3,2,169.5,False,1,1.0
428,3,4,1,242.0,False,1,1.0
428,4,1,3,152.67,False,1,1.0
428,4,2,2,317.0,False,1,1.0
428,4,3,7,160.0,False,1,1.0
428,4,4,2,198.5,False,1,1.0
428,5,0,1,275.0,True,1,0.7639
428,5,1,1,140.0,True,1,0.5833
428,5,2,7,212.86,True,1,1.0
428,5,3,3,181.0,True,1,1.0
428,5,4,2,127.0,True,1,1.0
428,6,1,1,143.0,True,1,0.5958
428,6,2,6,263.33,True,1,1.0
428,6,3,3,234.33,True,1,1.0
429,0,0,3,70.0,False,1,0.5833
429,0,1,2,49.0,False,1,0.4083
429,0,2,1,84.0,False,1,0.2333
429,0,3,2,49.5,False,1,0.33
429,0,4,2,39.0,False,1,0.4333
429,1,0,1,68.0,False,1,0.1889
429,1,1,4,39.0,False,1,0.65
429,1,3,3,38.0,False,1,0.38
429,1,4,5,45.4,False,1,1.0
429,2,1,4,39.0,False,1,0.65
429,2,2,1,55.0,False,1,0.1528
429,2,3,3,42.67,False,1,0.4267
429,2,4,3,58.0,False,1,0.9667
429,3,0,1,90.0,False,1,0.25
429,3,1,5,43.8,False,1,0.9125
429,3,2,2,68.0,False,1,0.3778
429,3,3,7,37.14,False,1,0.8667
429,3,4,2,45.0,False,1,0.5
429,4,1,4,48.25,False,1,0.8042
429,4,2,1,35.0,False,1,0.0972
429,4,3,5,46.6,False,1,0.7767
429,4,4,1,75.0,False,1,0.4167
429,5,1,1,35.0,True,1,0.1458
429,5,2,4,40.0,True,1,0.4444
429,5,3,4,64.25,True,1,0.8567
429,5,4,1,50.0,True,1,0.2778
429,6,1,1,54.0,True,1,0.225
429,6,2,5,57.0,True,1,0.7917
429,6,3,4,66.5,True,1,0.8867
429,6,4,2,56.5,True,1,0.6278
430,0,0,1,75.0,False,2,0.1042
430,0,1,4,124.0,False,2,1.0
430,0,3,10,167.5,False,2,1.0
430,0,4,1,232.0,False,2,0.6444
430,1,1,3,261.0,False,2,1.0
430,1,2,2,170.5,False,2,0.4736
430,1,3,8,149.0,False,2,1.0
430,2,0,2,216.0,False,2,0.6
430,2,1,5,179.8,False,2,1.0
430,2,2,1,48.0,False,2,0.0667
430,2,3,6,119.33,False,2,1.0
430,2,4,2,248.5,False,2,1.0
430,3,0,1,173.0,False,2,0.2403
430,3,1,2,147.0,False,2,0.6125
430,3,2,5,90.6,False,2,0.6292
430,3,3,5,112.4,False,2,0.9367
430,3,4,2,86.0,False,2,0.4778
430,4,0,2,122.0,False,2,0.3389
430,4,1,3,154.0,False,2,0.9625
430,4,2,4,156.0,False,2,0.8667
430,4,3,7,145.57,False,2,1.0
430,4,4,2,108.0,False,2,0.6
430,5,0,2,119.0,True,2,0.3306
430,5,1,2,211.0,True,2,0.8792
430,5,2,9,123.11,True,2,1.0
430,5,3,5,153.2,True,2,1.0
430,5,4,2,103.5,True,2,0.575
430,6,1,1,150.0,True,2,0.3125
430,6,2,9,154.0,True,2,1.0
430,6,3,6,175.83,True,2,1.0
430,6,4,3,237.33,True,2,1.0
431,0,1,4,55.25,False,1,0.9208
431,0,2,4,14.75,False,1,0.1639
431,0,3,3,38.0,False,1,0.38
431,0,4,1,58.0,False,1,0.3222
431,1,0,1,40.0,False,1,0.1111
431,1,1,3,58.0,False,1,0.725
431,1,2,3,56.33,False,1,0.4694
431,1,3,4,41.75,False,1,0.5567
431,1,4,1,7.0,False,1,0.0389
431,2,1,7,48.0,False,1,1.0
431,2,2,2,35.0,False,1,0.1944
431,2,3,5,35.2,False,1,0.5867
431,3,1,1,77.0,False,1,0.3208
431,3,2,2,52.5,False,1,0.2917
431,3,3,1,57.0,False,1,0.19
431,3,4,2,48.0,False,1,0.5333
431,4,1,4,52.25,False,1,0.8708
431,4,2,3,48.33,False,1,0.4028
431,4,3,7,33.0,False,1,0.77
431,5,1,2,34.5,True,1,0.2875
431,5,2,4,35.0,True,1,0.3889
431,5,3,3,44.0,True,1,0.44
431,5,4,1,71.0,True,1,0.3944
431,6,0,1,32.0,True,1,0.0889
431,6,1,2,42.5,True,1,0.3542
431,6,2,7,38.57,True,1,0.75
431,6,3,4,61.5,True,1,0.82
432,0,1,2,40.0,False,1,0.3333
432,0,2,3,53.67,False,1,0.4472
432,0,3,4,39.5,False,1,0.5267
432,0,4,1,27.0,False,1,0.15
432,1,1,3,34.33,False,1,0.4292
432,1,2,1,39.0,False,1,0.1083
432,1,3,2,22.0,False,1,0.1467
432,1,4,1,22.0,False,1,0.1222
432,2,1,2,52.0,False,1,0.4333
432,2,3,5,31.4,False,1,0.5233
432,2,4,2,34.0,False,1,0.3778
432,3,1,2,24.5,False,1,0.2042
432,3,2,1,38.0,False,1,0.1056
432,3,3,3,37.67,False,1,0.3767
432,4,1,2,48.0,False,1,0.4
432,4,3,3,50.67,False,1,0.5067
432,5,2,4,50.25,True,1,0.5583
432,5,3,3,47.33,True,1,0.4733
432,6,0,1,8.0,True,1,0.0222
432,6,1,2,71.0,True,1,0.5917
432,6,2,1,36.0,True,1,0.1
432,6,3,1,48.0,True,1,0.16
433,0,0,1,68.0,False,1,0.1889
433,0,1,4,30.75,False,1,0.5125
433,0,2,4,39.25,False,1,0.4361
433,0,3,3,42.67,False,1,0.4267
433,0,4,2,26.0,False,1,0.2889
433,1,1,3,62.0,False,1,0.775
433,1,2,3,56.0,False,1,0.4667
433,1,3,4,39.25,False,1,0.5233
433,1,4,1,87.0,False,1,0.4833
433,2,1,3,40.33,False,1,0.5042
433,2,2,2,40.0,False,1,0.2222
433,2,3,8,40.88,False,1,1.0
433,2,4,4,58.0,False,1,1.0
433,3,1,5,33.4,False,1,0.6958
433,3,2,3,34.67,False,1,0.2889
433,3,3,5,50.8,False,1,0.8467
433,3,4,2,68.5,False,1,0.7611
433,4,0,3,28.0,False,1,0.2333
433,4,1,7,47.43,False,1,1.0
433,4,2,1,20.0,False,1,0.0556
433,4,3,5,35.6,False,1,0.5933
433,5,0,1,88.0,True,1,0.2444
433,5,1,1,53.0,True,1,0.2208
433,5,2,3,25.33,True,1,0.2111
433,5,3,1,22.0,True,1,0.0733
433,5,4,1,48.0,True,1,0.2667
433,6,0,1,40.0,True,1,0.1111
433,6,1,3,37.0,True,1,0.4625
433,6,2,6,44.5,True,1,0.7417
433,6,3,6,46.17,True,1,0.9233
433,6,4,1,37.0,True,1,0.2056
434,0,1,4,26.0,False,1,0.4333
434,0,2,2,13.0,False,1,0.0722
434,0,3,7,18.29,False,1,0.4267
434,0,4,2,14.5,False,1,0.1611
434,1,0,3,14.33,False,1,0.1194
434,1,1,6,21.33,False,1,0.5333
434,1,2,3,15.0,False,1,0.125
434,1,3,13,22.31,False,1,0.9667
434,1,4,1,16.0,False,1,0.0889
434,2,0,2,16.5,False,1,0.0917
434,2,1,10,22.0,False,1,0.9167
434,2,2,2,16.5,False,1,0.0917
434,2,3,5,16.6,False,1,0.2767
434,2,4,3,18.33,False,1,0.3056
434,3,0,2,21.5,False,1,0.1194
434,3,1,2,17.5,False,1,0.1458
434,3,2,1,29.0,False,1,0.0806
434,3,3,7,24.29,False,1,0.5667
434,3,4,3,18.33,False,1,0.3056
434,4,0,1,17.0,False,1,0.0472
434,4,1,6,24.33,False,1,0.6083
434,4,2,4,15.5,False,1,0.1722
434,4,3,5,19.6,False,1,0.3267
434,4,4,2,24.0,False,1,0.2667
434,5,0,1,4.0,True,1,0.0111
434,5,1,3,21.33,True,1,0.2667
434,5,2,13,25.46,True,1,0.9194
434,5,3,5,26.2,True,1,0.4367
434,6,1,1,17.0,True,1,0.0708
434,6,2,13,15.15,True,1,0.5472
434,6,3,3,17.0,True,1,0.17
434,6,4,1,26.0,True,1,0.1444
435,0,1,5,23.4,False,1,0.4875
435,0,3,1,5.0,False,1,0.0167
435,0,4,1,50.0,False,1,0.2778
435,1,1,3,19.67,False,1,0.2458
435,1,2,3,34.67,False,1,0.2889
435,1,3,2,50.0,False,1,0.3333
435,1,4,2,25.5,False,1,0.2833
435,2,0,1,48.0,False,1,0.1333
435,2,1,3,40.33,False,1,0.5042
435,2,3,1,100.0,False,1,0.3333
435,3,1,2,29.5,False,1,0.2458
435,3,2,1,8.0,False,1,0.0222
435,3,3,6,21.0,False,1,0.42
435,3,4,3,41.0,False,1,0.6833
435,4,1,3,50.33,False,1,0.6292
435,4,2,1,67.0,False,1,0.1861
435,4,3,8,25.5,False,1,0.68
435,4,4,1,24.0,False,1,0.1333
435,5,0,1,47.0,True,1,0.1306
435,5,2,4,34.5,True,1,0.3833
435,5,3,3,37.33,True,1,0.3733
435,5,4,1,3.0,True,1,0.0167
435,6,1,2,27.0,True,1,0.225
435,6,2,2,6.0,True,1,0.0333
435,6,3,6,37.67,True,1,0.7533
435,6,4,1,50.0,True,1,0.2778
436,0,1,2,15.0,False,1,0.125
436,0,2,1,15.0,False,1,0.0417
436,0,3,4,11.75,False,1,0.1567
436,0,4,1,17.0,False,1,0.0944
436,1,1,4,19.5,False,1,0.325
436,1,2,2,29.0,False,1,0.1611
436,1,3,4,27.25,False,1,0.3633
436,2,0,1,18.0,False,1,0.05
436,2,1,2,8.0,False,1,0.0667
436,2,3,4,16.75,False,1,0.2233
436,2,4,3,24.33,False,1,0.4056
436,3,0,1,42.0,False,1,0.1167
436,3,1,1,10.0,False,1,0.0417
436,3,2,2,15.0,False,1,0.0833
436,3,3,5,17.6,False,1,0.2933
436,4,0,1,21.0,False,1,0.0583
436,4,1,2,22.0,False,1,0.1833
436,4,2,2,16.0,False,1,0.0889
436,4,3,5,21.2,False,1,0.3533
436,5,2,4,13.0,True,1,0.1444
436,5,3,1,13.0,True,1,0.0433
436,6,2,10,12.8,True,1,0.3556
436,6,3,4,27.5,True,1,0.3667
436,6,4,2,31.5,True,1,0.35
437,0,0,1,12.0,False,1,0.0333
437,0,1,4,24.0,False,1,0.4
437,0,2,2,33.0,False,1,0.1833
437,0,3,5,40.2,False,1,0.67
437,1,0,2,37.0,False,1,0.2056
437,1,2,1,43.0,False,1,0.1194
437,1,3,6,41.33,False,1,0.8267
437,1,4,2,41.0,False,1,0.4556
437,2,0,1,45.0,False,1,0.125
437,2,1,4,45.0,False,1,0.75
437,2,2,6,38.33,False,1,0.6389
437,2,3,4,24.5,False,1,0.3267
437,3,0,1,87.0,False,1,0.2417
437,3,1,5,45.6,False,1,0.95
437,3,2,1,25.0,False,1,0.0694
437,3,3,3,35.0,False,1,0.35
437,3,4,1,48.0,False,1,0.2667
437,4,1,2,27.5,False,1,0.2292
437,4,2,1,30.0,False,1,0.0833
437,4,3,7,49.57,False,1,1.0
437,4,4,3,35.67,False,1,0.5944
437,5,0,4,30.75,True,1,0.3417
437,5,1,3,36.0,True,1,0.45
437,5,2,7,48.71,True,1,0.9472
437,5,3,5,39.4,True,1,0.6567
437,5,4,1,24.0,True,1,0.1333
437,6,2,6,30.0,True,1,0.5
437,6,3,4,43.25,True,1,0.5767
438,0,1,3,37.0,False,1,0.4625
438,0,2,1,16.0,False,1,0.0444
438,0,3,2,13.5,False,1,0.09
438,1,1,1,17.0,False,1,0.0708
438,1,2,1,18.0,False,1,0.05
438,1,3,3,10.33,False,1,0.1033
438,1,4,1,5.0,False,1,0.0278
438,2,0,1,24.0,False,1,0.0667
438,2,1,3,26.33,False,1,0.3292
438,2,3,2,10.5,False,1,0.07
438,2,4,2,10.0,False,1,0.1111
438,3,1,1,35.0,False,1,0.1458
438,3,3,2,15.0,False,1,0.1
438,4,0,1,3.0,False,1,0.0083
438,4,1,1,30.0,False,1,0.125
438,4,2,1,29.0,False,1,0.0806
438,4,3,3,31.67,False,1,0.3167
438,5,0,1,19.0,True,1,0.0528
438,5,2,2,21.0,True,1,0.1167
438,5,3,3,17.67,True,1,0.1767
438,6,0,1,26.0,True,1,0.0722
438,6,2,4,19.5,True,1,0.2167
438,6,3,1,17.0,True,1,0.0567
439,0,0,1,195.0,False,1,0.5417
439,0,1,3,79.67,False,1,0.9958
439,0,3,9,178.0,False,1,1.0
439,0,4,1,93.0,False,1,0.5167
439,1,1,5,214.2,False,1,1.0
439,1,2,3,311.0,False,1,1.0
439,1,3,6,245.17,False,1,1.0
439,1,4,1,113.0,False,1,0.6278
439,2,0,1,180.0,False,1,0.5
439,2,1,1,165.0,False,1,0.6875
439,2,2,2,72.0,False,1,0.4
439,2,3,4,211.0,False,1,1.0
439,2,4,2,235.5,False,1,1.0
439,3,1,4,74.75,False,1,1.0
439,3,2,1,202.0,False,1,0.5611
439,3,3,10,171.6,False,1,1.0
439,3,4,2,305.5,False,1,1.0
439,4,0,1,108.0,False,1,0.3
439,4,1,4,209.25,False,1,1.0
439,4,2,5,142.0,False,1,1.0
439,4,3,2,119.0,False,1,0.7933
439,4,4,1,258.0,False,1,1.0
439,5,0,2,185.5,True,1,1.0
439,5,1,1,221.0,True,1,0.9208
439,5,2,5,167.0,True,1,1.0
439,5,3,2,214.5,True,1,1.0
439,6,1,2,153.5,True,1,1.0
439,6,2,9,180.11,True,1,1.0
439,6,3,6,117.5,True,1,1.0
439,6,4,1,121.0,True,1,0.6722
440,0,0,1,17.0,False,1,0.0472
440,0,1,11,26.27,False,1,1.0
440,0,2,5,24.8,False,1,0.3444
440,0,3,10,27.4,False,1,0.9133
440,0,4,2,23.5,False,1,0.2611
440,1,1,6,21.5,False,1,0.5375
440,1,2,2,9.0,False,1,0.05
440,1,3,5,15.8,False,1,0.2633
440,1,4,3,25.0,False,1,0.4167
440,2,1,3,30.33,False,1,0.3792
440,2,2,4,13.5,False,1,0.15
440,2,3,9,19.11,False,1,0.5733
440,2,4,1,37.0,False,1,0.2056
440,3,0,1,26.0,False,1,0.0722
440,3,1,1,18.0,False,1,0.075
440,3,2,2,20.0,False,1,0.1111
440,3,3,7,20.0,False,1,0.4667
440,3,4,5,15.8,False,1,0.4389
440,4,1,2,14.0,False,1,0.1167
440,4,2,4,24.5,False,1,0.2722
440,4,3,12,18.17,False,1,0.7267
440,4,4,1,39.0,False,1,0.2167
440,5,0,1,24.0,True,1,0.0667
440,5,1,1,16.0,True,1,0.0667
440,5,2,18,19.17,True,1,0.9583
440,5,3,6,21.67,True,1,0.4333
440,6,0,1,11.0,True,1,0.0306
440,6,1,4,14.75,True,1,0.2458
440,6,2,6,20.0,True,1,0.3333
440,6,3,2,7.5,True,1,0.05
440,6,4,2,11.5,True,1,0.1278
441,0,0,1,107.0,False,1,0.2972
441,0,1,5,35.8,False,1,0.7458
441,0,3,9,45.56,False,1,1.0
441,1,0,2,27.5,False,1,0.1528
441,1,1,2,27.0,False,1,0.225
441,1,2,1,37.0,False,1,0.1028
441,1,3,5,77.4,False,1,1.0
441,1,4,2,65.5,False,1,0.7278
441,2,0,1,46.0,False,1,0.1278
441,2,1,5,46.2,False,1,0.9625
441,2,2,4,27.0,False,1,0.3
441,2,3,6,38.83,False,1,0.7767
441,2,4,3,38.0,False,1,0.6333
441,3,1,7,43.57,False,1,1.0
441,3,2,4,50.75,False,1,0.5639
441,3,3,10,44.0,False,1,1.0
441,3,4,1,32.0,False,1,0.1778
441,4,1,6,34.33,False,1,0.8583
441,4,2,6,36.67,False,1,0.6111
441,4,3,9,43.33,False,1,1.0
441,5,0,1,25.0,True,1,0.0694
441,5,1,1,27.0,True,1,0.1125
441,5,2,4,47.75,True,1,0.5306
441,5,3,3,35.0,True,1,0.35
441,5,4,4,58.5,True,1,1.0
441,6,1,1,49.0,True,1,0.2042
441,6,2,7,49.43,True,1,0.9611
441,6,3,6,49.5,True,1,0.99
441,6,4,2,23.5,True,1,0.2611
442,0,0,2,176.0,False,1,0.9778
442,0,1,5,130.8,False,1,1.0
442,0,2,3,180.33,False,1,1.0
442,0,3,3,213.67,False,1,1.0
442,0,4,1,477.0,False,1,1.0
442,1,0,1,168.0,False,1,0.4667
442,1,1,5,178.2,False,1,1.0
442,1,2,4,169.25,False,1,1.0
442,1,3,6,180.33,False,1,1.0
442,2,0,1,227.0,False,1,0.6306
442,2,2,3,210.33,False,1,1.0
442,2,3,2,140.0,False,1,0.9333
442,2,4,1,196.0,False,1,1.0
442,3,0,1,92.0,False,1,0.2556
442,3,1,6,138.5,False,1,1.0
442,3,2,3,208.67,False,1,1.0
442,3,3,9,137.11,False,1,1.0
442,3,4,1,253.0,False,1,1.0
442,4,0,1,212.0,False,1,0.5889
442,4,1,4,248.0,False,1,1.0
442,4,3,8,219.62,False,1,1.0
442,5,0,1,117.0,True,1,0.325
442,5,1,1,185.0,True,1,0.7708
442,5,2,6,173.67,True,1,1.0
442,5,3,4,194.25,True,1,1.0
442,5,4,1,223.0,True,1,1.0
442,6,0,1,156.0,True,1,0.4333
442,6,1,1,8.0,True,1,0.0333
442,6,2,4,192.0,True,1,1.0
442,6,3,3,179.0,True,1,1.0
442,6,4,1,114.0,True,1,0.6333
443,0,0,1,19.0,False,1,0.0528
443,0,1,3,21.67,False,1,0.2708
443,0,2,3,25.33,False,1,0.2111
443,0,3,3,24.0,False,1,0.24
443,0,4,3,15.67,False,1,0.2611
443,1,1,1,24.0,False,1,0.1
443,1,2,1,11.0,False,1,0.0306
443,1,3,6,11.17,False,1,0.2233
443,1,4,2,12.5,False,1,0.1389
443,2,0,1,22.0,False,1,0.0611
443,2,1,3,17.0,False,1,0.2125
443,2,2,1,7.0,False,1,0.0194
443,2,3,5,23.2,False,1,0.3867
443,2,4,2,17.0,False,1,0.1889
443,3,0,1,19.0,False,1,0.0528
443,3,1,1,23.0,False,1,0.0958
443,3,2,3,12.33,False,1,0.1028
443,3,3,2,21.0,False,1,0.14
443,3,4,2,26.0,False,1,0.2889
443,4,0,1,10.0,False,1,0.0278
443,4,1,5,16.6,False,1,0.3458
443,4,2,2,13.5,False,1,0.075
443,4,3,6,28.83,False,1,0.5767
443,5,2,5,18.4,True,1,0.2556
443,5,3,1,7.0,True,1,0.0233
443,5,4,1,20.0,True,1,0.1111
443,6,2,6,24.5,True,1,0.4083
443,6,3,1,20.0,True,1,0.0667
443,6,4,1,40.0,True,1,0.2222
444,0,1,2,22.5,False,1,0.1875
444,0,2,1,8.0,False,1,0.0222
444,0,3,1,29.0,False,1,0.0967
444,0,4,2,58.5,False,1,0.65
444,1,0,1,70.0,False,1,0.1944
444,1,1,1,15.0,False,1,0.0625
444,1,3,1,67.0,False,1,0.2233
444,1,4,1,42.0,False,1,0.2333
444,2,1,2,25.0,False,1,0.2083
444,2,2,1,45.0,False,1,0.125
444,2,3,1,66.0,False,1,0.22
444,3,0,1,56.0,False,1,0.1556
444,3,1,4,29.75,False,1,0.4958
444,3,2,2,32.5,False,1,0.1806
444,3,3,1,21.0,False,1,0.07
444,3,4,1,54.0,False,1,0.3
444,4,1,1,51.0,False,1,0.2125
444,4,2,1,38.0,False,1,0.1056
444,4,3,1,44.0,False,1,0.1467
444,5,2,1,92.0,True,1,0.2556
444,5,3,1,29.0,True,1,0.0967
444,5,4,3,44.67,True,1,0.7444
444,6,2,6,31.17,True,1,0.5194
444,6,3,3,44.33,True,1,0.4433
445,0,1,1,69.0,False,1,0.2875
445,0,2,1,33.0,False,1,0.0917
445,0,3,8,40.12,False,1,1.0
445,0,4,2,36.0,False,1,0.4
445,1,0,1,6.0,False,1,0.0167
445,1,1,5,22.0,False,1,0.4583
445,1,2,4,30.0,False,1,0.3333
445,1,3,4,39.75,False,1,0.53
445,1,4,3,39.67,False,1,0.6611
445,2,2,5,34.4,False,1,0.4778
445,2,3,8,34.5,False,1,0.92
445,2,4,3,26.67,False,1,0.4444
445,3,1,5,43.4,False,1,0.9042
445,3,2,5,39.2,False,1,0.5444
445,3,3,3,40.0,False,1,0.4
445,3,4,2,48.0,False,1,0.5333
445,4,1,3,38.67,False,1,0.4833
445,4,2,6,48.0,False,1,0.8
445,4,3,10,42.1,False,1,1.0
445,4,4,1,40.0,False,1,0.2222
445,5,0,1,45.0,True,1,0.125
445,5,1,3,51.0,True,1,0.6375
445,5,2,9,35.22,True,1,0.8806
445,5,3,3,40.33,True,1,0.4033
445,5,4,2,16.5,True,1,0.1833
445,6,0,1,36.0,True,1,0.1
445,6,2,8,48.12,True,1,1.0
445,6,3,6,37.33,True,1,0.7467
445,6,4,1,44.0,True,1,0.2444
446,0,1,2,28.5,False,1,0.2375
446,0,2,3,28.67,False,1,0.2389
446,0,3,5,17.2,False,1,0.2867
446,0,4,2,16.0,False,1,0.1778
446,1,0,2,27.5,False,1,0.1528
446,1,1,3,20.67,False,1,0.2583
446,1,2,2,18.5,False,1,0.1028
446,1,3,6,25.33,False,1,0.5067
446,1,4,2,16.5,False,1,0.1833
446,2,1,2,19.5,False,1,0.1625
446,2,2,2,20.5,False,1,0.1139
446,2,3,4,17.5,False,1,0.2333
446,2,4,2,13.0,False,1,0.1444
446,3,1,6,18.33,False,1,0.4583
446,3,2,1,50.0,False,1,0.1389
446,3,3,6,25.5,False,1,0.51
446,3,4,5,20.6,False,1,0.5722
446,4,0,2,28.0,False,1,0.1556
446,4,1,1,18.0,False,1,0.075
446,4,2,2,19.0,False,1,0.1056
446,4,3,4,19.0,False,1,0.2533
446,5,2,5,19.4,True,1,0.2694
446,5,3,6,15.5,True,1,0.31
446,5,4,2,24.0,True,1,0.2667
446,6,1,1,20.0,True,1,0.0833
446,6,2,4,29.0,True,1,0.3222
446,6,3,3,33.0,True,1,0.33
447,0,0,1,26.0,False,1,0.0722
447,0,1,5,61.6,False,1,1.0
447,0,3,8,38.75,False,1,1.0
447,0,4,1,42.0,False,1,0.2333
447,1,0,1,29.0,False,1,0.0806
447,1,1,2,45.0,False,1,0.375
447,1,2,4,44.5,False,1,0.4944
447,1,3,6,51.5,False,1,1.0
447,1,4,2,30.5,False,1,0.3389
447,2,1,5,30.6,False,1,0.6375
447,2,2,1,66.0,False,1,0.1833
447,2,3,5,32.8,False,1,0.5467
447,2,4,3,48.0,False,1,0.8
447,3,0,1,42.0,False,1,0.1167
447,3,1,4,27.5,False,1,0.4583
447,3,2,4,12.75,False,1,0.1417
447,3,3,3,39.0,False,1,0.39
447,3,4,2,46.5,False,1,0.5167
447,4,1,1,26.0,False,1,0.1083
447,4,2,1,36.0,False,1,0.1
447,4,3,6,55.0,False,1,1.0
447,4,4,1,65.0,False,1,0.3611
447,5,1,1,81.0,True,1,0.3375
447,5,2,7,33.86,True,1,0.6583
447,5,3,4,47.0,True,1,0.6267
447,5,4,2,22.5,True,1,0.25
447,6,1,1,8.0,True,1,0.0333
447,6,2,8,37.88,True,1,0.8417
447,6,3,5,48.2,True,1,0.8033
447,6,4,2,41.5,True,1,0.4611
448,0,0,1,20.0,False,1,0.0556
448,0,1,1,1.0,False,1,0.0042
448,0,2,1,27.0,False,1,0.075
448,0,3,7,19.71,False,1,0.46
448,0,4,1,33.0,False,1,0.1833
448,1,1,5,16.2,False,1,0.3375
448,1,2,5,18.8,False,1,0.2611
448,1,3,6,18.67,False,1,0.3733
448,1,4,2,25.5,False,1,0.2833
448,2,1,3,20.0,False,1,0.25
448,2,2,3,15.0,False,1,0.125
448,2,3,6,11.0,False,1,0.22
448,2,4,4,16.5,False,1,0.3667
448,3,1,3,17.0,False,1,0.2125
448,3,2,2,15.0,False,1,0.0833
448,3,3,12,22.75,False,1,0.91
448,3,4,1,5.0,False,1,0.0278
448,4,0,1,8.0,False,1,0.0222
448,4,1,1,26.0,False,1,0.1083
448,4,2,2,24.0,False,1,0.1333
448,4,3,6,26.83,False,1,0.5367
448,4,4,1,2.0,False,1,0.0111
448,5,2,7,14.14,True,1,0.275
448,5,3,3,29.0,True,1,0.29
448,6,1,1,15.0,True,1,0.0625
448,6,2,7,15.57,True,1,0.3028
448,6,3,8,15.5,True,1,0.4133
448,6,4,1,25.0,True,1,0.1389
449,0,1,7,45.71,False,1,1.0
449,0,2,5,25.4,False,1,0.3528
449,0,3,9,42.67,False,1,1.0
449,0,4,3,66.67,False,1,1.0
449,1,0,1,47.0,False,1,0.1306
449,1,1,5,34.8,False,1,0.725
449,1,2,3,19.33,False,1,0.1611
449,1,3,8,49.75,False,1,1.0
449,1,4,2,49.0,False,1,0.5444
449,2,1,5,37.6,False,1,0.7833
449,2,2,6,43.33,False,1,0.7222
449,2,3,5,45.0,False,1,0.75
449,2,4,1,92.0,False,1,0.5111
449,3,0,1,21.0,False,1,0.0583
449,3,1,3,46.67,False,1,0.5833
449,3,2,6,33.17,False,1,0.5528
449,3,3,5,45.8,False,1,0.7633
449,3,4,3,33.33,False,1,0.5556
449,4,0,1,36.0,False,1,0.1
449,4,1,5,32.2,False,1,0.6708
449,4,2,8,37.5,False,1,0.8333
449,4,3,9,43.89,False,1,1.0
449,4,4,3,37.33,False,1,0.6222
449,5,0,1,32.0,True,1,0.0889
449,5,2,12,46.92,True,1,1.0
449,5,3,6,45.33,True,1,0.9067
449,6,0,4,48.75,True,1,0.5417
449,6,1,2,28.5,True,1,0.2375
449,6,2,9,29.22,True,1,0.7306
449,6,3,6,36.17,True,1,0.7233
450,0,0,1,19.0,False,1,0.0528
450,0,1,1,21.0,False,1,0.0875
450,0,2,5,20.2,False,1,0.2806
450,0,3,9,16.11,False,1,0.4833
450,0,4,3,22.67,False,1,0.3778
450,1,1,3,18.67,False,1,0.2333
450,1,2,2,28.0,False,1,0.1556
450,1,3,10,19.8,False,1,0.66
450,1,4,2,23.5,False,1,0.2611
450,2,1,10,19.5,False,1,0.8125
450,2,2,4,13.5,False,1,0.15
450,2,3,7,19.71,False,1,0.46
450,3,1,7,17.71,False,1,0.5167
450,3,2,5,16.6,False,1,0.2306
450,3,3,7,22.0,False,1,0.5133
450,3,4,1,13.0,False,1,0.0722
450,4,0,1,31.0,False,1,0.0861
450,4,1,2,23.5,False,1,0.1958
450,4,2,4,31.0,False,1,0.3444
450,4,3,9,16.33,False,1,0.49
450,4,4,1,27.0,False,1,0.15
450,5,2,5,19.8,True,1,0.275
450,5,3,8,18.12,True,1,0.4833
450,6,0,2,18.0,True,1,0.1
450,6,1,2,24.5,True,1,0.2042
450,6,2,9,17.67,True,1,0.4417
450,6,3,4,15.25,True,1,0.2033
451,0,2,4,190.5,False,1,1.0
451,0,3,3,167.33,False,1,1.0
451,0,4,2,92.5,False,1,1.0
451,1,1,2,94.5,False,1,0.7875
451,1,2,2,181.0,False,1,1.0
451,1,3,4,150.0,False,1,1.0
451,1,4,1,3.0,False,1,0.0167
451,2,3,3,152.33,False,1,1.0
451,3,2,3,139.0,False,1,1.0
451,3,3,6,208.0,False,1,1.0
451,4,1,3,117.33,False,1,1.0
451,4,3,6,171.33,False,1,1.0
451,5,2,4,238.25,True,1,1.0
451,5,3,6,203.17,True,1,1.0
451,6,0,3,127.0,True,1,1.0
451,6,1,1,64.0,True,1,0.2667
451,6,2,6,131.5,True,1,1.0
451,6,3,6,140.17,True,1,1.0
451,6,4,1,136.0,True,1,0.7556
452,0,0,1,183.0,False,1,0.5083
452,0,1,1,99.0,False,1,0.4125
452,0,2,1,128.0,False,1,0.3556
452,0,3,7,133.57,False,1,1.0
452,0,4,3,129.33,False,1,1.0
452,1,0,1,140.0,False,1,0.3889
452,1,1,2,100.0,False,1,0.8333
452,1,2,2,193.5,False,1,1.0
452,1,3,1,42.0,False,1,0.14
452,1,4,3,133.33,False,1,1.0
452,2,2,1,256.0,False,1,0.7111
452,2,3,5,155.0,False,1,1.0
452,3,0,1,142.0,False,1,0.3944
452,3,1,7,148.29,False,1,1.0
452,3,2,1,74.0,False,1,0.2056
452,3,3,3,153.33,False,1,1.0
452,4,0,1,176.0,False,1,0.4889
452,4,1,5,138.4,False,1,1.0
452,4,2,3,171.33,False,1,1.0
452,4,3,4,176.25,False,1,1.0
452,5,0,3,131.0,True,1,1.0
452,5,1,2,243.0,True,1,1.0
452,5,2,8,182.62,True,1,1.0
452,5,3,2,206.5,True,1,1.0
452,5,4,1,100.0,True,1,0.5556
452,6,1,2,118.5,True,1,0.9875
452,6,2,4,172.0,True,1,1.0
452,6,3,3,152.67,True,1,1.0
453,0,0,1,29.0,False,1,0.0806
453,0,1,2,144.5,False,1,1.0
453,0,2,2,148.5,False,1,0.825
453,0,3,2,166.0,False,1,1.0
453,1,2,1,150.0,False,1,0.4167
453,1,3,3,195.0,False,1,1.0
453,2,1,1,97.0,False,1,0.4042
453,2,2,1,231.0,False,1,0.6417
453,2,3,2,1.5,False,1,0.01
453,2,4,1,137.0,False,1,0.7611
453,3,1,2,128.5,False,1,1.0
453,3,2,1,166.0,False,1,0.4611
453,3,3,1,237.0,False,1,0.79
453,4,2,1,241.0,False,1,0.6694
453,4,3,2,147.0,False,1,0.98
453,4,4,2,137.0,False,1,1.0
453,5,2,2,226.5,True,1,1.0
453,5,3,3,131.33,True,1,1.0
454,0,1,6,15.67,False,1,0.3917
454,0,2,6,19.17,False,1,0.3194
454,0,3,1,49.0,False,1,0.1633
454,1,0,1,27.0,False,1,0.075
454,1,1,3,23.33,False,1,0.2917
454,1,2,3,11.67,False,1,0.0972
454,1,3,7,26.14,False,1,0.61
454,2,0,1,10.0,False,1,0.0278
454,2,1,2,37.5,False,1,0.3125
454,2,2,2,22.0,False,1,0.1222
454,2,3,5,18.8,False,1,0.3133
454,2,4,3,14.67,False,1,0.2444
454,3,0,1,5.0,False,1,0.0139
454,3,1,5,21.4,False,1,0.4458
454,3,2,3,27.67,False,1,0.2306
454,3,3,4,15.0,False,1,0.2
454,3,4,1,31.0,False,1,0.1722
454,4,2,2,16.0,False,1,0.0889
454,4,3,2,11.0,False,1,0.0733
454,4,4,3,16.67,False,1,0.2778
454,5,0,1,5.0,True,1,0.0139
454,5,2,7,22.14,True,1,0.4306
454,5,3,5,10.4,True,1,0.1733
454,5,4,1,4.0,True,1,0.0222
454,6,1,1,22.0,True,1,0.0917
454,6,2,6,13.33,True,1,0.2222
454,6,3,3,22.67,True,1,0.2267
455,0,1,3,33.0,False,1,0.4125
455,0,3,2,72.5,False,1,0.4833
455,0,4,1,28.0,False,1,0.1556
455,1,1,1,9.0,False,1,0.0375
455,1,2,2,39.0,False,1,0.2167
455,1,3,2,73.0,False,1,0.4867
455,2,1,2,36.5,False,1,0.3042
455,2,2,3,20.33,False,1,0.1694
455,2,3,1,55.0,False,1,0.1833
455,3,1,2,48.0,False,1,0.4
455,3,4,2,47.0,False,1,0.5222
455,4,1,1,7.0,False,1,0.0292
455,4,2,1,45.0,False,1,0.125
455,4,3,2,27.5,False,1,0.1833
455,5,2,11,41.55,True,1,1.0
455,6,2,9,36.56,True,1,0.9139
455,6,3,3,57.67,True,1,0.5767
456,0,0,2,21.0,False,1,0.1167
456,0,1,5,38.2,False,1,0.7958
456,0,2,1,24.0,False,1,0.0667
456,0,3,9,45.33,False,1,1.0
456,0,4,3,35.0,False,1,0.5833
456,1,0,1,18.0,False,1,0.05
456,1,1,12,45.25,False,1,1.0
456,1,2,6,45.0,False,1,0.75
456,1,3,5,37.2,False,1,0.62
456,1,4,1,41.0,False,1,0.2278
456,2,1,7,42.71,False,1,1.0
456,2,2,1,23.0,False,1,0.0639
456,2,3,5,34.2,False,1,0.57
456,2,4,4,34.75,False,1,0.7722
456,3,1,4,40.0,False,1,0.6667
456,3,2,6,44.0,False,1,0.7333
456,3,3,5,39.4,False,1,0.6567
456,4,0,1,62.0,False,1,0.1722
456,4,1,2,15.5,False,1,0.1292
456,4,2,5,31.8,False,1,0.4417
456,4,3,16,42.88,False,1,1.0
456,4,4,4,44.25,False,1,0.9833
456,5,0,1,8.0,True,1,0.0222
456,5,2,12,45.42,True,1,1.0
456,5,3,6,35.67,True,1,0.7133
456,6,0,1,69.0,True,1,0.1917
456,6,1,1,1.0,True,1,0.0042
456,6,2,10,46.4,True,1,1.0
456,6,3,5,12.6,True,1,0.21
456,6,4,1,97.0,True,1,0.5389
457,0,1,2,13.0,False,1,0.1083
457,0,2,4,20.0,False,1,0.2222
457,0,3,4,19.25,False,1,0.2567
457,0,4,2,8.5,False,1,0.0944
457,1,1,3,14.33,False,1,0.1792
457,1,2,2,19.0,False,1,0.1056
457,1,3,3,6.0,False,1,0.06
457,2,3,3,24.33,False,1,0.2433
457,2,4,2,34.5,False,1,0.3833
457,3,2,2,21.0,False,1,0.1167
457,3,3,2,14.0,False,1,0.0933
457,4,0,1,1.0,False,1,0.0028
457,4,1,3,36.67,False,1,0.4583
457,4,3,4,32.0,False,1,0.4267
457,4,4,1,29.0,False,1,0.1611
457,5,0,1,30.0,True,1,0.0833
457,5,2,4,16.0,True,1,0.1778
457,5,3,4,14.25,True,1,0.19
457,6,0,1,9.0,True,1,0.025
457,6,2,4,14.0,True,1,0.1556
457,6,3,1,23.0,True,1,0.0767
457,6,4,1,10.0,True,1,0.0556
458,0,0,2,5.5,False,2,0.0153
458,0,1,2,3.0,False,2,0.0125
458,0,2,3,9.0,False,2,0.0375
458,0,3,9,8.56,False,2,0.1283
458,0,4,1,5.0,False,2,0.0139
458,1,0,1,5.0,False,2,0.0069
458,1,1,4,4.25,False,2,0.0354
458,1,3,3,3.67,False,2,0.0183
458,1,4,2,7.5,False,2,0.0417
458,2,0,2,7.5,False,2,0.0208
458,2,1,2,5.5,False,2,0.0229
458,2,2,1,5.0,False,2,0.0069
458,2,3,6,7.0,False,2,0.07
458,2,4,2,3.5,False,2,0.0194
458,3,0,3,5.0,False,2,0.0208
458,3,1,4,6.5,False,2,0.0542
458,3,2,4,9.5,False,2,0.0528
458,3,3,6,9.17,False,2,0.0917
458,3,4,2,8.0,False,2,0.0444
458,4,0,3,6.67,False,2,0.0278
458,4,1,4,5.0,False,2,0.0417
458,4,2,3,10.0,False,2,0.0417
458,4,3,8,6.38,False,2,0.085
458,4,4,2,10.5,False,2,0.0583
458,5,0,1,7.0,True,2,0.0097
458,5,1,2,7.0,True,2,0.0292
458,5,2,9,6.22,True,2,0.0778
458,5,3,3,6.33,True,2,0.0317
458,5,4,3,7.0,True,2,0.0583
458,6,0,1,16.0,True,2,0.0222
458,6,1,3,7.0,True,2,0.0438
458,6,2,10,8.0,True,2,0.1111
458,6,3,6,5.67,True,2,0.0567
458,6,4,2,5.0,True,2,0.0278
459,0,0,1,9.0,False,1,0.025
459,0,1,2,25.0,False,1,0.2083
459,0,2,3,20.33,False,1,0.1694
459,0,3,3,10.0,False,1,0.1
459,0,4,1,10.0,False,1,0.0556
459,1,1,5,19.8,False,1,0.4125
459,1,2,1,20.0,False,1,0.0556
459,1,3,1,7.0,False,1,0.0233
459,1,4,1,20.0,False,1,0.1111
459,2,1,1,12.0,False,1,0.05
459,2,2,3,14.67,False,1,0.1222
459,2,3,2,14.5,False,1,0.0967
459,2,4,2,15.5,False,1,0.1722
459,3,0,1,9.0,False,1,0.025
459,3,1,4,19.0,False,1,0.3167
459,3,2,1,11.0,False,1,0.0306
459,3,3,5,16.8,False,1,0.28
459,3,4,1,9.0,False,1,0.05
459,4,0,1,30.0,False,1,0.0833
459,4,1,1,17.0,False,1,0.0708
459,4,2,2,40.5,False,1,0.225
459,4,3,4,19.5,False,1,0.26
459,4,4,1,11.0,False,1,0.0611
459,5,1,2,13.5,True,1,0.1125
459,5,2,6,18.0,True,1,0.3
459,5,3,3,12.33,True,1,0.1233
459,6,2,4,24.5,True,1,0.2722
459,6,3,2,23.5,True,1,0.1567
459,6,4,1,14.0,True,1,0.0778
460,0,0,1,7.0,False,1,0.0194
460,0,1,3,7.67,False,1,0.0958
460,0,3,3,8.0,False,1,0.08
460,0,4,1,12.0,False,1,0.0667
460,1,1,2,9.5,False,1,0.0792
460,1,2,1,12.0,False,1,0.0333
460,1,3,3,7.0,False,1,0.07
460,1,4,1,1.0,False,1,0.0056
460,2,2,1,5.0,False,1,0.0139
460,2,3,3,9.33,False,1,0.0933
460,2,4,3,14.33,False,1,0.2389
460,3,3,2,10.0,False,1,0.0667
460,3,4,1,12.0,False,1,0.0667
460,4,1,1,13.0,False,1,0.0542
460,4,3,2,13.0,False,1,0.0867
460,5,1,2,9.0,True,1,0.075
460,5,2,5,8.8,True,1,0.1222
460,5,3,3,10.0,True,1,0.1
460,6,3,1,13.0,True,1,0.0433
460,6,4,3,8.0,True,1,0.1333
461,0,1,1,35.0,False,1,0.1458
461,0,2,2,30.0,False,1,0.1667
461,0,3,3,53.0,False,1,0.53
461,0,4,1,5.0,False,1,0.0278
461,1,0,1,64.0,False,1,0.1778
461,1,1,3,34.67,False,1,0.4333
461,1,2,2,33.0,False,1,0.1833
461,1,3,4,46.0,False,1,0.6133
461,2,1,2,20.5,False,1,0.1708
461,2,3,5,48.2,False,1,0.8033
461,3,0,1,30.0,False,1,0.0833
461,3,2,1,125.0,False,1,0.3472
461,3,3,3,42.67,False,1,0.4267
461,4,0,1,77.0,False,1,0.2139
461,4,1,3,46.0,False,1,0.575
461,4,3,2,28.5,False,1,0.19
461,4,4,2,37.0,False,1,0.4111
461,5,0,1,35.0,True,1,0.0972
461,5,2,5,41.6,True,1,0.5778
461,5,3,4,44.25,True,1,0.59
461,6,2,3,21.67,True,1,0.1806
461,6,3,4,15.25,True,1,0.2033
461,6,4,1,2.0,True,1,0.0111
462,0,2,1,86.0,False,1,0.2389
462,0,3,1,26.0,False,1,0.0867
462,1,2,1,42.0,False,1,0.1167
462,1,3,1,73.0,False,1,0.2433
462,2,1,2,30.5,False,1,0.2542
462,2,2,1,45.0,False,1,0.125
462,2,3,6,45.67,False,1,0.9133
462,2,4,3,35.67,False,1,0.5944
462,3,2,1,8.0,False,1,0.0222
462,3,3,1,39.0,False,1,0.13
462,4,0,1,47.0,False,1,0.1306
462,4,1,2,48.0,False,1,0.4
462,4,2,1,21.0,False,1,0.0583
462,4,3,1,55.0,False,1,0.1833
462,5,2,5,34.6,True,1,0.4806
462,5,3,1,46.0,True,1,0.1533
462,5,4,1,26.0,True,1,0.1444
462,6,2,3,47.67,True,1,0.3972
463,0,1,2,44.0,False,1,0.3667
463,0,2,3,56.67,False,1,0.4722
463,0,3,3,53.0,False,1,0.53
463,0,4,3,54.33,False,1,0.9056
463,1,1,4,67.5,False,1,1.0
463,1,2,1,47.0,False,1,0.1306
463,1,3,2,44.5,False,1,0.2967
463,1,4,1,32.0,False,1,0.1778
463,2,1,1,56.0,False,1,0.2333
463,2,2,4,76.5,False,1,0.85
463,2,3,2,31.0,False,1,0.2067
463,2,4,1,39.0,False,1,0.2167
463,3,0,1,39.0,False,1,0.1083
463,3,1,2,52.5,False,1,0.4375
463,3,2,4,58.25,False,1,0.6472
463,3,3,5,33.0,False,1,0.55
463,4,1,3,51.0,False,1,0.6375
463,4,2,1,60.0,False,1,0.1667
463,4,3,2,38.0,False,1,0.2533
463,4,4,1,74.0,False,1,0.4111
463,5,1,1,11.0,True,1,0.0458
463,5,2,8,56.38,True,1,1.0
463,5,3,7,49.0,True,1,1.0
463,6,2,4,37.0,True,1,0.4111
463,6,3,5,49.6,True,1,0.8267
464,0,1,1,40.0,False,1,0.1667
464,0,2,2,12.5,False,1,0.0694
464,0,3,12,18.75,False,1,0.75
464,0,4,2,16.0,False,1,0.1778
464,1,1,6,20.17,False,1,0.5042
464,1,2,4,20.25,False,1,0.225
464,1,3,7,22.29,False,1,0.52
464,1,4,3,14.0,False,1,0.2333
464,2,3,3,28.0,False,1,0.28
464,3,0,1,20.0,False,1,0.0556
464,3,1,2,11.5,False,1,0.0958
464,3,2,2,17.5,False,1,0.0972
464,3,3,3,11.0,False,1,0.11
464,4,1,4,20.0,False,1,0.3333
464,4,2,2,12.5,False,1,0.0694
464,4,3,3,27.67,False,1,0.2767
464,5,1,1,23.0,True,1,0.0958
464,5,2,5,17.4,True,1,0.2417
464,5,3,3,20.33,True,1,0.2033
464,5,4,2,18.0,True,1,0.2
464,6,1,3,23.67,True,1,0.2958
464,6,2,11,24.18,True,1,0.7389
464,6,3,3,16.67,True,1,0.1667
464,6,4,1,19.0,True,1,0.1056
465,0,1,5,40.2,False,1,0.8375
465,0,2,1,22.0,False,1,0.0611
465,0,3,4,76.0,False,1,1.0
465,0,4,1,43.0,False,1,0.2389
465,1,0,1,50.0,False,1,0.1389
465,1,1,4,43.75,False,1,0.7292
465,1,2,1,17.0,False,1,0.0472
465,1,3,6,51.0,False,1,1.0
465,1,4,1,1.0,False,1,0.0056
465,2,0,3,17.33,False,1,0.1444
465,2,1,6,64.17,False,1,1.0
465,2,2,2,65.5,False,1,0.3639
465,2,3,4,43.75,False,1,0.5833
465,3,0,1,67.0,False,1,0.1861
465,3,1,5,49.8,False,1,1.0
465,3,2,3,62.0,False,1,0.5167
465,3,3,12,47.08,False,1,1.0
465,3,4,3,44.33,False,1,0.7389
465,4,1,2,43.0,False,1,0.3583
465,4,2,3,26.0,False,1,0.2167
465,4,3,8,26.75,False,1,0.7133
465,4,4,3,38.33,False,1,0.6389
465,5,1,2,45.0,True,1,0.375
465,5,2,5,33.4,True,1,0.4639
465,5,3,6,48.17,True,1,0.9633
465,5,4,2,50.0,True,1,0.5556
465,6,0,2,36.5,True,1,0.2028
465,6,1,1,34.0,True,1,0.1417
465,6,2,10,62.6,True,1,1.0
465,6,3,8,44.75,True,1,1.0
465,6,4,3,31.0,True,1,0.5167
466,0,2,1,22.0,False,1,0.0611
466,0,3,2,12.0,False,1,0.08
466,1,0,1,28.0,False,1,0.0778
466,1,2,4,13.75,False,1,0.1528
466,1,3,4,16.5,False,1,0.22
466,1,4,1,32.0,False,1,0.1778
466,2,1,6,19.0,False,1,0.475
466,2,3,6,21.67,False,1,0.4333
466,2,4,2,24.0,False,1,0.2667
466,3,1,5,19.0,False,1,0.3958
466,3,3,7,19.71,False,1,0.46
466,3,4,1,13.0,False,1,0.0722
466,4,1,1,4.0,False,1,0.0167
466,4,2,1,27.0,False,1,0.075
466,4,3,5,24.4,False,1,0.4067
466,5,1,2,32.0,True,1,0.2667
466,5,2,2,24.5,True,1,0.1361
466,5,3,3,22.67,True,1,0.2267
466,6,0,1,12.0,True,1,0.0333
466,6,1,1,12.0,True,1,0.05
466,6,2,2,19.0,True,1,0.1056
466,6,3,4,19.25,True,1,0.2567
467,0,1,2,40.5,False,1,0.3375
467,0,2,1,59.0,False,1,0.1639
467,0,3,5,44.8,False,1,0.7467
467,1,0,1,22.0,False,1,0.0611
467,1,1,2,61.0,False,1,0.5083
467,1,2,4,44.0,False,1,0.4889
467,1,3,4,46.5,False,1,0.62
467,2,0,1,23.0,False,1,0.0639
467,2,1,2,62.0,False,1,0.5167
467,2,2,1,41.0,False,1,0.1139
467,2,3,3,34.67,False,1,0.3467
467,3,0,2,28.5,False,1,0.1583
467,3,2,4,33.75,False,1,0.375
467,3,3,3,51.33,False,1,0.5133
467,3,4,4,38.25,False,1,0.85
467,4,1,2,13.0,False,1,0.1083
467,4,2,2,69.5,False,1,0.3861
467,4,3,4,37.5,False,1,0.5
467,4,4,2,45.0,False,1,0.5
467,5,2,3,41.33,True,1,0.3444
467,5,3,2,15.0,True,1,0.1
467,6,2,8,34.0,True,1,0.7556
468,0,1,2,21.5,False,1,0.1792
468,0,3,2,11.5,False,1,0.0767
468,0,4,2,6.5,False,1,0.0722
468,1,1,2,12.0,False,1,0.1
468,1,2,1,17.0,False,1,0.0472
468,1,3,3,14.33,False,1,0.1433
468,2,1,2,14.5,False,1,0.1208
468,2,3,2,10.5,False,1,0.07
468,3,1,4,10.25,False,1,0.1708
468,3,3,1,12.0,False,1,0.04
468,3,4,1,7.0,False,1,0.0389
468,4,1,3,14.33,False,1,0.1792
468,4,3,5,13.4,False,1,0.2233
468,5,2,2,14.0,True,1,0.0778
468,5,3,2,9.0,True,1,0.06
468,5,4,1,19.0,True,1,0.1056
468,6,1,1,25.0,True,1,0.1042
468,6,2,7,13.86,True,1,0.2694
468,6,3,6,11.67,True,1,0.2333
469,0,0,2,56.0,False,1,0.3111
469,0,1,3,50.67,False,1,0.6333
469,0,2,4,36.25,False,1,0.4028
469,0,3,4,49.75,False,1,0.6633
469,0,4,1,58.0,False,1,0.3222
469,1,0,1,75.0,False,1,0.2083
469,1,1,7,34.43,False,1,1.0
469,1,2,5,68.2,False,1,0.9472
469,1,3,3,29.67,False,1,0.2967
469,1,4,1,55.0,False,1,0.3056
469,2,1,4,40.75,False,1,0.6792
469,2,3,3,36.67,False,1,0.3667
469,2,4,1,11.0,False,1,0.0611
469,3,2,4,44.0,False,1,0.4889
469,3,3,4,59.5,False,1,0.7933
469,3,4,1,31.0,False,1,0.1722
469,4,1,3,22.33,False,1,0.2792
469,4,2,2,35.5,False,1,0.1972
469,4,3,6,75.33,False,1,1.0
469,4,4,4,38.0,False,1,0.8444
469,5,0,1,24.0,True,1,0.0667
469,5,2,5,65.2,True,1,0.9056
469,5,3,3,47.0,True,1,0.47
469,5,4,2,42.5,True,1,0.4722
469,6,1,1,64.0,True,1,0.2667
469,6,2,6,53.83,True,1,0.8972
469,6,3,4,54.75,True,1,0.73
469,6,4,2,34.0,True,1,0.3778
470,0,1,8,40.38,False,1,1.0
470,0,2,4,24.75,False,1,0.275
470,0,3,9,40.56,False,1,1.0
470,0,4,3,20.33,False,1,0.3389
470,1,0,1,31.0,False,1,0.0861
470,1,1,4,50.25,False,1,0.8375
470,1,2,2,12.0,False,1,0.0667
470,1,3,5,44.8,False,1,0.7467
470,1,4,3,12.67,False,1,0.2111
470,2,0,1,4.0,False,1,0.0111
470,2,1,3,29.33,False,1,0.3667
470,2,2,1,57.0,False,1,0.1583
470,2,3,9,49.33,False,1,1.0
470,2,4,1,34.0,False,1,0.1889
470,3,1,5,24.4,False,1,0.5083
470,3,2,4,44.0,False,1,0.4889
470,3,3,5,30.4,False,1,0.5067
470,3,4,3,27.67,False,1,0.4611
470,4,0,1,58.0,False,1,0.1611
470,4,1,5,31.2,False,1,0.65
470,4,2,2,47.5,False,1,0.2639
470,4,3,4,28.0,False,1,0.3733
470,4,4,4,58.75,False,1,1.0
470,5,2,11,39.55,True,1,1.0
470,5,3,3,37.67,True,1,0.3767
470,5,4,3,48.67,True,1,0.8111
470,6,0,3,58.0,True,1,0.4833
470,6,1,2,36.5,True,1,0.3042
470,6,2,12,38.83,True,1,1.0
470,6,3,5,30.8,True,1,0.5133
471,0,0,1,26.0,False,1,0.0722
471,0,1,4,38.25,False,1,0.6375
471,0,2,2,47.5,False,1,0.2639
471,0,3,4,68.75,False,1,0.9167
471,0,4,6,42.67,False,1,1.0
471,1,1,3,27.0,False,1,0.3375
471,1,2,5,56.4,False,1,0.7833
471,1,3,7,32.43,False,1,0.7567
471,2,0,1,27.0,False,1,0.075
471,2,1,2,38.5,False,1,0.3208
471,2,2,2,53.5,False,1,0.2972
471,2,3,4,48.25,False,1,0.6433
471,2,4,3,30.33,False,1,0.5056
471,3,0,1,35.0,False,1,0.0972
471,3,1,4,35.75,False,1,0.5958
471,3,2,1,29.0,False,1,0.0806
471,3,3,2,47.0,False,1,0.3133
471,3,4,1,26.0,False,1,0.1444
471,4,0,1,42.0,False,1,0.1167
471,4,1,3,48.67,False,1,0.6083
471,4,2,3,43.33,False,1,0.3611
471,4,3,2,42.0,False,1,0.28
471,4,4,1,33.0,False,1,0.1833
471,5,1,2,57.5,True,1,0.4792
471,5,2,2,41.5,True,1,0.2306
471,5,3,2,47.5,True,1,0.3167
471,5,4,1,69.0,True,1,0.3833
471,6,0,1,27.0,True,1,0.075
471,6,2,7,30.0,True,1,0.5833
471,6,3,3,51.0,True,1,0.51
472,0,1,2,30.0,False,1,0.25
472,0,2,6,29.17,False,1,0.4861
472,0,3,2,55.0,False,1,0.3667
472,0,4,1,30.0,False,1,0.1667
472,1,0,3,30.33,False,1,0.2528
472,1,1,1,33.0,False,1,0.1375
472,1,2,2,42.5,False,1,0.2361
472,1,3,4,33.0,False,1,0.44
472,1,4,1,57.0,False,1,0.3167
472,2,1,3,31.67,False,1,0.3958
472,2,2,2,40.5,False,1,0.225
472,2,3,2,36.0,False,1,0.24
472,2,4,2,37.0,False,1,0.4111
472,3,1,2,52.5,False,1,0.4375
472,3,2,1,28.0,False,1,0.0778
472,3,3,2,47.5,False,1,0.3167
472,3,4,1,20.0,False,1,0.1111
472,4,2,2,41.5,False,1,0.2306
472,4,3,5,28.0,False,1,0.4667
472,5,2,7,47.43,True,1,0.9222
472,5,3,1,66.0,True,1,0.22
472,6,1,1,38.0,True,1,0.1583
472,6,2,6,34.83,True,1,0.5806
472,6,3,2,46.5,True,1,0.31
472,6,4,3,24.67,True,1,0.4111
476,0,0,1,25.0,False,1,0.0694
476,0,1,1,9.0,False,1,0.0375
476,0,2,2,9.5,False,1,0.0528
476,0,3,4,9.5,False,1,0.1267
476,0,4,1,31.0,False,1,0.1722
476,1,1,1,5.0,False,1,0.0208
476,1,2,2,13.0,False,1,0.0722
476,1,3,1,5.0,False,1,0.0167
476,2,3,6,16.83,False,1,0.3367
476,2,4,1,43.0,False,1,0.2389
476,3,1,3,23.67,False,1,0.2958
476,3,2,2,23.0,False,1,0.1278
476,3,3,3,12.33,False,1,0.1233
476,3,4,2,8.0,False,1,0.0889
476,4,0,1,24.0,False,1,0.0667
476,4,1,3,23.67,False,1,0.2958
476,4,2,1,27.0,False,1,0.075
476,4,3,1,21.0,False,1,0.07
476,4,4,1,22.0,False,1,0.1222
476,5,1,2,20.5,True,1,0.1708
476,5,2,3,19.33,True,1,0.1611
476,5,3,4,15.25,True,1,0.2033
476,6,1,1,8.0,True,1,0.0333
476,6,2,5,14.4,True,1,0.2
476,6,3,1,13.0,True,1,0.0433
476,6,4,1,4.0,True,1,0.0222
477,0,1,1,44.0,False,1,0.1833
477,0,2,2,32.5,False,1,0.1806
477,0,3,3,23.33,False,1,0.2333
477,0,4,2,23.0,False,1,0.2556
477,1,1,5,52.4,False,1,1.0
477,1,2,2,36.0,False,1,0.2
477,1,3,3,28.33,False,1,0.2833
477,1,4,2,27.5,False,1,0.3056
477,2,0,1,22.0,False,1,0.0611
477,2,1,5,43.0,False,1,0.8958
477,2,2,2,70.5,False,1,0.3917
477,2,3,5,45.6,False,1,0.76
477,3,0,1,18.0,False,1,0.05
477,3,1,4,42.25,False,1,0.7042
477,3,3,2,33.5,False,1,0.2233
477,3,4,2,45.0,False,1,0.5
477,4,0,2,22.5,False,1,0.125
477,4,1,8,24.12,False,1,0.8042
477,4,2,3,25.67,False,1,0.2139
477,4,3,3,49.33,False,1,0.4933
477,4,4,2,27.0,False,1,0.3
477,5,2,4,61.0,True,1,0.6778
477,5,3,8,44.0,True,1,1.0
477,5,4,1,53.0,True,1,0.2944
477,6,1,1,31.0,True,1,0.1292
477,6,2,7,40.0,True,1,0.7778
477,6,3,4,63.5,True,1,0.8467
478,0,2,1,19.0,False,2,0.0264
478,0,3,3,30.0,False,2,0.15
478,0,4,1,17.0,False,2,0.0472
478,1,0,1,36.0,False,2,0.05
478,1,1,8,25.25,False,2,0.4208
478,1,2,3,10.67,False,2,0.0444
478,1,3,4,16.25,False,2,0.1083
478,1,4,1,11.0,False,2,0.0306
478,2,1,6,18.83,False,2,0.2354
478,2,2,2,12.0,False,2,0.0333
478,2,3,7,19.57,False,2,0.2283
478,2,4,4,13.0,False,2,0.1444
478,3,0,2,28.5,False,2,0.0792
478,3,1,4,20.75,False,2,0.1729
478,3,2,5,29.4,False,2,0.2042
478,3,3,5,30.4,False,2,0.2533
478,3,4,1,11.0,False,2,0.0306
478,4,0,1,29.0,False,2,0.0403
478,4,1,3,21.67,False,2,0.1354
478,4,2,1,19.0,False,2,0.0264
478,4,3,8,21.12,False,2,0.2817
478,4,4,2,19.5,False,2,0.1083
478,5,0,1,14.0,True,2,0.0194
478,5,1,1,12.0,True,2,0.025
478,5,2,13,20.23,True,2,0.3653
478,5,3,5,23.8,True,2,0.1983
478,5,4,3,22.33,True,2,0.1861
478,6,1,2,30.0,True,2,0.125
478,6,2,12,22.42,True,2,0.3736
478,6,3,2,18.5,True,2,0.0617
506,0,0,1,28.0,False,1,0.0778
506,0,1,3,23.67,False,1,0.2958
506,0,3,1,23.0,False,1,0.0767
506,0,4,1,18.0,False,1,0.1
506,1,1,2,32.5,False,1,0.2708
506,1,3,3,19.67,False,1,0.1967
506,1,4,2,16.0,False,1,0.1778
506,2,3,1,21.0,False,1,0.07
506,2,4,1,8.0,False,1,0.0444
506,3,0,1,20.0,False,1,0.0556
506,3,2,1,27.0,False,1,0.075
506,3,3,2,17.0,False,1,0.1133
506,4,1,1,13.0,False,1,0.0542
506,4,2,1,15.0,False,1,0.0417
506,4,3,3,22.67,False,1,0.2267
506,4,4,1,31.0,False,1,0.1722
506,5,1,1,56.0,True,1,0.2333
506,5,2,4,27.25,True,1,0.3028
506,5,3,4,15.75,True,1,0.21
506,6,1,1,15.0,True,1,0.0625
506,6,2,5,18.4,True,1,0.2556
506,6,3,3,18.67,True,1,0.1867
507,0,0,2,13.0,False,1,0.0722
507,0,1,7,19.14,False,1,0.5583
507,0,2,4,10.75,False,1,0.1194
507,0,3,9,13.67,False,1,0.41
507,0,4,1,26.0,False,1,0.1444
507,1,2,4,23.75,False,1,0.2639
507,1,3,12,19.92,False,1,0.7967
507,1,4,1,38.0,False,1,0.2111
507,2,1,3,15.0,False,1,0.1875
507,2,2,4,17.5,False,1,0.1944
507,2,3,11,16.27,False,1,0.5967
507,3,1,3,42.0,False,1,0.525
507,3,2,1,14.0,False,1,0.0389
507,3,3,7,16.29,False,1,0.38
507,4,1,5,22.0,False,1,0.4583
507,4,2,2,13.0,False,1,0.0722
507,4,3,7,19.29,False,1,0.45
507,4,4,1,45.0,False,1,0.25
507,5,1,1,21.0,True,1,0.0875
507,5,2,6,23.67,True,1,0.3944
507,5,3,7,21.29,True,1,0.4967
507,5,4,1,21.0,True,1,0.1167
507,6,2,7,15.29,True,1,0.2972
507,6,3,7,17.43,True,1,0.4067
508,0,0,1,33.0,False,1,0.0917
508,0,1,2,34.5,False,1,0.2875
508,0,3,5,39.0,False,1,0.65
508,1,1,1,29.0,False,1,0.1208
508,1,3,2,25.0,False,1,0.1667
508,2,1,2,51.5,False,1,0.4292
508,2,2,1,1.0,False,1,0.0028
508,3,0,1,29.0,False,1,0.0806
508,3,1,3,15.67,False,1,0.1958
508,3,2,1,56.0,False,1,0.1556
508,3,3,2,38.0,False,1,0.2533
508,3,4,2,24.5,False,1,0.2722
508,4,1,1,35.0,False,1,0.1458
508,4,3,2,37.0,False,1,0.2467
508,4,4,1,5.0,False,1,0.0278
508,5,0,1,39.0,True,1,0.1083
508,5,2,3,49.33,True,1,0.4111
508,5,3,2,33.5,True,1,0.2233
508,6,0,1,28.0,True,1,0.0778
508,6,2,2,20.0,True,1,0.1111
508,6,3,2,37.0,True,1,0.2467
508,6,4,1,65.0,True,1,0.3611
509,0,1,2,34.5,False,1,0.2875
509,0,3,4,31.75,False,1,0.4233
509,0,4,1,36.0,False,1,0.2
509,1,1,1,50.0,False,1,0.2083
509,1,2,1,31.0,False,1,0.0861
509,1,3,6,44.5,False,1,0.89
509,1,4,1,36.0,False,1,0.2
509,2,0,1,63.0,False,1,0.175
509,2,1,3,28.67,False,1,0.3583
509,2,2,1,54.0,False,1,0.15
509,2,3,6,47.67,False,1,0.9533
509,2,4,1,59.0,False,1,0.3278
509,3,1,3,30.0,False,1,0.375
509,3,2,1,26.0,False,1,0.0722
509,3,3,2,35.5,False,1,0.2367
509,3,4,1,25.0,False,1,0.1389
509,4,1,1,5.0,False,1,0.0208
509,4,2,5,35.8,False,1,0.4972
509,4,3,5,32.0,False,1,0.5333
509,5,1,1,27.0,True,1,0.1125
509,5,2,3,24.67,True,1,0.2056
509,5,4,4,38.5,True,1,0.8556
509,6,2,7,43.71,True,1,0.85
509,6,3,1,62.0,True,1,0.2067
509,6,4,1,68.0,True,1,0.3778
510,0,1,2,47.0,False,1,0.3917
510,0,3,6,35.67,False,1,0.7133
510,1,1,2,32.0,False,1,0.2667
510,1,3,2,28.5,False,1,0.19
510,1,4,1,3.0,False,1,0.0167
510,2,1,1,60.0,False,1,0.25
510,2,2,1,71.0,False,1,0.1972
510,2,3,1,16.0,False,1,0.0533
510,3,1,1,47.0,False,1,0.1958
510,3,2,3,20.67,False,1,0.1722
510,3,3,2,64.0,False,1,0.4267
510,4,1,2,33.5,False,1,0.2792
510,4,2,2,63.5,False,1,0.3528
510,4,3,1,58.0,False,1,0.1933
510,5,2,1,69.0,True,1,0.1917
510,5,3,1,21.0,True,1,0.07
510,6,1,1,53.0,True,1,0.2208
510,6,2,4,16.5,True,1,0.1833
511,0,0,1,18.0,False,1,0.05
511,0,1,6,19.67,False,1,0.4917
511,0,2,3,8.67,False,1,0.0722
511,0,3,11,18.09,False,1,0.6633
511,0,4,3,32.33,False,1,0.5389
511,1,1,4,18.25,False,1,0.3042
511,1,2,4,22.75,False,1,0.2528
511,1,3,8,25.75,False,1,0.6867
511,1,4,1,39.0,False,1,0.2167
511,2,0,1,22.0,False,1,0.0611
511,2,1,8,21.88,False,1,0.7292
511,2,2,1,32.0,False,1,0.0889
511,2,3,9,18.67,False,1,0.56
511,2,4,3,19.0,False,1,0.3167
511,3,1,4,26.25,False,1,0.4375
511,3,2,5,23.8,False,1,0.3306
511,3,3,10,20.0,False,1,0.6667
511,3,4,6,21.83,False,1,0.7278
511,4,1,6,12.5,False,1,0.3125
511,4,2,3,24.0,False,1,0.2
511,4,3,5,26.8,False,1,0.4467
511,4,4,7,16.43,False,1,0.6389
511,5,0,1,15.0,True,1,0.0417
511,5,1,3,9.67,True,1,0.1208
511,5,2,4,15.75,True,1,0.175
511,5,3,7,17.43,True,1,0.4067
511,5,4,1,34.0,True,1,0.1889
511,6,0,1,17.0,True,1,0.0472
511,6,1,1,31.0,True,1,0.1292
511,6,2,7,20.86,True,1,0.4056
511,6,3,10,16.2,True,1,0.54
511,6,4,1,5.0,True,1,0.0278
512,0,2,2,30.0,False,1,0.1667
512,0,3,2,35.0,False,1,0.2333
512,1,0,1,72.0,False,1,0.2
512,1,1,2,86.5,False,1,0.7208
512,1,2,7,43.14,False,1,0.8389
512,1,3,5,39.6,False,1,0.66
512,1,4,3,45.67,False,1,0.7611
512,2,0,1,58.0,False,1,0.1611
512,2,1,4,32.75,False,1,0.5458
512,2,2,1,5.0,False,1,0.0139
512,2,3,6,36.33,False,1,0.7267
512,2,4,2,23.0,False,1,0.2556
512,3,1,3,45.0,False,1,0.5625
512,3,2,3,48.0,False,1,0.4
512,3,3,3,50.0,False,1,0.5
512,3,4,1,4.0,False,1,0.0222
512,4,1,5,28.4,False,1,0.5917
512,4,2,4,40.5,False,1,0.45
512,4,3,5,42.4,False,1,0.7067
512,4,4,1,28.0,False,1,0.1556
512,5,2,5,62.0,True,1,0.8611
512,5,3,3,48.67,True,1,0.4867
512,5,4,1,39.0,True,1,0.2167
512,6,2,3,40.67,True,1,0.3389
512,6,3,6,53.5,True,1,1.0
512,6,4,2,18.5,True,1,0.2056
513,0,1,4,36.25,False,1,0.6042
513,0,2,4,34.0,False,1,0.3778
513,0,3,6,42.83,False,1,0.8567
513,0,4,1,34.0,False,1,0.1889
513,1,1,6,26.33,False,1,0.6583
513,1,2,2,47.5,False,1,0.2639
513,1,3,4,28.0,False,1,0.3733
513,1,4,2,43.0,False,1,0.4778
513,2,1,3,23.0,False,1,0.2875
513,2,2,1,37.0,False,1,0.1028
513,2,3,7,26.86,False,1,0.6267
513,2,4,1,35.0,False,1,0.1944
513,3,1,5,26.6,False,1,0.5542
513,3,2,4,13.75,False,1,0.1528
513,3,3,2,19.0,False,1,0.1267
513,3,4,1,54.0,False,1,0.3
513,4,1,4,44.5,False,1,0.7417
513,4,2,4,27.0,False,1,0.3
513,4,3,7,31.86,False,1,0.7433
513,4,4,1,45.0,False,1,0.25
513,5,0,1,47.0,True,1,0.1306
513,5,2,5,29.4,True,1,0.4083
513,5,3,3,28.33,True,1,0.2833
513,5,4,1,3.0,True,1,0.0167
513,6,0,1,37.0,True,1,0.1028
513,6,1,1,38.0,True,1,0.1583
513,6,2,6,33.17,True,1,0.5528
513,6,3,4,42.0,True,1,0.56
513,6,4,2,42.5,True,1,0.4722
514,0,0,2,18.0,False,1,0.1
514,0,1,6,20.83,False,1,0.5208
514,0,2,7,14.71,False,1,0.2861
514,0,3,4,19.0,False,1,0.2533
514,0,4,1,11.0,False,1,0.0611
514,1,1,2,11.0,False,1,0.0917
514,1,2,3,25.33,False,1,0.2111
514,1,3,7,20.71,False,1,0.4833
514,1,4,1,5.0,False,1,0.0278
514,2,0,2,14.5,False,1,0.0806
514,2,1,1,30.0,False,1,0.125
514,2,2,4,15.75,False,1,0.175
514,2,3,4,22.0,False,1,0.2933
514,2,4,3,24.0,False,1,0.4
514,3,1,7,17.57,False,1,0.5125
514,3,2,3,14.67,False,1,0.1222
514,3,3,6,14.33,False,1,0.2867
514,3,4,1,10.0,False,1,0.0556
514,4,1,11,20.73,False,1,0.95
514,4,2,4,14.5,False,1,0.1611
514,4,3,13,11.62,False,1,0.5033
514,4,4,7,17.29,False,1,0.6722
514,5,0,1,24.0,True,1,0.0667
514,5,1,3,21.33,True,1,0.2667
514,5,2,12,19.83,True,1,0.6611
514,5,3,6,19.5,True,1,0.39
514,6,1,4,10.0,True,1,0.1667
514,6,2,11,18.55,True,1,0.5667
514,6,3,5,12.8,True,1,0.2133
514,6,4,1,10.0,True,1,0.0556
515,0,0,2,25.0,False,1,0.1389
515,0,1,2,40.0,False,1,0.3333
515,0,2,1,57.0,False,1,0.1583
515,0,3,9,44.89,False,1,1.0
515,0,4,3,42.33,False,1,0.7056
515,1,0,1,37.0,False,1,0.1028
515,1,1,5,46.6,False,1,0.9708
515,1,3,8,34.5,False,1,0.92
515,1,4,4,49.75,False,1,1.0
515,2,1,5,36.4,False,1,0.7583
515,2,2,4,60.75,False,1,0.675
515,2,3,6,41.33,False,1,0.8267
515,3,1,4,43.75,False,1,0.7292
515,3,2,3,43.67,False,1,0.3639
515,3,3,5,47.2,False,1,0.7867
515,4,0,2,32.0,False,1,0.1778
515,4,1,6,35.33,False,1,0.8833
515,4,2,3,52.0,False,1,0.4333
515,4,3,9,39.22,False,1,1.0
515,4,4,2,67.5,False,1,0.75
515,5,0,1,43.0,True,1,0.1194
515,5,1,1,53.0,True,1,0.2208
515,5,2,6,43.33,True,1,0.7222
515,5,3,8,39.75,True,1,1.0
515,5,4,1,52.0,True,1,0.2889
515,6,1,5,53.8,True,1,1.0
515,6,2,7,57.0,True,1,1.0
515,6,3,2,35.0,True,1,0.2333
515,6,4,1,34.0,True,1,0.1889
528,0,1,4,37.75,False,1,0.6292
528,0,2,2,44.5,False,1,0.2472
528,0,3,3,50.33,False,1,0.5033
528,0,4,1,46.0,False,1,0.2556
528,1,1,4,28.5,False,1,0.475
528,1,2,4,41.0,False,1,0.4556
528,1,3,7,42.0,False,1,0.98
528,1,4,2,45.5,False,1,0.5056
528,2,1,2,25.5,False,1,0.2125
528,2,2,4,42.0,False,1,0.4667
528,2,3,4,32.75,False,1,0.4367
528,3,0,1,51.0,False,1,0.1417
528,3,1,8,43.25,False,1,1.0
528,3,2,1,48.0,False,1,0.1333
528,3,3,5,35.6,False,1,0.5933
528,3,4,1,66.0,False,1,0.3667
528,4,0,3,29.33,False,1,0.2444
528,4,1,4,40.5,False,1,0.675
528,4,2,4,32.25,False,1,0.3583
528,4,3,5,40.2,False,1,0.67
528,5,0,2,17.5,True,1,0.0972
528,5,2,9,31.22,True,1,0.7806
528,5,3,3,52.0,True,1,0.52
528,6,0,1,19.0,True,1,0.0528
528,6,2,8,40.88,True,1,0.9083
528,6,3,8,46.62,True,1,1.0
528,6,4,2,22.0,True,1,0.2444
529,0,1,6,16.17,False,1,0.4042
529,0,2,4,16.5,False,1,0.1833
529,0,3,9,14.56,False,1,0.4367
529,1,0,1,18.0,False,1,0.05
529,1,1,1,8.0,False,1,0.0333
529,1,2,2,9.0,False,1,0.05
529,1,3,9,14.78,False,1,0.4433
529,1,4,1,17.0,False,1,0.0944
529,2,0,1,5.0,False,1,0.0139
529,2,1,2,12.5,False,1,0.1042
529,2,2,6,14.83,False,1,0.2472
529,2,3,4,13.0,False,1,0.1733
529,3,1,8,9.88,False,1,0.3292
529,3,2,7,13.0,False,1,0.2528
529,3,3,5,13.0,False,1,0.2167
529,4,1,7,11.57,False,1,0.3375
529,4,2,2,15.5,False,1,0.0861
529,4,3,8,14.88,False,1,0.3967
529,5,0,1,13.0,True,1,0.0361
529,5,1,1,17.0,True,1,0.0708
529,5,2,9,12.78,True,1,0.3194
529,5,3,7,15.86,True,1,0.37
529,5,4,1,11.0,True,1,0.0611
529,6,0,1,7.0,True,1,0.0194
529,6,1,1,18.0,True,1,0.075
529,6,2,16,13.19,True,1,0.5861
529,6,3,2,10.0,True,1,0.0667
529,6,4,2,14.5,True,1,0.1611
530,0,1,1,17.0,False,1,0.0708
530,0,2,1,8.0,False,1,0.0222
530,0,4,1,9.0,False,1,0.05
530,1,1,4,16.5,False,1,0.275
530,1,3,4,15.5,False,1,0.2067
530,1,4,2,21.0,False,1,0.2333
530,2,0,1,5.0,False,1,0.0139
530,2,1,3,22.0,False,1,0.275
530,2,3,1,15.0,False,1,0.05
530,3,2,4,30.75,False,1,0.3417
530,3,3,2,10.5,False,1,0.07
530,3,4,1,21.0,False,1,0.1167
530,4,1,1,6.0,False,1,0.025
530,4,2,2,19.5,False,1,0.1083
530,4,3,1,13.0,False,1,0.0433
530,5,1,1,26.0,True,1,0.1083
530,5,2,1,4.0,True,1,0.0111
530,5,3,3,22.33,True,1,0.2233
530,6,0,1,13.0,True,1,0.0361
530,6,2,7,11.57,True,1,0.225
530,6,3,1,23.0,True,1,0.0767
531,0,0,1,13.0,False,1,0.0361
531,0,1,1,39.0,False,1,0.1625
531,0,2,1,10.0,False,1,0.0278
531,0,3,5,24.0,False,1,0.4
531,1,1,3,47.33,False,1,0.5917
531,1,2,5,52.8,False,1,0.7333
531,1,3,7,42.57,False,1,0.9933
531,1,4,2,27.0,False,1,0.3
531,2,0,1,5.0,False,1,0.0139
531,2,1,2,7.0,False,1,0.0583
531,2,2,3,39.0,False,1,0.325
531,2,3,3,36.33,False,1,0.3633
531,2,4,2,15.0,False,1,0.1667
531,3,1,1,3.0,False,1,0.0125
531,3,2,3,36.67,False,1,0.3056
531,3,3,4,33.0,False,1,0.44
531,3,4,4,41.0,False,1,0.9111
531,4,1,2,55.5,False,1,0.4625
531,4,2,3,19.33,False,1,0.1611
531,4,3,6,34.0,False,1,0.68
531,4,4,2,41.5,False,1,0.4611
531,5,0,2,63.0,True,1,0.35
531,5,2,3,57.67,True,1,0.4806
531,5,3,5,36.8,True,1,0.6133
531,5,4,2,53.5,True,1,0.5944
531,6,0,1,23.0,True,1,0.0639
531,6,2,9,34.44,True,1,0.8611
531,6,3,5,43.4,True,1,0.7233
531,6,4,1,44.0,True,1,0.2444
