trip_id,vehicle_id,battery_capacity_kwh,starting_soc_percent,distance_km,trip_duration_minutes,average_speed_kmph,elevation_gain_m,traffic_density_score,ambient_temperature_c,weather_condition,driving_style,energy_consumed_kwh,data_type
SIM_TRIP_0001,VIRTUAL_EV_002,40.5,52.9,49.87,62.3,54.3,73.2,0.363,26.6,Overcast,Eco,7.882,synthetic_virtual_ev
SIM_TRIP_0002,VIRTUAL_EV_001,30.0,37.0,2.83,3.3,55.4,20.0,0.216,24.5,Rain,Aggressive,0.609,synthetic_virtual_ev
SIM_TRIP_0003,VIRTUAL_EV_001,30.0,71.2,63.38,101.1,44.4,11.1,0.611,28.7,Clear,Normal,10.603,synthetic_virtual_ev
SIM_TRIP_0004,VIRTUAL_EV_002,40.5,80.4,5.75,7.0,53.9,17.7,0.259,26.0,Clear,Normal,0.989,synthetic_virtual_ev
SIM_TRIP_0005,VIRTUAL_EV_001,30.0,28.6,38.55,50.3,51.0,-55.6,0.32,38.3,Hot,Normal,6.485,synthetic_virtual_ev
SIM_TRIP_0006,VIRTUAL_EV_002,40.5,37.5,5.66,7.9,48.0,-113.2,0.377,37.6,Hot,Normal,0.64,synthetic_virtual_ev
SIM_TRIP_0007,VIRTUAL_EV_001,30.0,54.6,8.51,11.8,47.6,-84.6,0.305,36.5,Hot,Eco,1.1,synthetic_virtual_ev
SIM_TRIP_0008,VIRTUAL_EV_002,40.5,72.5,14.6,20.9,46.0,-28.2,0.317,36.5,Hot,Normal,2.424,synthetic_virtual_ev
SIM_TRIP_0009,VIRTUAL_EV_001,30.0,84.2,50.97,55.6,60.7,-21.0,0.255,23.5,Rain,Normal,8.112,synthetic_virtual_ev
SIM_TRIP_0010,VIRTUAL_EV_001,30.0,64.1,14.03,18.2,52.9,26.0,0.406,29.9,Clear,Normal,2.536,synthetic_virtual_ev
SIM_TRIP_0011,VIRTUAL_EV_002,40.5,62.9,5.47,7.1,50.5,-87.4,0.273,22.6,Rain,Normal,0.58,synthetic_virtual_ev
SIM_TRIP_0012,VIRTUAL_EV_001,30.0,69.5,53.43,50.3,65.7,-24.9,0.07,23.4,Overcast,Eco,7.875,synthetic_virtual_ev
SIM_TRIP_0013,VIRTUAL_EV_001,30.0,58.6,14.17,14.0,62.2,35.7,0.062,28.4,Clear,Eco,2.322,synthetic_virtual_ev
SIM_TRIP_0014,VIRTUAL_EV_002,40.5,69.6,3.23,3.2,61.5,59.8,0.053,33.4,Clear,Normal,0.841,synthetic_virtual_ev
SIM_TRIP_0015,VIRTUAL_EV_001,30.0,78.3,40.04,75.3,37.0,54.3,0.647,26.3,Clear,Eco,6.199,synthetic_virtual_ev
SIM_TRIP_0016,VIRTUAL_EV_002,40.5,73.7,21.55,24.7,56.4,157.4,0.21,24.4,Overcast,Eco,3.943,synthetic_virtual_ev
SIM_TRIP_0017,VIRTUAL_EV_001,30.0,67.5,3.82,4.8,53.3,-87.3,0.342,25.6,Overcast,Normal,0.358,synthetic_virtual_ev
SIM_TRIP_0018,VIRTUAL_EV_002,40.5,37.4,9.88,11.6,58.8,-49.0,0.386,22.5,Rain,Aggressive,1.641,synthetic_virtual_ev
SIM_TRIP_0019,VIRTUAL_EV_002,40.5,27.9,9.73,11.4,55.7,-85.4,0.231,35.1,Hot,Eco,1.26,synthetic_virtual_ev
SIM_TRIP_0020,VIRTUAL_EV_001,30.0,33.1,9.68,13.5,48.8,-45.2,0.415,27.2,Clear,Normal,1.451,synthetic_virtual_ev
SIM_TRIP_0021,VIRTUAL_EV_001,30.0,23.7,8.81,11.7,49.5,120.6,0.292,32.5,Hot,Eco,1.949,synthetic_virtual_ev
SIM_TRIP_0022,VIRTUAL_EV_001,30.0,78.4,8.97,11.9,48.7,5.1,0.244,36.6,Hot,Normal,1.582,synthetic_virtual_ev
SIM_TRIP_0023,VIRTUAL_EV_001,30.0,47.5,6.93,7.6,61.2,75.8,0.283,33.5,Clear,Normal,1.57,synthetic_virtual_ev
SIM_TRIP_0024,VIRTUAL_EV_001,30.0,67.5,11.55,13.0,58.5,160.8,0.249,40.6,Hot,Eco,2.684,synthetic_virtual_ev
SIM_TRIP_0025,VIRTUAL_EV_002,40.5,80.1,12.17,12.1,63.2,19.8,0.111,23.5,Overcast,Normal,2.046,synthetic_virtual_ev
SIM_TRIP_0026,VIRTUAL_EV_002,40.5,79.9,9.79,13.1,51.5,-19.9,0.442,25.2,Clear,Aggressive,1.712,synthetic_virtual_ev
SIM_TRIP_0027,VIRTUAL_EV_002,40.5,40.3,6.09,6.4,58.6,114.1,0.081,33.4,Clear,Eco,1.561,synthetic_virtual_ev
SIM_TRIP_0028,VIRTUAL_EV_001,30.0,94.0,62.56,56.8,67.9,127.6,0.062,38.4,Hot,Eco,10.428,synthetic_virtual_ev
SIM_TRIP_0029,VIRTUAL_EV_001,30.0,53.2,13.94,16.7,55.2,-92.9,0.273,34.0,Clear,Normal,2.089,synthetic_virtual_ev
SIM_TRIP_0030,VIRTUAL_EV_001,30.0,38.1,12.1,14.8,52.3,-48.4,0.197,25.9,Overcast,Eco,1.543,synthetic_virtual_ev
SIM_TRIP_0031,VIRTUAL_EV_001,30.0,80.1,53.61,59.9,57.8,135.3,0.198,32.4,Hot,Normal,9.451,synthetic_virtual_ev
SIM_TRIP_0032,VIRTUAL_EV_001,30.0,34.5,11.23,11.5,62.6,-92.5,0.16,20.3,Rain,Aggressive,1.781,synthetic_virtual_ev
SIM_TRIP_0033,VIRTUAL_EV_002,40.5,54.4,46.82,47.8,63.0,-75.5,0.171,33.5,Clear,Normal,7.629,synthetic_virtual_ev
SIM_TRIP_0034,VIRTUAL_EV_001,30.0,55.6,3.74,5.4,46.0,56.5,0.332,28.3,Clear,Normal,0.863,synthetic_virtual_ev
SIM_TRIP_0035,VIRTUAL_EV_001,30.0,51.4,4.93,5.2,61.3,9.4,0.21,24.2,Rain,Normal,0.831,synthetic_virtual_ev
SIM_TRIP_0036,VIRTUAL_EV_001,30.0,58.5,59.32,68.8,57.1,-98.4,0.273,23.1,Rain,Aggressive,10.63,synthetic_virtual_ev
SIM_TRIP_0037,VIRTUAL_EV_001,30.0,41.0,4.25,4.2,61.1,-84.1,0.027,32.1,Hot,Normal,0.442,synthetic_virtual_ev
SIM_TRIP_0038,VIRTUAL_EV_002,40.5,94.7,30.55,34.5,58.2,-70.2,0.25,35.9,Hot,Normal,5.063,synthetic_virtual_ev
SIM_TRIP_0039,VIRTUAL_EV_002,40.5,61.7,64.52,100.7,44.2,-65.7,0.509,27.9,Clear,Eco,9.429,synthetic_virtual_ev
SIM_TRIP_0040,VIRTUAL_EV_001,30.0,37.5,8.37,8.4,61.4,108.9,0.067,20.5,Rain,Normal,1.861,synthetic_virtual_ev
SIM_TRIP_0041,VIRTUAL_EV_001,30.0,60.5,12.98,19.3,45.1,29.6,0.393,40.5,Hot,Normal,2.451,synthetic_virtual_ev
SIM_TRIP_0042,VIRTUAL_EV_001,30.0,49.9,46.54,59.9,50.3,-117.8,0.234,25.9,Clear,Eco,6.348,synthetic_virtual_ev
SIM_TRIP_0043,VIRTUAL_EV_001,30.0,67.5,46.02,56.2,52.6,45.9,0.202,41.0,Hot,Normal,8.262,synthetic_virtual_ev
SIM_TRIP_0044,VIRTUAL_EV_002,40.5,93.8,11.54,12.2,60.2,173.4,0.153,25.2,Clear,Normal,2.777,synthetic_virtual_ev
SIM_TRIP_0045,VIRTUAL_EV_002,40.5,26.4,12.43,14.4,54.4,112.1,0.129,32.4,Hot,Aggressive,2.876,synthetic_virtual_ev
SIM_TRIP_0046,VIRTUAL_EV_001,30.0,80.1,5.05,6.5,51.8,81.5,0.305,32.0,Hot,Normal,1.217,synthetic_virtual_ev
SIM_TRIP_0047,VIRTUAL_EV_002,40.5,46.1,29.95,38.4,50.4,122.2,0.227,26.7,Clear,Normal,5.488,synthetic_virtual_ev
SIM_TRIP_0048,VIRTUAL_EV_001,30.0,50.6,9.47,9.5,64.8,-99.8,0.182,38.0,Hot,Aggressive,1.608,synthetic_virtual_ev
SIM_TRIP_0049,VIRTUAL_EV_001,30.0,54.0,32.16,39.5,51.8,152.7,0.176,26.5,Overcast,Normal,5.712,synthetic_virtual_ev
SIM_TRIP_0050,VIRTUAL_EV_001,30.0,64.3,29.97,47.3,45.0,22.9,0.612,25.6,Clear,Eco,4.639,synthetic_virtual_ev
SIM_TRIP_0051,VIRTUAL_EV_001,30.0,81.1,54.38,58.2,60.8,167.9,0.21,20.6,Rain,Eco,8.685,synthetic_virtual_ev
SIM_TRIP_0052,VIRTUAL_EV_001,30.0,38.5,7.92,8.6,57.6,-29.4,0.098,24.5,Clear,Normal,1.147,synthetic_virtual_ev
SIM_TRIP_0053,VIRTUAL_EV_001,30.0,20.1,13.22,13.6,60.7,-23.3,0.104,22.9,Rain,Eco,1.786,synthetic_virtual_ev
SIM_TRIP_0054,VIRTUAL_EV_001,30.0,71.2,6.3,7.8,53.8,-117.2,0.324,28.6,Clear,Aggressive,0.848,synthetic_virtual_ev
SIM_TRIP_0055,VIRTUAL_EV_001,30.0,28.3,27.08,30.6,56.7,136.6,0.178,25.1,Rain,Normal,4.912,synthetic_virtual_ev
SIM_TRIP_0056,VIRTUAL_EV_002,40.5,54.1,64.23,74.8,57.1,-96.6,0.285,35.2,Hot,Normal,10.678,synthetic_virtual_ev
SIM_TRIP_0057,VIRTUAL_EV_001,30.0,21.4,11.43,16.1,47.2,-68.1,0.354,35.2,Hot,Normal,1.754,synthetic_virtual_ev
SIM_TRIP_0058,VIRTUAL_EV_002,40.5,20.3,14.91,23.0,44.2,58.4,0.468,33.0,Clear,Normal,2.861,synthetic_virtual_ev
SIM_TRIP_0059,VIRTUAL_EV_001,30.0,82.7,9.74,9.7,64.3,50.1,0.154,34.5,Hot,Eco,1.771,synthetic_virtual_ev
SIM_TRIP_0060,VIRTUAL_EV_002,40.5,51.4,2.16,2.5,56.6,168.5,0.249,22.4,Rain,Normal,1.238,synthetic_virtual_ev
SIM_TRIP_0061,VIRTUAL_EV_001,30.0,84.4,25.61,28.3,58.7,51.0,0.208,40.8,Hot,Normal,4.659,synthetic_virtual_ev
SIM_TRIP_0062,VIRTUAL_EV_002,40.5,84.9,19.99,27.1,50.2,-24.3,0.404,32.2,Hot,Eco,3.148,synthetic_virtual_ev
SIM_TRIP_0063,VIRTUAL_EV_001,30.0,50.7,61.77,90.1,45.1,166.5,0.321,27.8,Clear,Normal,10.486,synthetic_virtual_ev
SIM_TRIP_0064,VIRTUAL_EV_001,30.0,76.5,28.91,30.9,60.5,75.8,0.194,29.2,Clear,Eco,4.593,synthetic_virtual_ev
SIM_TRIP_0065,VIRTUAL_EV_001,30.0,38.9,11.94,12.9,61.0,45.9,0.237,27.9,Overcast,Aggressive,2.355,synthetic_virtual_ev
SIM_TRIP_0066,VIRTUAL_EV_002,40.5,66.3,4.15,4.4,60.2,108.0,0.167,32.5,Clear,Normal,1.267,synthetic_virtual_ev
SIM_TRIP_0067,VIRTUAL_EV_001,30.0,90.6,13.65,13.8,63.1,135.4,0.153,32.5,Clear,Eco,2.838,synthetic_virtual_ev
SIM_TRIP_0068,VIRTUAL_EV_001,30.0,38.6,4.1,5.2,52.5,-80.5,0.304,39.8,Hot,Aggressive,0.588,synthetic_virtual_ev
SIM_TRIP_0069,VIRTUAL_EV_002,40.5,56.2,23.18,31.7,50.3,19.5,0.439,26.5,Clear,Normal,3.802,synthetic_virtual_ev
SIM_TRIP_0070,VIRTUAL_EV_001,30.0,34.0,55.92,86.3,44.5,66.8,0.489,20.9,Rain,Normal,9.13,synthetic_virtual_ev
SIM_TRIP_0071,VIRTUAL_EV_002,40.5,35.9,36.9,41.9,56.6,69.7,0.191,33.9,Clear,Normal,6.539,synthetic_virtual_ev
SIM_TRIP_0072,VIRTUAL_EV_002,40.5,43.9,38.05,48.8,52.7,-107.9,0.362,22.8,Rain,Normal,5.528,synthetic_virtual_ev
SIM_TRIP_0073,VIRTUAL_EV_002,40.5,76.2,41.57,65.2,45.2,32.7,0.601,33.5,Clear,Normal,7.355,synthetic_virtual_ev
SIM_TRIP_0074,VIRTUAL_EV_001,30.0,68.5,7.31,10.3,47.3,-60.7,0.336,24.9,Clear,Normal,0.959,synthetic_virtual_ev
SIM_TRIP_0075,VIRTUAL_EV_002,40.5,38.5,21.47,31.8,44.3,165.9,0.322,26.8,Clear,Normal,4.135,synthetic_virtual_ev
SIM_TRIP_0076,VIRTUAL_EV_001,30.0,66.9,14.69,15.0,62.4,136.2,0.154,32.2,Hot,Normal,3.073,synthetic_virtual_ev
SIM_TRIP_0077,VIRTUAL_EV_001,30.0,56.7,31.71,38.6,54.5,24.2,0.287,27.5,Overcast,Eco,4.699,synthetic_virtual_ev
SIM_TRIP_0078,VIRTUAL_EV_001,30.0,68.4,5.35,7.2,49.0,119.3,0.308,26.2,Clear,Normal,1.46,synthetic_virtual_ev
SIM_TRIP_0079,VIRTUAL_EV_001,30.0,78.1,7.07,11.5,43.1,-78.6,0.602,25.5,Clear,Aggressive,1.08,synthetic_virtual_ev
SIM_TRIP_0080,VIRTUAL_EV_001,30.0,86.4,20.59,23.2,56.4,179.8,0.157,28.2,Clear,Aggressive,4.643,synthetic_virtual_ev
SIM_TRIP_0081,VIRTUAL_EV_001,30.0,74.6,30.92,41.3,49.7,5.0,0.32,24.5,Clear,Normal,4.872,synthetic_virtual_ev
SIM_TRIP_0082,VIRTUAL_EV_001,30.0,80.1,13.61,18.1,50.8,10.9,0.374,33.0,Hot,Eco,2.151,synthetic_virtual_ev
SIM_TRIP_0083,VIRTUAL_EV_001,30.0,68.9,23.4,23.5,64.0,-42.8,0.162,40.2,Hot,Eco,3.686,synthetic_virtual_ev
SIM_TRIP_0084,VIRTUAL_EV_001,30.0,76.3,6.78,9.3,51.0,-0.4,0.478,31.5,Clear,Eco,1.062,synthetic_virtual_ev
SIM_TRIP_0085,VIRTUAL_EV_001,30.0,69.0,7.11,8.2,54.3,49.9,0.123,27.2,Overcast,Aggressive,1.504,synthetic_virtual_ev
SIM_TRIP_0086,VIRTUAL_EV_002,40.5,73.3,2.64,3.3,53.0,-38.8,0.331,21.6,Rain,Normal,0.3,synthetic_virtual_ev
SIM_TRIP_0087,VIRTUAL_EV_001,30.0,62.3,18.3,23.1,54.2,160.7,0.391,32.9,Clear,Eco,3.692,synthetic_virtual_ev
SIM_TRIP_0088,VIRTUAL_EV_001,30.0,63.9,10.83,13.3,53.1,-11.8,0.243,26.1,Clear,Eco,1.512,synthetic_virtual_ev
SIM_TRIP_0089,VIRTUAL_EV_001,30.0,39.9,25.27,30.1,57.0,106.3,0.351,22.6,Overcast,Aggressive,5.226,synthetic_virtual_ev
SIM_TRIP_0090,VIRTUAL_EV_001,30.0,94.8,7.22,11.5,43.8,-0.7,0.568,25.5,Overcast,Normal,1.135,synthetic_virtual_ev
SIM_TRIP_0091,VIRTUAL_EV_001,30.0,44.1,3.34,4.4,49.4,-2.6,0.22,22.2,Rain,Aggressive,0.566,synthetic_virtual_ev
SIM_TRIP_0092,VIRTUAL_EV_001,30.0,62.6,10.56,13.8,51.5,-55.6,0.365,27.5,Clear,Normal,1.522,synthetic_virtual_ev
SIM_TRIP_0093,VIRTUAL_EV_002,40.5,39.3,61.38,91.7,46.3,-108.4,0.494,32.5,Hot,Normal,10.271,synthetic_virtual_ev
SIM_TRIP_0094,VIRTUAL_EV_001,30.0,22.0,57.61,71.4,54.7,-38.9,0.357,20.0,Rain,Normal,8.926,synthetic_virtual_ev
SIM_TRIP_0095,VIRTUAL_EV_002,40.5,57.2,14.55,19.3,51.8,49.3,0.426,33.9,Hot,Aggressive,2.942,synthetic_virtual_ev
SIM_TRIP_0096,VIRTUAL_EV_001,30.0,51.9,7.43,8.2,58.5,19.1,0.21,40.4,Hot,Eco,1.324,synthetic_virtual_ev
SIM_TRIP_0097,VIRTUAL_EV_001,30.0,70.1,10.04,10.6,58.4,164.2,0.061,23.1,Rain,Eco,2.26,synthetic_virtual_ev
SIM_TRIP_0098,VIRTUAL_EV_002,40.5,93.1,10.47,12.9,57.0,-107.9,0.454,22.6,Rain,Aggressive,1.583,synthetic_virtual_ev
SIM_TRIP_0099,VIRTUAL_EV_001,30.0,87.7,14.17,25.7,38.7,-0.8,0.65,24.6,Clear,Aggressive,2.566,synthetic_virtual_ev
SIM_TRIP_0100,VIRTUAL_EV_001,30.0,92.7,4.46,8.1,39.1,163.0,0.724,22.6,Overcast,Normal,1.527,synthetic_virtual_ev
SIM_TRIP_0101,VIRTUAL_EV_002,40.5,60.9,13.69,19.1,50.5,-96.8,0.512,36.8,Hot,Aggressive,2.42,synthetic_virtual_ev
SIM_TRIP_0102,VIRTUAL_EV_001,30.0,89.8,16.76,20.1,56.6,-105.3,0.345,33.8,Clear,Eco,2.334,synthetic_virtual_ev
SIM_TRIP_0103,VIRTUAL_EV_001,30.0,34.6,13.86,18.2,53.1,-92.8,0.456,21.2,Rain,Normal,2.007,synthetic_virtual_ev
SIM_TRIP_0104,VIRTUAL_EV_001,30.0,90.9,12.02,13.7,57.8,-69.3,0.259,27.2,Clear,Normal,1.732,synthetic_virtual_ev
SIM_TRIP_0105,VIRTUAL_EV_001,30.0,28.0,8.75,10.5,53.0,-51.6,0.17,33.9,Clear,Normal,1.298,synthetic_virtual_ev
SIM_TRIP_0106,VIRTUAL_EV_001,30.0,93.6,13.66,13.1,67.5,69.3,0.175,32.2,Clear,Normal,2.72,synthetic_virtual_ev
SIM_TRIP_0107,VIRTUAL_EV_001,30.0,70.4,33.55,39.1,56.2,-60.4,0.242,37.1,Hot,Normal,5.57,synthetic_virtual_ev
SIM_TRIP_0108,VIRTUAL_EV_001,30.0,87.1,3.44,4.3,53.9,-67.4,0.373,26.0,Clear,Aggressive,0.446,synthetic_virtual_ev
SIM_TRIP_0109,VIRTUAL_EV_001,30.0,31.1,6.01,6.6,59.3,14.5,0.224,24.2,Rain,Eco,0.941,synthetic_virtual_ev
SIM_TRIP_0110,VIRTUAL_EV_001,30.0,47.1,8.08,12.6,45.6,-9.2,0.604,31.5,Clear,Normal,1.308,synthetic_virtual_ev
SIM_TRIP_0111,VIRTUAL_EV_002,40.5,89.8,10.36,12.1,57.6,-115.3,0.322,25.7,Overcast,Aggressive,1.5,synthetic_virtual_ev
SIM_TRIP_0112,VIRTUAL_EV_001,30.0,50.6,9.18,15.1,42.4,-25.7,0.568,26.3,Clear,Aggressive,1.617,synthetic_virtual_ev
SIM_TRIP_0113,VIRTUAL_EV_001,30.0,65.5,32.23,36.6,55.1,84.4,0.117,25.7,Clear,Normal,5.363,synthetic_virtual_ev
SIM_TRIP_0114,VIRTUAL_EV_001,30.0,80.9,13.87,16.1,57.3,9.8,0.28,40.1,Hot,Eco,2.314,synthetic_virtual_ev
SIM_TRIP_0115,VIRTUAL_EV_002,40.5,77.9,12.86,11.7,66.4,-93.3,0.02,29.7,Clear,Eco,1.655,synthetic_virtual_ev
SIM_TRIP_0116,VIRTUAL_EV_001,30.0,47.9,4.54,5.2,56.9,157.0,0.246,25.2,Rain,Normal,1.531,synthetic_virtual_ev
SIM_TRIP_0117,VIRTUAL_EV_001,30.0,76.6,8.09,11.1,50.0,-37.8,0.425,28.6,Clear,Eco,1.103,synthetic_virtual_ev
SIM_TRIP_0118,VIRTUAL_EV_001,30.0,90.8,4.92,6.2,53.5,135.3,0.322,24.4,Clear,Aggressive,1.5,synthetic_virtual_ev
SIM_TRIP_0119,VIRTUAL_EV_001,30.0,23.8,30.29,51.7,41.2,38.2,0.628,33.3,Hot,Normal,5.328,synthetic_virtual_ev
SIM_TRIP_0120,VIRTUAL_EV_002,40.5,76.2,3.53,5.3,47.4,101.0,0.596,23.0,Rain,Eco,1.057,synthetic_virtual_ev
SIM_TRIP_0121,VIRTUAL_EV_001,30.0,34.1,63.03,70.7,57.5,-34.8,0.197,27.9,Overcast,Normal,9.894,synthetic_virtual_ev
SIM_TRIP_0122,VIRTUAL_EV_001,30.0,93.5,30.07,44.7,45.4,49.1,0.409,30.1,Clear,Normal,5.262,synthetic_virtual_ev
SIM_TRIP_0123,VIRTUAL_EV_001,30.0,46.1,16.54,16.7,62.3,113.8,0.113,22.3,Overcast,Normal,3.295,synthetic_virtual_ev
SIM_TRIP_0124,VIRTUAL_EV_001,30.0,22.0,50.5,82.5,42.7,123.5,0.569,37.3,Hot,Normal,9.306,synthetic_virtual_ev
SIM_TRIP_0125,VIRTUAL_EV_001,30.0,30.6,60.14,61.8,64.1,-97.8,0.227,25.7,Clear,Aggressive,10.882,synthetic_virtual_ev
SIM_TRIP_0126,VIRTUAL_EV_002,40.5,63.5,46.55,46.5,61.7,119.0,0.067,23.1,Rain,Aggressive,9.062,synthetic_virtual_ev
SIM_TRIP_0127,VIRTUAL_EV_001,30.0,38.5,31.51,39.6,52.2,-31.5,0.271,32.8,Hot,Normal,5.07,synthetic_virtual_ev
SIM_TRIP_0128,VIRTUAL_EV_001,30.0,61.6,45.52,56.9,53.1,-94.0,0.299,30.9,Clear,Normal,7.275,synthetic_virtual_ev
SIM_TRIP_0129,VIRTUAL_EV_001,30.0,75.7,12.79,19.7,45.4,60.6,0.539,36.7,Hot,Normal,2.61,synthetic_virtual_ev
SIM_TRIP_0130,VIRTUAL_EV_001,30.0,58.7,13.98,13.6,62.9,9.6,0.054,25.8,Rain,Normal,2.251,synthetic_virtual_ev
SIM_TRIP_0131,VIRTUAL_EV_001,30.0,22.4,4.01,6.6,40.6,151.7,0.44,30.3,Clear,Aggressive,1.507,synthetic_virtual_ev
SIM_TRIP_0132,VIRTUAL_EV_002,40.5,83.7,26.2,29.0,57.7,138.0,0.165,26.6,Clear,Normal,4.947,synthetic_virtual_ev
SIM_TRIP_0133,VIRTUAL_EV_001,30.0,59.6,30.16,35.3,56.4,48.2,0.269,27.9,Overcast,Normal,5.096,synthetic_virtual_ev
SIM_TRIP_0134,VIRTUAL_EV_001,30.0,50.6,31.68,41.7,49.8,-113.7,0.281,25.9,Clear,Normal,4.657,synthetic_virtual_ev
SIM_TRIP_0135,VIRTUAL_EV_001,30.0,69.2,2.84,5.7,34.7,-98.5,0.682,20.1,Rain,Eco,0.153,synthetic_virtual_ev
SIM_TRIP_0136,VIRTUAL_EV_002,40.5,20.8,13.75,20.8,43.9,-29.9,0.364,26.0,Clear,Normal,2.126,synthetic_virtual_ev
SIM_TRIP_0137,VIRTUAL_EV_001,30.0,36.8,6.58,8.1,54.5,-89.2,0.334,28.4,Clear,Normal,0.809,synthetic_virtual_ev
SIM_TRIP_0138,VIRTUAL_EV_001,30.0,38.4,4.91,5.0,60.9,157.5,0.093,25.8,Clear,Normal,1.531,synthetic_virtual_ev
SIM_TRIP_0139,VIRTUAL_EV_001,30.0,77.2,60.3,101.0,42.9,134.7,0.69,20.5,Rain,Aggressive,11.893,synthetic_virtual_ev
SIM_TRIP_0140,VIRTUAL_EV_001,30.0,43.4,51.66,50.3,65.7,-6.5,0.151,26.2,Clear,Normal,8.189,synthetic_virtual_ev
SIM_TRIP_0141,VIRTUAL_EV_001,30.0,66.4,27.89,25.4,69.1,106.1,0.104,22.9,Overcast,Normal,5.052,synthetic_virtual_ev
SIM_TRIP_0142,VIRTUAL_EV_001,30.0,83.4,12.96,16.1,53.3,86.3,0.284,25.9,Overcast,Normal,2.483,synthetic_virtual_ev
SIM_TRIP_0143,VIRTUAL_EV_001,30.0,30.5,7.39,10.7,47.6,-45.5,0.481,24.3,Clear,Normal,1.045,synthetic_virtual_ev
SIM_TRIP_0144,VIRTUAL_EV_001,30.0,80.8,8.9,11.1,54.1,-113.3,0.345,29.2,Clear,Normal,1.152,synthetic_virtual_ev
SIM_TRIP_0145,VIRTUAL_EV_002,40.5,41.4,46.62,48.2,62.5,-115.1,0.185,22.3,Overcast,Aggressive,8.044,synthetic_virtual_ev
SIM_TRIP_0146,VIRTUAL_EV_002,40.5,44.3,14.71,22.5,45.9,159.0,0.564,24.5,Clear,Normal,3.188,synthetic_virtual_ev
SIM_TRIP_0147,VIRTUAL_EV_002,40.5,39.4,13.17,14.5,59.2,-110.7,0.223,32.6,Clear,Normal,1.867,synthetic_virtual_ev
SIM_TRIP_0148,VIRTUAL_EV_001,30.0,71.0,10.77,20.3,38.2,-55.9,0.776,27.5,Clear,Normal,1.641,synthetic_virtual_ev
SIM_TRIP_0149,VIRTUAL_EV_001,30.0,22.9,3.61,7.2,34.7,177.8,0.683,33.3,Hot,Eco,1.517,synthetic_virtual_ev
SIM_TRIP_0150,VIRTUAL_EV_001,30.0,58.9,4.31,6.5,45.9,-110.2,0.475,33.3,Clear,Normal,0.425,synthetic_virtual_ev
SIM_TRIP_0151,VIRTUAL_EV_001,30.0,48.4,6.41,6.5,61.3,39.5,0.088,24.3,Clear,Normal,1.193,synthetic_virtual_ev
SIM_TRIP_0152,VIRTUAL_EV_002,40.5,77.4,59.78,87.9,46.1,-109.7,0.423,40.1,Hot,Normal,10.304,synthetic_virtual_ev
SIM_TRIP_0153,VIRTUAL_EV_002,40.5,65.2,19.89,27.1,50.0,-38.9,0.401,24.4,Clear,Normal,2.997,synthetic_virtual_ev
SIM_TRIP_0154,VIRTUAL_EV_001,30.0,44.6,7.43,12.1,43.1,170.9,0.587,20.9,Rain,Normal,2.018,synthetic_virtual_ev
SIM_TRIP_0155,VIRTUAL_EV_002,40.5,82.9,8.84,9.6,57.7,-102.3,0.117,37.8,Hot,Eco,1.071,synthetic_virtual_ev
SIM_TRIP_0156,VIRTUAL_EV_002,40.5,25.1,5.36,6.4,55.8,12.8,0.313,33.4,Clear,Normal,0.961,synthetic_virtual_ev
SIM_TRIP_0157,VIRTUAL_EV_001,30.0,95.0,13.34,16.5,53.2,-63.0,0.28,22.5,Overcast,Normal,1.916,synthetic_virtual_ev
SIM_TRIP_0158,VIRTUAL_EV_001,30.0,72.9,2.5,2.2,70.2,41.2,0.075,30.6,Clear,Normal,0.628,synthetic_virtual_ev
SIM_TRIP_0159,VIRTUAL_EV_001,30.0,47.7,7.02,9.0,52.4,56.3,0.34,30.3,Clear,Eco,1.362,synthetic_virtual_ev
SIM_TRIP_0160,VIRTUAL_EV_001,30.0,88.2,17.94,31.0,40.8,32.3,0.638,41.9,Hot,Normal,3.513,synthetic_virtual_ev
SIM_TRIP_0161,VIRTUAL_EV_002,40.5,67.2,52.73,55.5,60.8,-63.6,0.162,32.4,Hot,Aggressive,9.6,synthetic_virtual_ev
SIM_TRIP_0162,VIRTUAL_EV_001,30.0,35.3,13.54,24.0,40.2,-108.1,0.705,26.9,Clear,Normal,1.877,synthetic_virtual_ev
SIM_TRIP_0163,VIRTUAL_EV_001,30.0,20.4,62.44,82.1,52.7,149.4,0.439,22.9,Rain,Normal,10.23,synthetic_virtual_ev
SIM_TRIP_0164,VIRTUAL_EV_001,30.0,48.9,6.58,8.2,53.7,175.8,0.311,31.6,Clear,Normal,1.921,synthetic_virtual_ev
SIM_TRIP_0165,VIRTUAL_EV_001,30.0,63.0,9.55,11.2,57.1,-99.3,0.311,33.4,Hot,Normal,1.343,synthetic_virtual_ev
SIM_TRIP_0166,VIRTUAL_EV_001,30.0,74.6,11.41,17.1,43.3,44.5,0.28,40.4,Hot,Eco,2.119,synthetic_virtual_ev
SIM_TRIP_0167,VIRTUAL_EV_002,40.5,56.7,14.86,22.1,46.1,5.6,0.468,32.5,Hot,Eco,2.43,synthetic_virtual_ev
SIM_TRIP_0168,VIRTUAL_EV_001,30.0,54.7,5.97,6.0,60.2,-48.7,0.031,25.5,Clear,Normal,0.803,synthetic_virtual_ev
SIM_TRIP_0169,VIRTUAL_EV_001,30.0,23.5,64.36,125.2,37.1,177.4,0.819,32.7,Hot,Eco,11.487,synthetic_virtual_ev
SIM_TRIP_0170,VIRTUAL_EV_001,30.0,29.3,9.75,9.5,65.2,159.6,0.123,40.9,Hot,Normal,2.561,synthetic_virtual_ev
SIM_TRIP_0171,VIRTUAL_EV_002,40.5,51.3,8.33,10.3,53.7,-90.9,0.284,29.3,Clear,Eco,0.969,synthetic_virtual_ev
SIM_TRIP_0172,VIRTUAL_EV_001,30.0,25.1,46.58,51.2,56.0,79.3,0.067,39.2,Hot,Normal,8.441,synthetic_virtual_ev
SIM_TRIP_0173,VIRTUAL_EV_002,40.5,94.8,4.63,6.0,51.4,96.1,0.311,23.4,Rain,Normal,1.242,synthetic_virtual_ev
SIM_TRIP_0174,VIRTUAL_EV_002,40.5,66.9,9.88,10.6,56.6,100.2,0.042,29.3,Clear,Eco,2.019,synthetic_virtual_ev
SIM_TRIP_0175,VIRTUAL_EV_001,30.0,64.4,7.8,10.6,52.8,163.2,0.542,37.2,Hot,Aggressive,2.362,synthetic_virtual_ev
SIM_TRIP_0176,VIRTUAL_EV_001,30.0,27.9,12.6,12.9,61.3,36.6,0.105,40.0,Hot,Normal,2.326,synthetic_virtual_ev
SIM_TRIP_0177,VIRTUAL_EV_001,30.0,81.5,2.44,2.8,56.4,72.7,0.182,27.0,Overcast,Normal,0.759,synthetic_virtual_ev
SIM_TRIP_0178,VIRTUAL_EV_001,30.0,29.0,5.03,5.6,58.5,67.8,0.241,26.3,Clear,Aggressive,1.247,synthetic_virtual_ev
SIM_TRIP_0179,VIRTUAL_EV_001,30.0,88.5,56.45,66.0,56.2,-6.8,0.255,23.8,Rain,Normal,8.835,synthetic_virtual_ev
SIM_TRIP_0180,VIRTUAL_EV_001,30.0,58.0,6.42,7.8,55.8,29.8,0.356,22.3,Rain,Eco,1.084,synthetic_virtual_ev
SIM_TRIP_0181,VIRTUAL_EV_002,40.5,41.4,16.25,19.7,55.8,-1.2,0.338,20.2,Rain,Normal,2.543,synthetic_virtual_ev
SIM_TRIP_0182,VIRTUAL_EV_001,30.0,69.1,15.79,22.6,47.7,130.9,0.432,40.3,Hot,Normal,3.566,synthetic_virtual_ev
SIM_TRIP_0183,VIRTUAL_EV_001,30.0,20.3,6.35,9.0,47.3,154.0,0.375,22.4,Rain,Eco,1.636,synthetic_virtual_ev
SIM_TRIP_0184,VIRTUAL_EV_001,30.0,90.7,35.56,35.5,62.9,-14.6,0.109,24.5,Rain,Normal,5.584,synthetic_virtual_ev
SIM_TRIP_0185,VIRTUAL_EV_002,40.5,57.0,28.56,39.6,51.2,159.5,0.541,32.6,Clear,Normal,5.613,synthetic_virtual_ev
SIM_TRIP_0186,VIRTUAL_EV_001,30.0,62.0,5.75,7.6,49.7,-57.2,0.301,29.0,Clear,Eco,0.707,synthetic_virtual_ev
SIM_TRIP_0187,VIRTUAL_EV_001,30.0,73.7,43.74,54.7,56.2,6.0,0.458,32.8,Clear,Aggressive,8.556,synthetic_virtual_ev
SIM_TRIP_0188,VIRTUAL_EV_001,30.0,54.0,34.72,56.7,42.0,121.7,0.51,26.3,Clear,Normal,6.134,synthetic_virtual_ev
SIM_TRIP_0189,VIRTUAL_EV_001,30.0,63.1,9.99,9.6,66.3,-17.6,0.14,28.7,Clear,Normal,1.576,synthetic_virtual_ev
SIM_TRIP_0190,VIRTUAL_EV_002,40.5,31.5,5.71,8.1,48.5,176.1,0.436,30.7,Clear,Normal,1.923,synthetic_virtual_ev
SIM_TRIP_0191,VIRTUAL_EV_001,30.0,49.5,49.44,56.1,56.3,72.8,0.174,32.1,Clear,Normal,8.773,synthetic_virtual_ev
SIM_TRIP_0192,VIRTUAL_EV_001,30.0,38.7,13.19,19.0,46.6,3.1,0.379,25.9,Rain,Eco,1.918,synthetic_virtual_ev
SIM_TRIP_0193,VIRTUAL_EV_001,30.0,78.9,7.11,10.8,45.5,38.9,0.489,27.0,Clear,Aggressive,1.529,synthetic_virtual_ev
SIM_TRIP_0194,VIRTUAL_EV_001,30.0,27.0,23.75,25.7,61.0,97.2,0.241,31.8,Clear,Normal,4.358,synthetic_virtual_ev
SIM_TRIP_0195,VIRTUAL_EV_001,30.0,86.2,58.48,67.7,57.5,163.4,0.286,37.3,Hot,Normal,10.932,synthetic_virtual_ev
SIM_TRIP_0196,VIRTUAL_EV_001,30.0,83.1,23.09,28.8,53.5,-79.4,0.316,32.5,Hot,Normal,3.67,synthetic_virtual_ev
SIM_TRIP_0197,VIRTUAL_EV_001,30.0,67.8,4.82,5.2,57.2,176.5,0.082,37.4,Hot,Normal,1.732,synthetic_virtual_ev
SIM_TRIP_0198,VIRTUAL_EV_001,30.0,67.0,10.83,12.0,59.4,99.3,0.256,25.0,Overcast,Normal,2.248,synthetic_virtual_ev
SIM_TRIP_0199,VIRTUAL_EV_001,30.0,23.4,49.68,73.0,47.3,83.7,0.5,29.6,Clear,Eco,8.085,synthetic_virtual_ev
SIM_TRIP_0200,VIRTUAL_EV_002,40.5,93.6,38.26,54.6,48.7,73.0,0.489,39.4,Hot,Eco,6.723,synthetic_virtual_ev
SIM_TRIP_0201,VIRTUAL_EV_001,30.0,47.9,12.23,12.8,60.2,-7.1,0.135,26.5,Clear,Normal,1.923,synthetic_virtual_ev
SIM_TRIP_0202,VIRTUAL_EV_001,30.0,81.1,11.85,18.0,45.0,4.5,0.458,36.3,Hot,Aggressive,2.385,synthetic_virtual_ev
SIM_TRIP_0203,VIRTUAL_EV_001,30.0,61.8,16.81,18.3,58.0,-119.7,0.129,20.1,Rain,Normal,2.278,synthetic_virtual_ev
SIM_TRIP_0204,VIRTUAL_EV_001,30.0,61.2,9.13,8.8,66.6,63.1,0.16,33.4,Clear,Eco,1.808,synthetic_virtual_ev
SIM_TRIP_0205,VIRTUAL_EV_001,30.0,93.1,10.1,12.1,56.4,-102.7,0.342,33.3,Clear,Normal,1.435,synthetic_virtual_ev
SIM_TRIP_0206,VIRTUAL_EV_001,30.0,72.8,8.93,12.1,52.0,-117.8,0.508,20.9,Rain,Normal,1.096,synthetic_virtual_ev
SIM_TRIP_0207,VIRTUAL_EV_001,30.0,24.5,10.89,10.4,64.8,21.5,0.065,31.0,Clear,Normal,1.879,synthetic_virtual_ev
SIM_TRIP_0208,VIRTUAL_EV_001,30.0,38.3,14.83,16.8,58.8,142.6,0.283,33.7,Hot,Eco,3.041,synthetic_virtual_ev
SIM_TRIP_0209,VIRTUAL_EV_002,40.5,31.1,40.89,52.6,52.2,42.9,0.345,24.1,Clear,Normal,6.704,synthetic_virtual_ev
SIM_TRIP_0210,VIRTUAL_EV_001,30.0,63.0,8.1,8.6,62.7,142.5,0.26,33.3,Clear,Normal,2.01,synthetic_virtual_ev
SIM_TRIP_0211,VIRTUAL_EV_001,30.0,27.5,18.32,24.3,52.1,44.7,0.435,29.5,Clear,Eco,3.01,synthetic_virtual_ev
SIM_TRIP_0212,VIRTUAL_EV_001,30.0,69.1,14.73,23.1,45.8,105.3,0.639,37.9,Hot,Eco,2.982,synthetic_virtual_ev
SIM_TRIP_0213,VIRTUAL_EV_002,40.5,77.2,28.93,51.0,38.2,51.2,0.481,22.5,Overcast,Normal,4.862,synthetic_virtual_ev
SIM_TRIP_0214,VIRTUAL_EV_001,30.0,40.0,45.12,44.6,65.8,-118.5,0.194,32.6,Hot,Normal,7.4,synthetic_virtual_ev
SIM_TRIP_0215,VIRTUAL_EV_001,30.0,48.5,53.24,62.9,55.4,-90.7,0.244,41.8,Hot,Normal,9.113,synthetic_virtual_ev
SIM_TRIP_0216,VIRTUAL_EV_002,40.5,66.1,10.03,11.2,61.3,13.8,0.35,26.7,Clear,Eco,1.567,synthetic_virtual_ev
SIM_TRIP_0217,VIRTUAL_EV_001,30.0,74.9,2.21,2.1,65.0,-39.8,0.112,39.2,Hot,Aggressive,0.329,synthetic_virtual_ev
SIM_TRIP_0218,VIRTUAL_EV_001,30.0,69.4,53.05,70.5,49.9,-2.9,0.318,28.5,Clear,Normal,8.451,synthetic_virtual_ev
SIM_TRIP_0219,VIRTUAL_EV_002,40.5,34.7,53.04,67.2,52.6,93.3,0.317,35.3,Hot,Normal,9.465,synthetic_virtual_ev
SIM_TRIP_0220,VIRTUAL_EV_001,30.0,67.4,10.75,13.6,51.6,42.5,0.255,25.6,Clear,Normal,1.88,synthetic_virtual_ev
SIM_TRIP_0221,VIRTUAL_EV_001,30.0,90.8,13.71,17.4,52.6,-29.0,0.326,31.2,Clear,Eco,2.018,synthetic_virtual_ev
SIM_TRIP_0222,VIRTUAL_EV_002,40.5,24.8,46.97,58.8,54.6,-64.2,0.385,40.6,Hot,Normal,8.021,synthetic_virtual_ev
SIM_TRIP_0223,VIRTUAL_EV_001,30.0,24.3,30.61,52.2,40.5,-97.0,0.562,22.9,Overcast,Aggressive,5.182,synthetic_virtual_ev
SIM_TRIP_0224,VIRTUAL_EV_002,40.5,70.4,64.23,93.6,47.4,27.5,0.477,32.7,Clear,Normal,10.829,synthetic_virtual_ev
SIM_TRIP_0225,VIRTUAL_EV_001,30.0,26.0,58.2,82.8,48.4,46.5,0.457,26.0,Clear,Eco,8.816,synthetic_virtual_ev
SIM_TRIP_0226,VIRTUAL_EV_001,30.0,89.9,61.14,79.3,50.4,-14.5,0.266,25.6,Rain,Aggressive,10.986,synthetic_virtual_ev
SIM_TRIP_0227,VIRTUAL_EV_002,40.5,64.3,11.72,11.6,65.3,-78.3,0.179,26.8,Clear,Normal,1.678,synthetic_virtual_ev
SIM_TRIP_0228,VIRTUAL_EV_001,30.0,34.6,39.18,38.7,63.3,-13.4,0.102,29.2,Clear,Normal,6.275,synthetic_virtual_ev
SIM_TRIP_0229,VIRTUAL_EV_002,40.5,62.2,30.0,37.8,54.1,-38.7,0.379,22.1,Rain,Eco,4.295,synthetic_virtual_ev
SIM_TRIP_0230,VIRTUAL_EV_001,30.0,80.3,6.01,7.4,52.2,-63.4,0.187,24.8,Clear,Normal,0.752,synthetic_virtual_ev
SIM_TRIP_0231,VIRTUAL_EV_002,40.5,30.5,44.74,51.3,57.3,79.4,0.249,39.0,Hot,Normal,8.254,synthetic_virtual_ev
SIM_TRIP_0232,VIRTUAL_EV_001,30.0,27.1,10.3,15.5,48.6,26.1,0.666,24.9,Clear,Normal,1.816,synthetic_virtual_ev
SIM_TRIP_0233,VIRTUAL_EV_002,40.5,57.3,2.34,3.7,42.6,160.0,0.475,26.6,Clear,Aggressive,1.279,synthetic_virtual_ev
SIM_TRIP_0234,VIRTUAL_EV_001,30.0,66.2,2.83,3.7,50.1,61.3,0.302,24.9,Clear,Normal,0.752,synthetic_virtual_ev
SIM_TRIP_0235,VIRTUAL_EV_001,30.0,83.7,4.9,6.0,54.0,-32.3,0.301,24.3,Clear,Aggressive,0.794,synthetic_virtual_ev
SIM_TRIP_0236,VIRTUAL_EV_001,30.0,81.6,3.35,6.0,37.9,-108.4,0.511,40.0,Hot,Normal,0.325,synthetic_virtual_ev
SIM_TRIP_0237,VIRTUAL_EV_001,30.0,46.7,8.25,11.1,50.0,88.2,0.351,35.2,Hot,Normal,1.826,synthetic_virtual_ev
SIM_TRIP_0238,VIRTUAL_EV_001,30.0,53.1,16.82,17.7,61.4,-34.0,0.194,29.1,Clear,Aggressive,3.186,synthetic_virtual_ev
SIM_TRIP_0239,VIRTUAL_EV_002,40.5,61.8,10.91,12.3,57.1,102.1,0.191,24.6,Overcast,Normal,2.297,synthetic_virtual_ev
SIM_TRIP_0240,VIRTUAL_EV_001,30.0,28.3,47.4,71.3,46.0,31.8,0.502,37.2,Hot,Eco,7.702,synthetic_virtual_ev
SIM_TRIP_0241,VIRTUAL_EV_001,30.0,30.0,2.71,3.2,53.9,77.7,0.137,30.2,Clear,Normal,0.824,synthetic_virtual_ev
SIM_TRIP_0242,VIRTUAL_EV_001,30.0,59.6,13.42,18.4,48.5,-23.3,0.326,37.6,Hot,Aggressive,2.546,synthetic_virtual_ev
SIM_TRIP_0243,VIRTUAL_EV_001,30.0,39.8,2.53,3.8,44.1,47.8,0.395,35.4,Hot,Normal,0.671,synthetic_virtual_ev
SIM_TRIP_0244,VIRTUAL_EV_001,30.0,94.3,61.88,103.8,41.8,117.9,0.607,31.9,Clear,Aggressive,12.248,synthetic_virtual_ev
SIM_TRIP_0245,VIRTUAL_EV_001,30.0,43.3,36.96,48.9,51.5,49.3,0.398,22.5,Rain,Normal,5.974,synthetic_virtual_ev
SIM_TRIP_0246,VIRTUAL_EV_001,30.0,82.9,11.1,23.3,32.5,63.0,0.625,39.5,Hot,Normal,2.425,synthetic_virtual_ev
SIM_TRIP_0247,VIRTUAL_EV_002,40.5,73.8,34.6,33.5,68.1,123.0,0.215,29.7,Clear,Aggressive,7.32,synthetic_virtual_ev
SIM_TRIP_0248,VIRTUAL_EV_001,30.0,91.9,64.4,71.3,57.6,140.5,0.164,26.5,Overcast,Aggressive,12.736,synthetic_virtual_ev
SIM_TRIP_0249,VIRTUAL_EV_001,30.0,57.9,3.41,4.2,56.3,118.6,0.433,36.8,Hot,Eco,1.167,synthetic_virtual_ev
SIM_TRIP_0250,VIRTUAL_EV_001,30.0,31.6,13.55,12.7,66.9,135.6,0.093,34.3,Hot,Normal,3.027,synthetic_virtual_ev
SIM_TRIP_0251,VIRTUAL_EV_001,30.0,45.8,5.8,5.7,62.1,-64.7,0.023,25.6,Rain,Normal,0.745,synthetic_virtual_ev
SIM_TRIP_0252,VIRTUAL_EV_002,40.5,84.6,12.88,12.6,65.2,-43.0,0.146,33.4,Hot,Normal,2.072,synthetic_virtual_ev
SIM_TRIP_0253,VIRTUAL_EV_001,30.0,77.4,35.08,44.4,53.5,-21.6,0.361,26.8,Overcast,Normal,5.579,synthetic_virtual_ev
SIM_TRIP_0254,VIRTUAL_EV_001,30.0,23.3,58.47,82.9,47.5,-118.8,0.385,24.6,Overcast,Aggressive,10.05,synthetic_virtual_ev
SIM_TRIP_0255,VIRTUAL_EV_001,30.0,34.9,10.53,14.0,51.5,169.3,0.404,25.3,Rain,Normal,2.532,synthetic_virtual_ev
SIM_TRIP_0256,VIRTUAL_EV_001,30.0,53.8,48.42,54.5,56.3,4.7,0.149,38.7,Hot,Normal,8.209,synthetic_virtual_ev
SIM_TRIP_0257,VIRTUAL_EV_001,30.0,81.7,12.46,17.4,47.5,-3.2,0.327,24.3,Clear,Normal,1.961,synthetic_virtual_ev
SIM_TRIP_0258,VIRTUAL_EV_002,40.5,42.3,6.02,9.3,43.0,152.5,0.379,24.8,Clear,Eco,1.691,synthetic_virtual_ev
SIM_TRIP_0259,VIRTUAL_EV_001,30.0,38.0,4.75,8.2,40.3,143.5,0.592,29.8,Clear,Eco,1.479,synthetic_virtual_ev
SIM_TRIP_0260,VIRTUAL_EV_001,30.0,40.9,11.59,14.5,54.3,60.1,0.367,28.9,Clear,Eco,2.087,synthetic_virtual_ev
SIM_TRIP_0261,VIRTUAL_EV_001,30.0,76.4,5.89,7.3,52.8,-74.1,0.248,28.3,Clear,Eco,0.661,synthetic_virtual_ev
SIM_TRIP_0262,VIRTUAL_EV_001,30.0,52.9,58.38,57.0,64.9,22.6,0.128,26.5,Overcast,Normal,9.505,synthetic_virtual_ev
SIM_TRIP_0263,VIRTUAL_EV_001,30.0,83.8,12.66,25.5,34.2,53.7,0.655,23.5,Overcast,Normal,2.277,synthetic_virtual_ev
SIM_TRIP_0264,VIRTUAL_EV_002,40.5,39.1,54.79,61.5,57.5,142.9,0.199,25.9,Clear,Normal,9.48,synthetic_virtual_ev
SIM_TRIP_0265,VIRTUAL_EV_001,30.0,26.4,7.86,11.0,46.7,-21.9,0.279,22.1,Rain,Normal,1.186,synthetic_virtual_ev
SIM_TRIP_0266,VIRTUAL_EV_001,30.0,24.4,40.63,45.2,58.5,27.4,0.215,38.3,Hot,Normal,7.289,synthetic_virtual_ev
SIM_TRIP_0267,VIRTUAL_EV_001,30.0,76.9,19.25,29.5,44.3,89.4,0.45,23.4,Overcast,Aggressive,3.849,synthetic_virtual_ev
SIM_TRIP_0268,VIRTUAL_EV_001,30.0,21.7,9.31,13.7,45.9,-66.5,0.413,24.7,Rain,Normal,1.28,synthetic_virtual_ev
SIM_TRIP_0269,VIRTUAL_EV_001,30.0,70.0,61.78,87.3,48.7,-36.1,0.454,20.8,Rain,Normal,9.689,synthetic_virtual_ev
SIM_TRIP_0270,VIRTUAL_EV_002,40.5,77.6,41.92,50.8,55.4,66.3,0.32,37.4,Hot,Eco,7.044,synthetic_virtual_ev
SIM_TRIP_0271,VIRTUAL_EV_001,30.0,41.8,10.91,16.7,45.2,99.7,0.505,34.8,Hot,Eco,2.261,synthetic_virtual_ev
SIM_TRIP_0272,VIRTUAL_EV_001,30.0,41.2,5.61,7.6,49.8,21.0,0.355,30.0,Clear,Normal,1.02,synthetic_virtual_ev
SIM_TRIP_0273,VIRTUAL_EV_001,30.0,45.8,31.21,41.7,53.0,179.7,0.507,30.2,Clear,Normal,6.048,synthetic_virtual_ev
SIM_TRIP_0274,VIRTUAL_EV_001,30.0,91.5,7.44,12.0,43.3,-77.3,0.566,26.3,Overcast,Normal,0.972,synthetic_virtual_ev
SIM_TRIP_0275,VIRTUAL_EV_001,30.0,59.2,46.0,65.1,48.1,-7.7,0.419,25.3,Clear,Normal,7.142,synthetic_virtual_ev
SIM_TRIP_0276,VIRTUAL_EV_002,40.5,86.1,12.66,15.4,55.5,78.1,0.34,25.2,Rain,Normal,2.432,synthetic_virtual_ev
SIM_TRIP_0277,VIRTUAL_EV_001,30.0,85.0,14.0,22.3,42.4,33.0,0.45,23.2,Rain,Eco,2.2,synthetic_virtual_ev
SIM_TRIP_0278,VIRTUAL_EV_001,30.0,39.8,10.44,17.4,42.2,-57.1,0.609,24.7,Clear,Normal,1.479,synthetic_virtual_ev
SIM_TRIP_0279,VIRTUAL_EV_002,40.5,42.1,14.47,18.7,52.0,88.4,0.345,32.7,Hot,Aggressive,3.185,synthetic_virtual_ev
SIM_TRIP_0280,VIRTUAL_EV_001,30.0,26.8,4.06,4.3,61.3,-103.6,0.227,33.5,Clear,Normal,0.399,synthetic_virtual_ev
SIM_TRIP_0281,VIRTUAL_EV_001,30.0,68.9,7.73,7.8,62.7,-48.7,0.129,27.7,Clear,Normal,1.109,synthetic_virtual_ev
SIM_TRIP_0282,VIRTUAL_EV_001,30.0,54.0,4.34,9.2,33.2,-71.5,0.81,32.5,Clear,Normal,0.571,synthetic_virtual_ev
SIM_TRIP_0283,VIRTUAL_EV_001,30.0,32.9,17.15,32.6,36.7,-25.5,0.665,21.5,Rain,Normal,2.704,synthetic_virtual_ev
SIM_TRIP_0284,VIRTUAL_EV_002,40.5,91.0,48.15,77.7,43.5,-26.0,0.586,25.1,Overcast,Normal,7.717,synthetic_virtual_ev
SIM_TRIP_0285,VIRTUAL_EV_001,30.0,81.6,11.8,15.4,50.6,80.7,0.299,24.9,Overcast,Eco,2.066,synthetic_virtual_ev
SIM_TRIP_0286,VIRTUAL_EV_001,30.0,82.1,29.65,37.5,50.8,116.7,0.208,32.0,Clear,Aggressive,6.085,synthetic_virtual_ev
SIM_TRIP_0287,VIRTUAL_EV_001,30.0,88.3,7.11,10.4,46.1,15.2,0.413,25.7,Clear,Normal,1.173,synthetic_virtual_ev
SIM_TRIP_0288,VIRTUAL_EV_001,30.0,74.7,9.02,11.7,51.0,-64.1,0.301,23.7,Rain,Aggressive,1.432,synthetic_virtual_ev
SIM_TRIP_0289,VIRTUAL_EV_001,30.0,64.3,49.34,50.9,61.9,98.4,0.154,30.6,Clear,Aggressive,9.779,synthetic_virtual_ev
SIM_TRIP_0290,VIRTUAL_EV_001,30.0,44.1,53.54,61.1,55.9,119.5,0.171,34.7,Hot,Normal,9.497,synthetic_virtual_ev
SIM_TRIP_0291,VIRTUAL_EV_001,30.0,94.7,8.74,16.3,38.0,-113.9,0.72,41.1,Hot,Normal,1.354,synthetic_virtual_ev
SIM_TRIP_0292,VIRTUAL_EV_002,40.5,73.2,34.52,45.7,51.7,4.7,0.409,27.8,Clear,Normal,5.646,synthetic_virtual_ev
SIM_TRIP_0293,VIRTUAL_EV_001,30.0,63.6,13.8,20.0,47.4,-45.3,0.453,21.2,Rain,Eco,1.868,synthetic_virtual_ev
SIM_TRIP_0294,VIRTUAL_EV_001,30.0,60.2,14.51,15.6,59.2,149.6,0.162,23.8,Overcast,Normal,3.072,synthetic_virtual_ev
SIM_TRIP_0295,VIRTUAL_EV_001,30.0,72.5,13.94,14.4,61.5,130.8,0.151,25.3,Clear,Aggressive,3.208,synthetic_virtual_ev
SIM_TRIP_0296,VIRTUAL_EV_001,30.0,28.8,23.75,21.4,66.8,-101.5,0.012,32.1,Clear,Eco,3.315,synthetic_virtual_ev
SIM_TRIP_0297,VIRTUAL_EV_001,30.0,72.4,7.84,9.4,55.9,-115.8,0.318,21.1,Rain,Eco,0.836,synthetic_virtual_ev
SIM_TRIP_0298,VIRTUAL_EV_001,30.0,36.4,45.16,48.4,57.8,-68.4,0.084,21.5,Rain,Eco,6.258,synthetic_virtual_ev
SIM_TRIP_0299,VIRTUAL_EV_002,40.5,60.3,54.15,100.1,39.5,120.1,0.823,23.1,Rain,Aggressive,10.522,synthetic_virtual_ev
SIM_TRIP_0300,VIRTUAL_EV_001,30.0,34.0,13.0,14.7,57.7,125.1,0.223,28.7,Clear,Eco,2.522,synthetic_virtual_ev
SIM_TRIP_0301,VIRTUAL_EV_001,30.0,51.7,54.65,62.6,57.2,137.0,0.24,24.9,Overcast,Normal,9.172,synthetic_virtual_ev
SIM_TRIP_0302,VIRTUAL_EV_001,30.0,20.6,10.0,9.9,63.9,-100.4,0.116,33.6,Hot,Eco,1.255,synthetic_virtual_ev
SIM_TRIP_0303,VIRTUAL_EV_001,30.0,80.7,7.78,7.4,63.2,-82.3,0.02,24.1,Rain,Normal,1.011,synthetic_virtual_ev
SIM_TRIP_0304,VIRTUAL_EV_001,30.0,90.5,41.02,42.0,63.9,-0.9,0.21,32.2,Clear,Normal,7.049,synthetic_virtual_ev
SIM_TRIP_0305,VIRTUAL_EV_001,30.0,66.4,4.62,5.2,56.3,22.2,0.129,31.4,Clear,Normal,0.877,synthetic_virtual_ev
SIM_TRIP_0306,VIRTUAL_EV_001,30.0,21.4,8.65,9.9,57.1,143.2,0.23,25.2,Clear,Aggressive,2.28,synthetic_virtual_ev
SIM_TRIP_0307,VIRTUAL_EV_002,40.5,33.7,10.53,13.0,55.7,42.6,0.403,38.9,Hot,Eco,1.964,synthetic_virtual_ev
SIM_TRIP_0308,VIRTUAL_EV_002,40.5,75.9,8.18,12.0,45.7,-69.1,0.393,28.3,Clear,Normal,1.14,synthetic_virtual_ev
SIM_TRIP_0309,VIRTUAL_EV_001,30.0,87.2,8.79,9.6,57.5,108.1,0.125,28.7,Clear,Normal,1.954,synthetic_virtual_ev
SIM_TRIP_0310,VIRTUAL_EV_001,30.0,47.0,4.34,4.7,60.9,58.7,0.223,31.8,Clear,Normal,1.005,synthetic_virtual_ev
SIM_TRIP_0311,VIRTUAL_EV_001,30.0,85.6,6.83,8.3,54.2,33.2,0.28,33.5,Hot,Eco,1.232,synthetic_virtual_ev
SIM_TRIP_0312,VIRTUAL_EV_001,30.0,66.0,9.7,9.6,63.2,-8.4,0.107,25.4,Clear,Normal,1.56,synthetic_virtual_ev
SIM_TRIP_0313,VIRTUAL_EV_001,30.0,82.2,5.85,10.1,40.6,26.8,0.634,27.1,Clear,Normal,1.078,synthetic_virtual_ev
SIM_TRIP_0314,VIRTUAL_EV_001,30.0,83.2,47.67,65.4,50.6,4.4,0.468,22.0,Rain,Normal,7.471,synthetic_virtual_ev
SIM_TRIP_0315,VIRTUAL_EV_002,40.5,33.1,4.15,6.4,43.4,76.4,0.404,23.4,Overcast,Normal,1.041,synthetic_virtual_ev
SIM_TRIP_0316,VIRTUAL_EV_001,30.0,82.1,37.96,56.7,47.1,40.1,0.548,34.4,Hot,Normal,6.71,synthetic_virtual_ev
SIM_TRIP_0317,VIRTUAL_EV_002,40.5,94.7,5.53,6.2,56.0,18.1,0.131,23.0,Rain,Normal,0.955,synthetic_virtual_ev
SIM_TRIP_0318,VIRTUAL_EV_001,30.0,50.9,11.83,12.5,61.0,-30.4,0.183,23.1,Rain,Normal,1.787,synthetic_virtual_ev
SIM_TRIP_0319,VIRTUAL_EV_001,30.0,26.4,12.05,13.0,59.2,-24.9,0.17,37.6,Hot,Aggressive,2.265,synthetic_virtual_ev
SIM_TRIP_0320,VIRTUAL_EV_001,30.0,57.7,10.66,15.0,47.6,-37.5,0.356,27.7,Clear,Aggressive,1.774,synthetic_virtual_ev
SIM_TRIP_0321,VIRTUAL_EV_001,30.0,74.4,2.92,3.7,53.6,91.1,0.343,30.8,Clear,Normal,0.967,synthetic_virtual_ev
SIM_TRIP_0322,VIRTUAL_EV_001,30.0,40.6,23.02,25.7,57.2,-10.7,0.171,32.4,Hot,Normal,3.714,synthetic_virtual_ev
SIM_TRIP_0323,VIRTUAL_EV_001,30.0,81.6,8.36,9.4,57.4,153.8,0.195,39.9,Hot,Eco,2.12,synthetic_virtual_ev
SIM_TRIP_0324,VIRTUAL_EV_002,40.5,37.7,11.49,15.1,49.5,156.9,0.263,33.8,Clear,Eco,2.525,synthetic_virtual_ev
SIM_TRIP_0325,VIRTUAL_EV_001,30.0,72.5,13.14,22.9,41.0,-34.0,0.696,33.7,Clear,Eco,2.051,synthetic_virtual_ev
SIM_TRIP_0326,VIRTUAL_EV_001,30.0,53.5,4.8,4.6,64.4,-40.5,0.049,25.4,Rain,Aggressive,0.765,synthetic_virtual_ev
SIM_TRIP_0327,VIRTUAL_EV_001,30.0,44.4,10.43,16.6,44.3,-108.3,0.583,30.9,Clear,Eco,1.337,synthetic_virtual_ev
SIM_TRIP_0328,VIRTUAL_EV_002,40.5,88.9,6.03,7.8,52.2,-87.8,0.352,40.0,Hot,Normal,0.811,synthetic_virtual_ev
SIM_TRIP_0329,VIRTUAL_EV_001,30.0,71.5,37.74,48.7,52.4,-35.6,0.366,22.5,Rain,Eco,5.402,synthetic_virtual_ev
SIM_TRIP_0330,VIRTUAL_EV_001,30.0,28.4,3.01,3.4,59.1,98.6,0.264,22.3,Overcast,Aggressive,1.024,synthetic_virtual_ev
SIM_TRIP_0331,VIRTUAL_EV_001,30.0,74.5,35.0,45.1,49.9,-7.9,0.218,28.8,Clear,Normal,5.499,synthetic_virtual_ev
SIM_TRIP_0332,VIRTUAL_EV_001,30.0,26.5,4.18,5.1,56.8,57.1,0.414,34.5,Hot,Normal,1.001,synthetic_virtual_ev
SIM_TRIP_0333,VIRTUAL_EV_001,30.0,53.5,5.48,5.9,58.0,154.8,0.115,27.4,Clear,Normal,1.679,synthetic_virtual_ev
SIM_TRIP_0334,VIRTUAL_EV_001,30.0,88.2,49.09,63.7,52.8,-109.1,0.403,30.4,Clear,Eco,7.071,synthetic_virtual_ev
SIM_TRIP_0335,VIRTUAL_EV_001,30.0,85.2,4.56,5.3,55.0,159.6,0.198,28.8,Clear,Normal,1.522,synthetic_virtual_ev
SIM_TRIP_0336,VIRTUAL_EV_001,30.0,89.1,7.7,12.1,44.3,14.0,0.535,37.7,Hot,Normal,1.442,synthetic_virtual_ev
SIM_TRIP_0337,VIRTUAL_EV_001,30.0,52.3,5.58,7.8,48.0,104.9,0.364,34.0,Clear,Normal,1.457,synthetic_virtual_ev
SIM_TRIP_0338,VIRTUAL_EV_001,30.0,56.8,5.56,5.8,59.2,-57.4,0.086,25.8,Clear,Aggressive,0.836,synthetic_virtual_ev
SIM_TRIP_0339,VIRTUAL_EV_001,30.0,81.1,35.43,44.8,53.8,-115.2,0.371,29.8,Clear,Normal,5.57,synthetic_virtual_ev
SIM_TRIP_0340,VIRTUAL_EV_001,30.0,60.5,11.29,16.4,47.9,152.7,0.494,39.0,Hot,Normal,2.812,synthetic_virtual_ev
SIM_TRIP_0341,VIRTUAL_EV_001,30.0,71.2,31.61,29.1,65.6,8.7,0.011,24.1,Clear,Aggressive,5.771,synthetic_virtual_ev
SIM_TRIP_0342,VIRTUAL_EV_001,30.0,30.3,21.83,26.6,55.4,69.1,0.339,31.3,Clear,Normal,3.942,synthetic_virtual_ev
SIM_TRIP_0343,VIRTUAL_EV_001,30.0,57.9,28.57,28.3,63.1,-46.6,0.103,33.2,Hot,Normal,4.754,synthetic_virtual_ev
SIM_TRIP_0344,VIRTUAL_EV_001,30.0,58.9,4.88,6.1,51.8,133.6,0.243,27.6,Clear,Normal,1.402,synthetic_virtual_ev
SIM_TRIP_0345,VIRTUAL_EV_001,30.0,49.5,26.25,44.5,41.5,117.7,0.621,26.7,Clear,Normal,4.932,synthetic_virtual_ev
SIM_TRIP_0346,VIRTUAL_EV_001,30.0,33.5,50.51,114.5,31.3,162.4,0.877,33.2,Hot,Normal,9.855,synthetic_virtual_ev
SIM_TRIP_0347,VIRTUAL_EV_002,40.5,76.2,61.02,82.9,48.4,25.5,0.296,25.6,Clear,Normal,9.524,synthetic_virtual_ev
SIM_TRIP_0348,VIRTUAL_EV_001,30.0,76.8,54.38,84.4,44.1,175.1,0.48,20.9,Rain,Normal,9.336,synthetic_virtual_ev
SIM_TRIP_0349,VIRTUAL_EV_002,40.5,64.6,47.78,60.7,51.3,94.4,0.253,31.4,Clear,Normal,8.328,synthetic_virtual_ev
SIM_TRIP_0350,VIRTUAL_EV_001,30.0,56.5,5.06,7.1,48.5,141.8,0.414,27.2,Clear,Eco,1.412,synthetic_virtual_ev
SIM_TRIP_0351,VIRTUAL_EV_001,30.0,54.9,12.55,16.2,52.0,-63.1,0.351,23.3,Overcast,Aggressive,2.063,synthetic_virtual_ev
SIM_TRIP_0352,VIRTUAL_EV_001,30.0,20.5,50.19,60.3,53.3,78.9,0.191,21.3,Rain,Normal,8.185,synthetic_virtual_ev
SIM_TRIP_0353,VIRTUAL_EV_001,30.0,23.3,12.06,24.3,34.7,-32.6,0.71,36.0,Hot,Normal,2.112,synthetic_virtual_ev
SIM_TRIP_0354,VIRTUAL_EV_001,30.0,65.1,13.95,17.2,52.6,-112.3,0.225,38.3,Hot,Aggressive,2.392,synthetic_virtual_ev
SIM_TRIP_0355,VIRTUAL_EV_002,40.5,23.5,9.99,10.8,60.1,-0.6,0.215,33.9,Hot,Eco,1.523,synthetic_virtual_ev
SIM_TRIP_0356,VIRTUAL_EV_002,40.5,37.2,22.96,25.3,57.2,44.9,0.135,28.2,Clear,Aggressive,4.319,synthetic_virtual_ev
SIM_TRIP_0357,VIRTUAL_EV_001,30.0,32.6,5.93,8.9,47.2,-16.9,0.556,25.1,Overcast,Eco,0.812,synthetic_virtual_ev
SIM_TRIP_0358,VIRTUAL_EV_001,30.0,93.8,8.34,9.0,58.1,4.1,0.131,31.2,Clear,Eco,1.279,synthetic_virtual_ev
SIM_TRIP_0359,VIRTUAL_EV_001,30.0,90.3,7.36,8.4,55.7,-31.6,0.169,27.6,Clear,Normal,1.083,synthetic_virtual_ev
SIM_TRIP_0360,VIRTUAL_EV_001,30.0,81.9,4.14,6.3,44.9,157.9,0.457,25.0,Rain,Normal,1.457,synthetic_virtual_ev
SIM_TRIP_0361,VIRTUAL_EV_002,40.5,24.0,10.09,16.6,43.1,173.0,0.622,29.5,Clear,Normal,2.626,synthetic_virtual_ev
SIM_TRIP_0362,VIRTUAL_EV_001,30.0,36.5,13.37,17.2,51.1,158.8,0.285,24.4,Clear,Normal,2.842,synthetic_virtual_ev
SIM_TRIP_0363,VIRTUAL_EV_002,40.5,87.2,13.63,16.7,55.5,56.9,0.356,32.9,Hot,Normal,2.623,synthetic_virtual_ev
SIM_TRIP_0364,VIRTUAL_EV_001,30.0,94.3,21.28,20.2,64.0,131.2,0.026,24.4,Rain,Normal,4.034,synthetic_virtual_ev
SIM_TRIP_0365,VIRTUAL_EV_001,30.0,23.6,2.06,3.2,43.3,-113.2,0.468,23.9,Rain,Normal,0.05,synthetic_virtual_ev
SIM_TRIP_0366,VIRTUAL_EV_002,40.5,62.9,49.08,68.7,49.3,-42.8,0.458,40.8,Hot,Eco,8.171,synthetic_virtual_ev
SIM_TRIP_0367,VIRTUAL_EV_001,30.0,54.4,2.26,2.8,54.4,1.4,0.311,22.4,Overcast,Eco,0.327,synthetic_virtual_ev
SIM_TRIP_0368,VIRTUAL_EV_001,30.0,22.8,3.59,3.7,60.9,-62.1,0.113,20.6,Rain,Eco,0.355,synthetic_virtual_ev
SIM_TRIP_0369,VIRTUAL_EV_002,40.5,88.7,7.27,11.2,44.3,-28.2,0.47,21.1,Rain,Normal,1.061,synthetic_virtual_ev
SIM_TRIP_0370,VIRTUAL_EV_001,30.0,69.0,4.62,6.8,46.6,60.6,0.486,36.8,Hot,Eco,1.044,synthetic_virtual_ev
SIM_TRIP_0371,VIRTUAL_EV_001,30.0,34.6,44.25,57.5,53.8,166.9,0.462,35.7,Hot,Eco,7.939,synthetic_virtual_ev
SIM_TRIP_0372,VIRTUAL_EV_002,40.5,84.5,11.83,14.3,54.5,-60.1,0.271,33.8,Hot,Normal,1.841,synthetic_virtual_ev
SIM_TRIP_0373,VIRTUAL_EV_002,40.5,61.6,9.91,12.8,54.6,-41.3,0.49,32.6,Clear,Normal,1.607,synthetic_virtual_ev
SIM_TRIP_0374,VIRTUAL_EV_001,30.0,66.0,31.77,41.3,51.7,71.5,0.35,26.0,Rain,Eco,4.896,synthetic_virtual_ev
SIM_TRIP_0375,VIRTUAL_EV_001,30.0,23.0,35.34,39.0,57.5,156.4,0.148,30.3,Clear,Normal,6.387,synthetic_virtual_ev
SIM_TRIP_0376,VIRTUAL_EV_001,30.0,77.4,27.34,43.2,43.4,-107.3,0.493,31.8,Clear,Eco,4.046,synthetic_virtual_ev
SIM_TRIP_0377,VIRTUAL_EV_001,30.0,42.4,11.4,16.1,48.1,158.5,0.412,34.0,Hot,Normal,2.648,synthetic_virtual_ev
SIM_TRIP_0378,VIRTUAL_EV_001,30.0,47.3,47.23,59.1,54.3,-25.3,0.367,33.0,Clear,Eco,7.295,synthetic_virtual_ev
SIM_TRIP_0379,VIRTUAL_EV_002,40.5,22.3,10.45,14.9,48.7,-63.3,0.481,31.2,Clear,Normal,1.512,synthetic_virtual_ev
SIM_TRIP_0380,VIRTUAL_EV_002,40.5,26.4,7.92,7.4,65.9,-22.3,0.067,22.3,Rain,Aggressive,1.371,synthetic_virtual_ev
SIM_TRIP_0381,VIRTUAL_EV_001,30.0,71.1,6.99,7.4,60.4,112.4,0.152,24.4,Rain,Eco,1.552,synthetic_virtual_ev
SIM_TRIP_0382,VIRTUAL_EV_001,30.0,74.5,2.41,3.2,51.3,73.8,0.426,27.5,Clear,Aggressive,0.798,synthetic_virtual_ev
SIM_TRIP_0383,VIRTUAL_EV_002,40.5,89.6,32.87,55.9,41.8,-73.3,0.662,36.3,Hot,Normal,5.668,synthetic_virtual_ev
SIM_TRIP_0384,VIRTUAL_EV_002,40.5,81.4,63.03,63.1,65.3,-67.6,0.205,35.5,Hot,Normal,10.7,synthetic_virtual_ev
SIM_TRIP_0385,VIRTUAL_EV_001,30.0,33.4,24.6,33.3,50.4,-77.6,0.404,33.1,Hot,Eco,3.612,synthetic_virtual_ev
SIM_TRIP_0386,VIRTUAL_EV_001,30.0,67.4,14.28,15.8,59.4,-10.2,0.24,33.3,Hot,Eco,2.188,synthetic_virtual_ev
SIM_TRIP_0387,VIRTUAL_EV_002,40.5,86.0,7.36,9.0,56.5,-28.1,0.41,30.6,Clear,Normal,1.146,synthetic_virtual_ev
SIM_TRIP_0388,VIRTUAL_EV_001,30.0,32.8,3.47,4.0,55.5,41.2,0.179,35.6,Hot,Normal,0.791,synthetic_virtual_ev
SIM_TRIP_0389,VIRTUAL_EV_001,30.0,28.3,23.8,24.8,60.8,154.6,0.141,29.7,Clear,Eco,4.372,synthetic_virtual_ev
SIM_TRIP_0390,VIRTUAL_EV_001,30.0,91.6,32.16,36.6,54.7,-119.7,0.103,22.1,Rain,Aggressive,5.273,synthetic_virtual_ev
SIM_TRIP_0391,VIRTUAL_EV_001,30.0,64.9,9.16,12.3,51.7,-67.2,0.448,25.7,Overcast,Normal,1.264,synthetic_virtual_ev
SIM_TRIP_0392,VIRTUAL_EV_002,40.5,42.7,10.71,12.4,55.1,-73.2,0.163,24.2,Overcast,Eco,1.301,synthetic_virtual_ev
SIM_TRIP_0393,VIRTUAL_EV_002,40.5,31.1,8.52,14.5,42.6,-4.6,0.727,25.3,Clear,Aggressive,1.549,synthetic_virtual_ev
SIM_TRIP_0394,VIRTUAL_EV_001,30.0,73.8,43.43,61.1,47.4,70.1,0.35,23.7,Rain,Normal,6.987,synthetic_virtual_ev
SIM_TRIP_0395,VIRTUAL_EV_001,30.0,63.1,8.91,12.5,47.8,92.7,0.359,41.1,Hot,Eco,1.965,synthetic_virtual_ev
SIM_TRIP_0396,VIRTUAL_EV_001,30.0,41.5,46.36,89.9,36.4,64.4,0.727,32.4,Clear,Eco,7.864,synthetic_virtual_ev
SIM_TRIP_0397,VIRTUAL_EV_001,30.0,75.1,17.95,23.5,51.5,93.4,0.362,25.8,Clear,Normal,3.262,synthetic_virtual_ev
SIM_TRIP_0398,VIRTUAL_EV_001,30.0,49.4,54.2,55.6,61.1,13.5,0.11,21.4,Rain,Normal,8.707,synthetic_virtual_ev
SIM_TRIP_0399,VIRTUAL_EV_001,30.0,41.7,13.85,20.3,46.3,88.8,0.417,31.5,Clear,Normal,2.736,synthetic_virtual_ev
SIM_TRIP_0400,VIRTUAL_EV_002,40.5,69.3,45.76,55.4,54.4,-9.0,0.272,29.5,Clear,Aggressive,8.641,synthetic_virtual_ev
SIM_TRIP_0401,VIRTUAL_EV_001,30.0,33.0,7.47,9.3,52.8,136.7,0.259,26.0,Clear,Eco,1.801,synthetic_virtual_ev
SIM_TRIP_0402,VIRTUAL_EV_001,30.0,87.6,17.69,22.4,50.7,-102.7,0.213,24.6,Clear,Aggressive,2.881,synthetic_virtual_ev
SIM_TRIP_0403,VIRTUAL_EV_002,40.5,61.3,49.3,87.9,39.1,-99.4,0.622,32.3,Clear,Eco,7.588,synthetic_virtual_ev
SIM_TRIP_0404,VIRTUAL_EV_002,40.5,86.1,31.13,33.2,62.1,63.8,0.253,26.8,Clear,Aggressive,6.177,synthetic_virtual_ev
SIM_TRIP_0405,VIRTUAL_EV_002,40.5,48.6,47.02,70.6,46.9,-109.0,0.558,38.8,Hot,Normal,8.083,synthetic_virtual_ev
SIM_TRIP_0406,VIRTUAL_EV_002,40.5,76.5,9.92,10.5,61.3,21.0,0.199,21.4,Rain,Eco,1.582,synthetic_virtual_ev
SIM_TRIP_0407,VIRTUAL_EV_001,30.0,66.2,11.7,15.6,50.3,97.2,0.344,34.4,Hot,Aggressive,2.739,synthetic_virtual_ev
SIM_TRIP_0408,VIRTUAL_EV_002,40.5,94.6,13.26,16.9,51.7,-80.3,0.293,40.8,Hot,Eco,1.871,synthetic_virtual_ev
SIM_TRIP_0409,VIRTUAL_EV_002,40.5,66.9,13.79,20.4,45.9,91.6,0.435,28.1,Clear,Normal,2.692,synthetic_virtual_ev
SIM_TRIP_0410,VIRTUAL_EV_001,30.0,76.6,2.97,4.3,47.5,88.8,0.42,37.2,Hot,Normal,0.944,synthetic_virtual_ev
SIM_TRIP_0411,VIRTUAL_EV_001,30.0,33.0,4.06,4.5,58.1,44.8,0.209,29.3,Clear,Normal,0.873,synthetic_virtual_ev
SIM_TRIP_0412,VIRTUAL_EV_002,40.5,58.4,4.58,6.2,51.1,-90.0,0.456,26.7,Clear,Normal,0.466,synthetic_virtual_ev
SIM_TRIP_0413,VIRTUAL_EV_002,40.5,84.8,5.27,6.7,52.8,73.8,0.336,37.8,Hot,Eco,1.212,synthetic_virtual_ev
SIM_TRIP_0414,VIRTUAL_EV_001,30.0,44.9,50.78,65.7,49.7,62.2,0.216,30.4,Clear,Eco,7.926,synthetic_virtual_ev
SIM_TRIP_0415,VIRTUAL_EV_001,30.0,41.1,4.91,5.0,63.2,169.9,0.166,25.0,Overcast,Normal,1.606,synthetic_virtual_ev
SIM_TRIP_0416,VIRTUAL_EV_001,30.0,83.6,12.1,14.7,53.6,19.5,0.249,37.3,Hot,Eco,2.011,synthetic_virtual_ev
SIM_TRIP_0417,VIRTUAL_EV_001,30.0,66.8,3.74,4.3,55.8,140.6,0.212,29.3,Clear,Aggressive,1.363,synthetic_virtual_ev
SIM_TRIP_0418,VIRTUAL_EV_001,30.0,20.7,30.12,51.9,40.0,-27.2,0.554,32.2,Clear,Normal,5.24,synthetic_virtual_ev
SIM_TRIP_0419,VIRTUAL_EV_001,30.0,38.0,10.52,14.7,48.3,80.2,0.38,37.9,Hot,Aggressive,2.533,synthetic_virtual_ev
SIM_TRIP_0420,VIRTUAL_EV_001,30.0,46.0,7.95,11.1,49.1,-73.3,0.435,30.4,Clear,Eco,0.979,synthetic_virtual_ev
SIM_TRIP_0421,VIRTUAL_EV_001,30.0,72.1,12.05,15.0,54.7,-53.7,0.368,24.8,Rain,Normal,1.755,synthetic_virtual_ev
SIM_TRIP_0422,VIRTUAL_EV_001,30.0,32.0,40.04,51.1,53.8,25.0,0.4,35.4,Hot,Normal,7.05,synthetic_virtual_ev
SIM_TRIP_0423,VIRTUAL_EV_001,30.0,92.3,43.6,79.5,38.4,-73.1,0.65,24.9,Rain,Normal,6.703,synthetic_virtual_ev
SIM_TRIP_0424,VIRTUAL_EV_001,30.0,69.2,54.14,86.9,43.0,127.0,0.525,39.0,Hot,Aggressive,11.836,synthetic_virtual_ev
SIM_TRIP_0425,VIRTUAL_EV_002,40.5,93.4,21.65,24.9,57.7,16.8,0.279,40.7,Hot,Aggressive,4.539,synthetic_virtual_ev
SIM_TRIP_0426,VIRTUAL_EV_002,40.5,85.7,29.23,33.7,59.0,-40.2,0.34,28.5,Clear,Eco,4.312,synthetic_virtual_ev
SIM_TRIP_0427,VIRTUAL_EV_001,30.0,60.9,26.26,34.5,51.9,-73.6,0.393,25.3,Clear,Eco,3.598,synthetic_virtual_ev
SIM_TRIP_0428,VIRTUAL_EV_001,30.0,85.3,4.94,6.5,50.8,67.8,0.348,33.2,Clear,Normal,1.132,synthetic_virtual_ev
SIM_TRIP_0429,VIRTUAL_EV_001,30.0,84.2,2.43,2.8,57.4,-100.1,0.29,25.0,Clear,Normal,0.111,synthetic_virtual_ev
SIM_TRIP_0430,VIRTUAL_EV_001,30.0,65.5,33.73,37.0,60.3,8.9,0.255,23.8,Rain,Eco,4.891,synthetic_virtual_ev
SIM_TRIP_0431,VIRTUAL_EV_002,40.5,29.7,9.8,15.2,44.7,138.9,0.529,26.6,Clear,Eco,2.203,synthetic_virtual_ev
SIM_TRIP_0432,VIRTUAL_EV_001,30.0,47.3,32.09,59.9,37.8,97.5,0.7,26.4,Clear,Eco,5.348,synthetic_virtual_ev
SIM_TRIP_0433,VIRTUAL_EV_001,30.0,38.5,24.53,30.7,53.5,112.0,0.326,25.9,Clear,Eco,4.184,synthetic_virtual_ev
SIM_TRIP_0434,VIRTUAL_EV_002,40.5,75.0,51.05,52.7,59.4,86.8,0.056,28.2,Clear,Normal,8.721,synthetic_virtual_ev
SIM_TRIP_0435,VIRTUAL_EV_001,30.0,62.8,47.62,65.2,48.9,7.7,0.355,22.1,Rain,Normal,7.189,synthetic_virtual_ev
SIM_TRIP_0436,VIRTUAL_EV_001,30.0,46.9,7.6,9.6,52.7,66.9,0.317,24.9,Rain,Eco,1.398,synthetic_virtual_ev
SIM_TRIP_0437,VIRTUAL_EV_002,40.5,30.2,8.32,8.3,63.1,-75.9,0.118,31.9,Clear,Eco,1.03,synthetic_virtual_ev
SIM_TRIP_0438,VIRTUAL_EV_001,30.0,41.7,13.0,16.1,54.5,-61.4,0.353,35.8,Hot,Eco,1.869,synthetic_virtual_ev
SIM_TRIP_0439,VIRTUAL_EV_001,30.0,36.2,3.9,5.9,43.6,125.5,0.331,28.9,Clear,Normal,1.23,synthetic_virtual_ev
SIM_TRIP_0440,VIRTUAL_EV_001,30.0,25.6,10.69,10.8,63.3,161.3,0.152,23.8,Rain,Aggressive,2.721,synthetic_virtual_ev
SIM_TRIP_0441,VIRTUAL_EV_001,30.0,48.4,25.24,28.4,56.3,145.5,0.152,33.1,Clear,Normal,4.864,synthetic_virtual_ev
SIM_TRIP_0442,VIRTUAL_EV_001,30.0,72.8,12.9,14.3,57.7,-109.4,0.164,32.4,Hot,Eco,1.629,synthetic_virtual_ev
SIM_TRIP_0443,VIRTUAL_EV_001,30.0,69.2,17.97,25.8,46.7,-19.6,0.371,27.9,Clear,Normal,2.811,synthetic_virtual_ev
SIM_TRIP_0444,VIRTUAL_EV_001,30.0,89.6,64.55,105.2,42.3,96.8,0.529,40.0,Hot,Eco,11.276,synthetic_virtual_ev
SIM_TRIP_0445,VIRTUAL_EV_001,30.0,83.6,11.22,13.2,58.1,26.6,0.352,41.5,Hot,Eco,2.022,synthetic_virtual_ev
SIM_TRIP_0446,VIRTUAL_EV_001,30.0,48.4,20.5,48.3,28.8,103.9,0.677,32.5,Clear,Normal,4.171,synthetic_virtual_ev
SIM_TRIP_0447,VIRTUAL_EV_001,30.0,45.3,11.28,21.0,36.9,28.5,0.599,27.3,Overcast,Aggressive,2.255,synthetic_virtual_ev
SIM_TRIP_0448,VIRTUAL_EV_002,40.5,88.9,36.66,37.3,61.5,36.0,0.107,22.0,Rain,Normal,5.967,synthetic_virtual_ev
SIM_TRIP_0449,VIRTUAL_EV_002,40.5,46.9,4.67,4.7,62.6,-31.2,0.142,40.8,Hot,Normal,0.723,synthetic_virtual_ev
SIM_TRIP_0450,VIRTUAL_EV_001,30.0,54.7,58.6,77.5,50.2,-79.0,0.32,33.7,Hot,Normal,9.536,synthetic_virtual_ev
SIM_TRIP_0451,VIRTUAL_EV_001,30.0,30.0,52.95,55.4,59.5,-61.6,0.094,29.6,Clear,Normal,8.562,synthetic_virtual_ev
SIM_TRIP_0452,VIRTUAL_EV_002,40.5,35.7,25.59,40.0,43.3,143.4,0.448,36.3,Hot,Eco,4.845,synthetic_virtual_ev
SIM_TRIP_0453,VIRTUAL_EV_001,30.0,59.6,54.14,71.6,51.5,-87.3,0.394,25.1,Clear,Eco,7.659,synthetic_virtual_ev
SIM_TRIP_0454,VIRTUAL_EV_001,30.0,49.1,6.08,7.6,53.4,87.0,0.334,23.0,Rain,Aggressive,1.552,synthetic_virtual_ev
SIM_TRIP_0455,VIRTUAL_EV_001,30.0,77.0,5.7,6.3,59.5,-52.5,0.249,30.7,Clear,Normal,0.815,synthetic_virtual_ev
SIM_TRIP_0456,VIRTUAL_EV_001,30.0,40.0,13.12,12.2,65.8,-85.5,0.039,41.5,Hot,Eco,1.887,synthetic_virtual_ev
SIM_TRIP_0457,VIRTUAL_EV_001,30.0,38.5,11.85,11.9,62.2,177.3,0.104,39.3,Hot,Normal,2.918,synthetic_virtual_ev
SIM_TRIP_0458,VIRTUAL_EV_001,30.0,83.7,13.02,11.9,67.4,143.2,0.069,28.7,Clear,Eco,2.665,synthetic_virtual_ev
SIM_TRIP_0459,VIRTUAL_EV_001,30.0,90.7,9.65,11.2,59.1,75.4,0.372,33.5,Hot,Normal,2.064,synthetic_virtual_ev
SIM_TRIP_0460,VIRTUAL_EV_001,30.0,92.7,2.58,3.5,49.7,177.7,0.366,34.0,Clear,Eco,1.265,synthetic_virtual_ev
SIM_TRIP_0461,VIRTUAL_EV_001,30.0,53.7,3.6,4.3,54.7,133.7,0.266,24.5,Rain,Normal,1.211,synthetic_virtual_ev
SIM_TRIP_0462,VIRTUAL_EV_001,30.0,74.1,13.23,21.8,42.6,-51.1,0.589,32.8,Hot,Eco,1.965,synthetic_virtual_ev
SIM_TRIP_0463,VIRTUAL_EV_001,30.0,28.9,36.91,37.3,61.2,61.9,0.074,23.0,Rain,Normal,6.043,synthetic_virtual_ev
SIM_TRIP_0464,VIRTUAL_EV_001,30.0,53.3,63.45,80.6,52.6,170.0,0.323,38.0,Hot,Aggressive,12.714,synthetic_virtual_ev
SIM_TRIP_0465,VIRTUAL_EV_001,30.0,39.1,36.74,64.5,40.0,-85.7,0.636,24.1,Overcast,Aggressive,6.486,synthetic_virtual_ev
SIM_TRIP_0466,VIRTUAL_EV_001,30.0,74.9,13.26,17.9,52.2,-82.4,0.507,24.1,Clear,Eco,1.707,synthetic_virtual_ev
SIM_TRIP_0467,VIRTUAL_EV_002,40.5,38.4,12.51,15.4,55.7,90.0,0.381,28.3,Clear,Normal,2.511,synthetic_virtual_ev
SIM_TRIP_0468,VIRTUAL_EV_001,30.0,86.1,12.3,19.4,42.5,-18.3,0.409,31.0,Clear,Normal,1.985,synthetic_virtual_ev
SIM_TRIP_0469,VIRTUAL_EV_001,30.0,25.4,13.92,20.7,45.6,167.6,0.431,41.9,Hot,Normal,3.412,synthetic_virtual_ev
SIM_TRIP_0470,VIRTUAL_EV_001,30.0,44.9,21.79,21.9,66.4,-23.8,0.259,31.2,Clear,Aggressive,4.14,synthetic_virtual_ev
SIM_TRIP_0471,VIRTUAL_EV_001,30.0,71.2,7.66,15.3,34.7,-14.2,0.677,28.6,Clear,Aggressive,1.424,synthetic_virtual_ev
SIM_TRIP_0472,VIRTUAL_EV_002,40.5,61.8,7.86,10.1,51.6,47.0,0.321,40.2,Hot,Eco,1.562,synthetic_virtual_ev
SIM_TRIP_0473,VIRTUAL_EV_001,30.0,93.4,7.96,8.1,60.8,69.1,0.065,29.3,Clear,Normal,1.624,synthetic_virtual_ev
SIM_TRIP_0474,VIRTUAL_EV_002,40.5,75.5,46.26,51.6,57.1,-37.5,0.16,27.8,Clear,Normal,7.255,synthetic_virtual_ev
SIM_TRIP_0475,VIRTUAL_EV_001,30.0,80.5,13.1,15.2,58.3,-11.4,0.332,33.8,Clear,Normal,2.175,synthetic_virtual_ev
SIM_TRIP_0476,VIRTUAL_EV_001,30.0,27.1,9.94,12.3,54.8,-95.6,0.357,24.2,Rain,Normal,1.294,synthetic_virtual_ev
SIM_TRIP_0477,VIRTUAL_EV_002,40.5,51.0,2.57,3.3,53.3,-2.4,0.402,26.1,Overcast,Normal,0.406,synthetic_virtual_ev
SIM_TRIP_0478,VIRTUAL_EV_001,30.0,54.9,40.82,44.2,59.0,31.5,0.167,29.5,Clear,Normal,6.886,synthetic_virtual_ev
SIM_TRIP_0479,VIRTUAL_EV_001,30.0,76.9,33.74,44.8,50.1,-72.6,0.322,37.8,Hot,Normal,5.57,synthetic_virtual_ev
SIM_TRIP_0480,VIRTUAL_EV_001,30.0,57.0,13.5,21.2,43.3,-88.3,0.46,25.7,Rain,Normal,1.891,synthetic_virtual_ev
SIM_TRIP_0481,VIRTUAL_EV_001,30.0,67.6,3.61,3.7,61.1,138.4,0.081,41.4,Hot,Aggressive,1.362,synthetic_virtual_ev
SIM_TRIP_0482,VIRTUAL_EV_001,30.0,57.0,27.87,43.4,45.2,177.2,0.575,25.6,Clear,Aggressive,5.807,synthetic_virtual_ev
SIM_TRIP_0483,VIRTUAL_EV_001,30.0,65.1,4.88,8.4,40.7,-18.9,0.612,33.5,Clear,Normal,0.806,synthetic_virtual_ev
SIM_TRIP_0484,VIRTUAL_EV_001,30.0,36.1,4.83,5.9,53.8,49.0,0.26,27.2,Clear,Aggressive,1.106,synthetic_virtual_ev
SIM_TRIP_0485,VIRTUAL_EV_001,30.0,52.8,4.94,6.1,53.9,120.5,0.312,27.3,Clear,Normal,1.366,synthetic_virtual_ev
SIM_TRIP_0486,VIRTUAL_EV_002,40.5,51.9,9.91,10.2,62.6,-115.8,0.181,21.9,Rain,Normal,1.268,synthetic_virtual_ev
SIM_TRIP_0487,VIRTUAL_EV_002,40.5,47.0,11.05,22.3,34.3,60.8,0.663,24.9,Rain,Normal,2.07,synthetic_virtual_ev
SIM_TRIP_0488,VIRTUAL_EV_001,30.0,76.2,32.47,40.2,52.6,-69.3,0.242,29.9,Clear,Normal,5.035,synthetic_virtual_ev
SIM_TRIP_0489,VIRTUAL_EV_002,40.5,43.2,27.07,29.9,61.0,-38.8,0.302,24.2,Rain,Normal,4.336,synthetic_virtual_ev
SIM_TRIP_0490,VIRTUAL_EV_001,30.0,61.1,6.97,8.2,57.2,69.6,0.326,39.1,Hot,Normal,1.54,synthetic_virtual_ev
SIM_TRIP_0491,VIRTUAL_EV_001,30.0,41.6,6.74,9.1,50.4,59.3,0.391,25.8,Clear,Aggressive,1.498,synthetic_virtual_ev
SIM_TRIP_0492,VIRTUAL_EV_002,40.5,47.1,14.37,17.0,56.6,-37.7,0.303,32.2,Clear,Normal,2.293,synthetic_virtual_ev
SIM_TRIP_0493,VIRTUAL_EV_001,30.0,67.2,2.71,3.0,61.1,100.5,0.35,25.3,Clear,Eco,0.907,synthetic_virtual_ev
SIM_TRIP_0494,VIRTUAL_EV_002,40.5,75.7,60.08,81.0,50.7,-97.9,0.413,25.3,Rain,Normal,9.329,synthetic_virtual_ev
SIM_TRIP_0495,VIRTUAL_EV_001,30.0,73.9,14.58,26.2,40.4,-89.9,0.778,24.3,Clear,Normal,2.101,synthetic_virtual_ev
SIM_TRIP_0496,VIRTUAL_EV_001,30.0,38.8,59.98,92.3,46.8,146.1,0.642,26.1,Clear,Eco,9.64,synthetic_virtual_ev
SIM_TRIP_0497,VIRTUAL_EV_001,30.0,34.8,5.02,7.3,48.4,-9.3,0.517,24.3,Overcast,Aggressive,0.873,synthetic_virtual_ev
SIM_TRIP_0498,VIRTUAL_EV_001,30.0,48.7,22.02,30.3,50.7,95.9,0.482,25.7,Clear,Normal,3.946,synthetic_virtual_ev
SIM_TRIP_0499,VIRTUAL_EV_001,30.0,73.1,25.85,32.1,52.6,122.7,0.249,24.8,Rain,Normal,4.561,synthetic_virtual_ev
SIM_TRIP_0500,VIRTUAL_EV_002,40.5,35.6,52.84,96.0,38.7,82.8,0.668,25.8,Clear,Normal,8.933,synthetic_virtual_ev
SIM_TRIP_0501,VIRTUAL_EV_001,30.0,45.2,2.13,2.5,53.3,-18.8,0.161,29.7,Clear,Normal,0.289,synthetic_virtual_ev
SIM_TRIP_0502,VIRTUAL_EV_002,40.5,63.8,41.57,47.8,56.8,166.7,0.231,35.8,Hot,Aggressive,9.161,synthetic_virtual_ev
SIM_TRIP_0503,VIRTUAL_EV_001,30.0,94.8,7.96,10.5,50.1,-79.2,0.316,28.5,Clear,Aggressive,1.187,synthetic_virtual_ev
SIM_TRIP_0504,VIRTUAL_EV_001,30.0,31.7,11.27,21.5,36.2,47.5,0.634,32.5,Clear,Normal,2.243,synthetic_virtual_ev
SIM_TRIP_0505,VIRTUAL_EV_002,40.5,63.4,52.21,75.1,46.5,159.5,0.371,23.2,Overcast,Aggressive,10.055,synthetic_virtual_ev
SIM_TRIP_0506,VIRTUAL_EV_001,30.0,34.8,2.28,3.0,49.5,156.7,0.254,24.4,Rain,Normal,1.117,synthetic_virtual_ev
SIM_TRIP_0507,VIRTUAL_EV_001,30.0,52.7,32.84,33.9,61.0,46.2,0.121,26.6,Clear,Eco,5.162,synthetic_virtual_ev
SIM_TRIP_0508,VIRTUAL_EV_002,40.5,91.7,13.49,12.9,63.9,43.1,0.05,35.7,Hot,Normal,2.521,synthetic_virtual_ev
SIM_TRIP_0509,VIRTUAL_EV_001,30.0,66.8,12.23,14.4,57.3,-55.8,0.324,24.9,Rain,Normal,1.842,synthetic_virtual_ev
SIM_TRIP_0510,VIRTUAL_EV_001,30.0,30.2,20.25,30.7,43.8,61.8,0.367,25.9,Clear,Eco,3.213,synthetic_virtual_ev
SIM_TRIP_0511,VIRTUAL_EV_001,30.0,66.9,13.0,23.6,39.2,116.0,0.721,31.0,Clear,Normal,2.849,synthetic_virtual_ev
SIM_TRIP_0512,VIRTUAL_EV_001,30.0,58.5,45.54,51.5,58.5,44.0,0.262,28.5,Clear,Normal,7.602,synthetic_virtual_ev
SIM_TRIP_0513,VIRTUAL_EV_001,30.0,24.1,10.18,10.8,59.6,-2.3,0.138,32.6,Clear,Aggressive,1.923,synthetic_virtual_ev
SIM_TRIP_0514,VIRTUAL_EV_001,30.0,75.5,19.29,22.6,57.3,-9.5,0.307,33.3,Clear,Eco,2.989,synthetic_virtual_ev
SIM_TRIP_0515,VIRTUAL_EV_002,40.5,30.8,64.19,77.0,55.6,39.4,0.301,33.1,Clear,Normal,10.811,synthetic_virtual_ev
SIM_TRIP_0516,VIRTUAL_EV_001,30.0,79.0,7.13,13.1,38.8,17.6,0.734,28.0,Clear,Normal,1.291,synthetic_virtual_ev
SIM_TRIP_0517,VIRTUAL_EV_001,30.0,22.8,14.09,17.6,53.5,-11.6,0.316,33.7,Clear,Normal,2.357,synthetic_virtual_ev
SIM_TRIP_0518,VIRTUAL_EV_001,30.0,87.6,39.41,47.7,54.8,-18.1,0.286,25.3,Overcast,Eco,5.816,synthetic_virtual_ev
SIM_TRIP_0519,VIRTUAL_EV_001,30.0,29.8,4.05,4.9,55.4,23.7,0.287,22.9,Rain,Aggressive,0.85,synthetic_virtual_ev
SIM_TRIP_0520,VIRTUAL_EV_002,40.5,81.8,3.19,3.4,61.3,44.5,0.23,41.1,Hot,Eco,0.761,synthetic_virtual_ev
SIM_TRIP_0521,VIRTUAL_EV_001,30.0,91.8,6.56,6.9,60.1,-109.7,0.133,33.4,Clear,Normal,0.775,synthetic_virtual_ev
SIM_TRIP_0522,VIRTUAL_EV_001,30.0,21.1,11.6,15.1,51.3,42.6,0.341,35.9,Hot,Aggressive,2.45,synthetic_virtual_ev
SIM_TRIP_0523,VIRTUAL_EV_002,40.5,63.2,4.75,5.0,60.3,18.4,0.128,33.0,Hot,Normal,0.883,synthetic_virtual_ev
SIM_TRIP_0524,VIRTUAL_EV_001,30.0,34.8,8.45,12.5,46.0,94.6,0.45,33.9,Clear,Normal,1.903,synthetic_virtual_ev
SIM_TRIP_0525,VIRTUAL_EV_001,30.0,52.6,6.65,10.3,45.4,72.7,0.56,27.3,Overcast,Eco,1.371,synthetic_virtual_ev
SIM_TRIP_0526,VIRTUAL_EV_001,30.0,43.6,9.84,10.7,60.5,-108.5,0.241,24.4,Rain,Aggressive,1.487,synthetic_virtual_ev
SIM_TRIP_0527,VIRTUAL_EV_002,40.5,20.3,4.34,7.0,43.7,24.0,0.602,21.1,Rain,Normal,0.823,synthetic_virtual_ev
SIM_TRIP_0528,VIRTUAL_EV_001,30.0,88.1,13.91,15.7,57.7,164.1,0.226,34.9,Hot,Normal,3.126,synthetic_virtual_ev
SIM_TRIP_0529,VIRTUAL_EV_002,40.5,75.8,8.53,11.5,47.2,169.3,0.2,29.0,Clear,Normal,2.313,synthetic_virtual_ev
SIM_TRIP_0530,VIRTUAL_EV_001,30.0,63.8,42.26,56.5,50.4,-102.3,0.368,39.2,Hot,Eco,6.763,synthetic_virtual_ev
SIM_TRIP_0531,VIRTUAL_EV_001,30.0,32.5,4.99,5.8,56.9,-19.9,0.27,35.8,Hot,Normal,0.811,synthetic_virtual_ev
SIM_TRIP_0532,VIRTUAL_EV_001,30.0,81.7,5.49,6.0,57.6,-86.3,0.147,30.5,Clear,Aggressive,0.78,synthetic_virtual_ev
SIM_TRIP_0533,VIRTUAL_EV_002,40.5,70.3,4.88,5.4,56.2,-83.9,0.119,23.8,Overcast,Normal,0.497,synthetic_virtual_ev
SIM_TRIP_0534,VIRTUAL_EV_001,30.0,86.3,10.24,19.7,36.0,150.8,0.633,25.9,Overcast,Aggressive,2.601,synthetic_virtual_ev
SIM_TRIP_0535,VIRTUAL_EV_001,30.0,47.5,13.01,15.3,54.4,-8.7,0.184,37.5,Hot,Eco,2.018,synthetic_virtual_ev
SIM_TRIP_0536,VIRTUAL_EV_002,40.5,80.8,59.4,70.3,53.7,113.6,0.165,36.0,Hot,Normal,10.534,synthetic_virtual_ev
SIM_TRIP_0537,VIRTUAL_EV_001,30.0,87.2,52.11,63.3,55.4,-24.0,0.331,28.0,Clear,Normal,8.073,synthetic_virtual_ev
SIM_TRIP_0538,VIRTUAL_EV_001,30.0,30.4,2.72,2.5,66.6,-85.1,0.089,22.3,Overcast,Aggressive,0.266,synthetic_virtual_ev
SIM_TRIP_0539,VIRTUAL_EV_001,30.0,91.2,6.85,8.0,55.9,-24.9,0.224,24.0,Overcast,Eco,0.908,synthetic_virtual_ev
SIM_TRIP_0540,VIRTUAL_EV_002,40.5,36.7,2.53,3.3,53.6,76.2,0.428,39.9,Hot,Eco,0.817,synthetic_virtual_ev
SIM_TRIP_0541,VIRTUAL_EV_001,30.0,53.8,33.39,38.3,56.3,-40.4,0.207,26.0,Rain,Normal,5.047,synthetic_virtual_ev
SIM_TRIP_0542,VIRTUAL_EV_002,40.5,93.0,48.49,54.4,56.7,-110.5,0.159,32.2,Hot,Normal,7.553,synthetic_virtual_ev
SIM_TRIP_0543,VIRTUAL_EV_001,30.0,36.9,9.59,10.1,59.9,8.2,0.119,33.1,Hot,Normal,1.624,synthetic_virtual_ev
SIM_TRIP_0544,VIRTUAL_EV_001,30.0,54.7,10.66,14.2,53.1,110.7,0.494,36.3,Hot,Normal,2.382,synthetic_virtual_ev
SIM_TRIP_0545,VIRTUAL_EV_001,30.0,84.8,7.19,9.5,50.3,-19.7,0.325,25.2,Clear,Aggressive,1.254,synthetic_virtual_ev
SIM_TRIP_0546,VIRTUAL_EV_002,40.5,49.8,37.02,45.8,55.8,42.4,0.403,29.1,Clear,Eco,5.887,synthetic_virtual_ev
SIM_TRIP_0547,VIRTUAL_EV_001,30.0,80.9,28.36,33.6,56.3,-14.6,0.296,36.2,Hot,Aggressive,5.499,synthetic_virtual_ev
SIM_TRIP_0548,VIRTUAL_EV_001,30.0,41.1,15.19,30.1,35.5,85.2,0.727,33.8,Clear,Normal,3.087,synthetic_virtual_ev
SIM_TRIP_0549,VIRTUAL_EV_001,30.0,85.5,11.19,11.9,61.1,42.2,0.199,29.0,Clear,Normal,1.989,synthetic_virtual_ev
SIM_TRIP_0550,VIRTUAL_EV_001,30.0,57.5,7.36,10.0,49.3,-13.8,0.358,34.4,Hot,Normal,1.187,synthetic_virtual_ev
SIM_TRIP_0551,VIRTUAL_EV_001,30.0,71.5,31.97,48.0,44.3,46.2,0.367,25.3,Clear,Aggressive,5.908,synthetic_virtual_ev
SIM_TRIP_0552,VIRTUAL_EV_002,40.5,54.2,43.9,56.1,53.5,170.1,0.392,33.9,Clear,Normal,8.236,synthetic_virtual_ev
SIM_TRIP_0553,VIRTUAL_EV_001,30.0,72.0,31.88,33.5,59.2,-87.9,0.094,39.4,Hot,Normal,5.19,synthetic_virtual_ev
SIM_TRIP_0554,VIRTUAL_EV_001,30.0,41.5,11.14,15.6,51.5,132.5,0.582,37.8,Hot,Normal,2.684,synthetic_virtual_ev
SIM_TRIP_0555,VIRTUAL_EV_001,30.0,22.9,8.5,10.1,56.1,-41.6,0.289,20.1,Rain,Normal,1.191,synthetic_virtual_ev
SIM_TRIP_0556,VIRTUAL_EV_001,30.0,29.3,53.86,55.8,62.1,-30.6,0.176,23.6,Overcast,Aggressive,9.915,synthetic_virtual_ev
SIM_TRIP_0557,VIRTUAL_EV_001,30.0,69.4,13.84,20.0,46.6,-12.3,0.39,27.8,Clear,Eco,2.044,synthetic_virtual_ev
SIM_TRIP_0558,VIRTUAL_EV_002,40.5,69.7,24.38,38.1,46.3,145.5,0.663,37.1,Hot,Normal,5.259,synthetic_virtual_ev
SIM_TRIP_0559,VIRTUAL_EV_002,40.5,52.1,34.71,37.5,59.9,-31.2,0.194,25.1,Rain,Aggressive,6.26,synthetic_virtual_ev
SIM_TRIP_0560,VIRTUAL_EV_001,30.0,32.8,30.28,31.6,60.3,159.8,0.123,26.1,Clear,Eco,5.192,synthetic_virtual_ev
SIM_TRIP_0561,VIRTUAL_EV_001,30.0,87.8,45.7,69.4,44.1,-77.4,0.397,32.4,Clear,Aggressive,8.449,synthetic_virtual_ev
SIM_TRIP_0562,VIRTUAL_EV_001,30.0,73.3,12.58,13.3,59.5,114.0,0.125,32.9,Hot,Normal,2.636,synthetic_virtual_ev
SIM_TRIP_0563,VIRTUAL_EV_002,40.5,91.9,37.2,41.4,56.1,79.8,0.109,41.3,Hot,Normal,6.772,synthetic_virtual_ev
SIM_TRIP_0564,VIRTUAL_EV_001,30.0,84.8,6.41,8.6,51.1,112.7,0.405,21.4,Rain,Eco,1.466,synthetic_virtual_ev
SIM_TRIP_0565,VIRTUAL_EV_001,30.0,81.2,44.4,55.3,55.6,-20.7,0.414,38.8,Hot,Aggressive,8.79,synthetic_virtual_ev
SIM_TRIP_0566,VIRTUAL_EV_001,30.0,39.8,35.66,52.7,48.1,49.4,0.576,22.3,Rain,Eco,5.456,synthetic_virtual_ev
SIM_TRIP_0567,VIRTUAL_EV_001,30.0,85.0,8.4,9.7,58.1,94.6,0.312,33.7,Hot,Eco,1.741,synthetic_virtual_ev
SIM_TRIP_0568,VIRTUAL_EV_001,30.0,71.9,11.77,13.0,58.1,73.9,0.177,41.4,Hot,Aggressive,2.668,synthetic_virtual_ev
SIM_TRIP_0569,VIRTUAL_EV_001,30.0,76.7,22.83,28.7,54.1,175.4,0.368,25.3,Clear,Eco,4.256,synthetic_virtual_ev
SIM_TRIP_0570,VIRTUAL_EV_001,30.0,38.2,64.45,99.5,44.4,18.8,0.48,20.5,Rain,Eco,9.347,synthetic_virtual_ev
SIM_TRIP_0571,VIRTUAL_EV_001,30.0,24.9,14.87,17.9,52.9,104.6,0.17,32.8,Hot,Eco,2.665,synthetic_virtual_ev
SIM_TRIP_0572,VIRTUAL_EV_001,30.0,22.0,12.92,13.0,63.6,54.7,0.155,21.8,Rain,Normal,2.274,synthetic_virtual_ev
SIM_TRIP_0573,VIRTUAL_EV_001,30.0,74.4,9.52,10.3,57.7,74.9,0.116,33.4,Clear,Normal,1.952,synthetic_virtual_ev
SIM_TRIP_0574,VIRTUAL_EV_002,40.5,81.8,7.45,7.0,66.3,61.4,0.099,31.7,Clear,Normal,1.609,synthetic_virtual_ev
SIM_TRIP_0575,VIRTUAL_EV_001,30.0,35.5,19.64,32.2,41.7,-47.6,0.498,23.4,Rain,Normal,2.921,synthetic_virtual_ev
SIM_TRIP_0576,VIRTUAL_EV_001,30.0,61.5,4.89,7.2,45.9,57.7,0.438,38.9,Hot,Normal,1.161,synthetic_virtual_ev
SIM_TRIP_0577,VIRTUAL_EV_001,30.0,87.0,43.58,58.9,49.4,-7.8,0.344,26.5,Clear,Normal,6.861,synthetic_virtual_ev
SIM_TRIP_0578,VIRTUAL_EV_001,30.0,80.1,57.5,80.9,48.1,-113.4,0.398,27.4,Overcast,Eco,7.933,synthetic_virtual_ev
SIM_TRIP_0579,VIRTUAL_EV_001,30.0,64.5,6.82,6.3,66.7,-48.9,0.077,30.4,Clear,Normal,0.979,synthetic_virtual_ev
SIM_TRIP_0580,VIRTUAL_EV_002,40.5,63.0,12.56,17.5,49.3,164.8,0.445,35.3,Hot,Normal,3.045,synthetic_virtual_ev
SIM_TRIP_0581,VIRTUAL_EV_001,30.0,35.7,45.39,77.5,41.5,178.4,0.656,33.3,Clear,Aggressive,9.662,synthetic_virtual_ev
SIM_TRIP_0582,VIRTUAL_EV_002,40.5,32.6,2.95,3.1,62.3,110.1,0.215,27.9,Clear,Normal,1.058,synthetic_virtual_ev
SIM_TRIP_0583,VIRTUAL_EV_001,30.0,26.3,61.98,87.1,48.9,172.4,0.444,27.6,Overcast,Normal,10.652,synthetic_virtual_ev
SIM_TRIP_0584,VIRTUAL_EV_001,30.0,47.9,11.72,11.9,62.4,0.3,0.134,28.7,Clear,Aggressive,2.165,synthetic_virtual_ev
SIM_TRIP_0585,VIRTUAL_EV_001,30.0,38.7,62.46,66.8,62.2,91.4,0.262,30.9,Clear,Normal,10.837,synthetic_virtual_ev
SIM_TRIP_0586,VIRTUAL_EV_001,30.0,54.8,20.97,23.4,56.6,-58.6,0.134,35.7,Hot,Normal,3.326,synthetic_virtual_ev
SIM_TRIP_0587,VIRTUAL_EV_002,40.5,85.3,7.57,9.2,56.4,120.4,0.365,20.4,Rain,Eco,1.74,synthetic_virtual_ev
SIM_TRIP_0588,VIRTUAL_EV_001,30.0,68.0,9.6,10.8,59.1,81.6,0.268,40.3,Hot,Eco,2.005,synthetic_virtual_ev
SIM_TRIP_0589,VIRTUAL_EV_002,40.5,58.3,22.04,26.3,53.7,82.4,0.19,33.0,Clear,Eco,3.699,synthetic_virtual_ev
SIM_TRIP_0590,VIRTUAL_EV_002,40.5,32.1,13.71,26.8,35.3,6.6,0.639,29.5,Clear,Normal,2.32,synthetic_virtual_ev
SIM_TRIP_0591,VIRTUAL_EV_001,30.0,50.4,43.82,50.7,56.9,-68.4,0.257,36.1,Hot,Normal,7.262,synthetic_virtual_ev
SIM_TRIP_0592,VIRTUAL_EV_002,40.5,63.7,9.36,11.3,54.7,174.8,0.287,28.5,Clear,Normal,2.41,synthetic_virtual_ev
SIM_TRIP_0593,VIRTUAL_EV_001,30.0,32.7,12.85,14.7,56.8,71.1,0.215,33.9,Hot,Aggressive,2.82,synthetic_virtual_ev
SIM_TRIP_0594,VIRTUAL_EV_001,30.0,82.1,57.84,60.9,61.4,117.0,0.19,26.8,Clear,Normal,9.963,synthetic_virtual_ev
SIM_TRIP_0595,VIRTUAL_EV_002,40.5,64.4,2.33,2.9,53.9,109.2,0.335,24.6,Rain,Aggressive,0.989,synthetic_virtual_ev
SIM_TRIP_0596,VIRTUAL_EV_001,30.0,51.0,16.1,17.1,58.7,-60.6,0.096,33.1,Hot,Normal,2.464,synthetic_virtual_ev
SIM_TRIP_0597,VIRTUAL_EV_002,40.5,86.9,42.57,42.9,61.7,36.7,0.091,38.6,Hot,Aggressive,8.653,synthetic_virtual_ev
SIM_TRIP_0598,VIRTUAL_EV_001,30.0,80.1,2.33,3.8,43.8,128.1,0.634,31.9,Clear,Normal,1.041,synthetic_virtual_ev
SIM_TRIP_0599,VIRTUAL_EV_002,40.5,82.9,18.17,21.5,54.8,-72.1,0.225,34.1,Hot,Normal,2.839,synthetic_virtual_ev
SIM_TRIP_0600,VIRTUAL_EV_001,30.0,20.5,12.11,23.1,36.1,-33.6,0.612,24.1,Rain,Eco,1.677,synthetic_virtual_ev
SIM_TRIP_0601,VIRTUAL_EV_001,30.0,92.0,9.31,10.1,59.9,-79.1,0.207,29.5,Clear,Aggressive,1.477,synthetic_virtual_ev
SIM_TRIP_0602,VIRTUAL_EV_002,40.5,72.1,28.24,29.7,62.6,-86.3,0.236,26.0,Clear,Normal,4.29,synthetic_virtual_ev
SIM_TRIP_0603,VIRTUAL_EV_001,30.0,20.6,14.66,15.4,60.4,119.7,0.15,24.5,Rain,Normal,2.845,synthetic_virtual_ev
SIM_TRIP_0604,VIRTUAL_EV_002,40.5,30.9,51.85,91.1,40.9,88.3,0.725,35.0,Hot,Normal,9.763,synthetic_virtual_ev
SIM_TRIP_0605,VIRTUAL_EV_001,30.0,90.8,35.01,52.3,44.4,40.3,0.354,20.1,Rain,Aggressive,6.428,synthetic_virtual_ev
SIM_TRIP_0606,VIRTUAL_EV_002,40.5,47.1,7.69,9.7,52.4,78.0,0.294,23.1,Rain,Normal,1.612,synthetic_virtual_ev
SIM_TRIP_0607,VIRTUAL_EV_001,30.0,50.8,2.66,3.2,55.3,98.8,0.275,26.0,Overcast,Normal,0.913,synthetic_virtual_ev
SIM_TRIP_0608,VIRTUAL_EV_001,30.0,28.6,43.56,51.3,57.1,-105.2,0.316,31.3,Clear,Normal,6.967,synthetic_virtual_ev
SIM_TRIP_0609,VIRTUAL_EV_002,40.5,50.8,40.43,68.9,40.6,-115.7,0.568,30.4,Clear,Normal,6.467,synthetic_virtual_ev
SIM_TRIP_0610,VIRTUAL_EV_002,40.5,24.3,6.18,8.1,53.3,-84.1,0.456,34.5,Hot,Normal,0.791,synthetic_virtual_ev
SIM_TRIP_0611,VIRTUAL_EV_001,30.0,34.0,9.33,16.1,40.3,86.6,0.595,26.8,Clear,Normal,1.903,synthetic_virtual_ev
SIM_TRIP_0612,VIRTUAL_EV_002,40.5,25.0,14.81,18.9,52.7,62.5,0.345,31.3,Clear,Eco,2.603,synthetic_virtual_ev
SIM_TRIP_0613,VIRTUAL_EV_002,40.5,38.5,12.15,16.4,49.4,26.9,0.34,32.3,Clear,Normal,2.158,synthetic_virtual_ev
SIM_TRIP_0614,VIRTUAL_EV_001,30.0,32.4,5.59,9.3,41.4,-14.9,0.542,27.4,Clear,Normal,0.851,synthetic_virtual_ev
SIM_TRIP_0615,VIRTUAL_EV_001,30.0,79.0,15.2,19.3,50.1,105.2,0.183,24.6,Clear,Eco,2.667,synthetic_virtual_ev
SIM_TRIP_0616,VIRTUAL_EV_002,40.5,94.3,3.64,4.4,55.2,-19.5,0.326,29.3,Clear,Normal,0.537,synthetic_virtual_ev
SIM_TRIP_0617,VIRTUAL_EV_001,30.0,20.6,23.51,31.5,52.4,4.2,0.487,22.4,Rain,Normal,3.722,synthetic_virtual_ev
SIM_TRIP_0618,VIRTUAL_EV_002,40.5,30.3,5.51,9.0,42.6,6.4,0.575,25.9,Clear,Eco,0.863,synthetic_virtual_ev
SIM_TRIP_0619,VIRTUAL_EV_002,40.5,62.4,3.34,4.6,47.2,-48.8,0.262,39.5,Hot,Aggressive,0.496,synthetic_virtual_ev
SIM_TRIP_0620,VIRTUAL_EV_001,30.0,91.9,11.45,12.0,61.1,103.3,0.166,24.0,Rain,Eco,2.206,synthetic_virtual_ev
SIM_TRIP_0621,VIRTUAL_EV_001,30.0,55.8,21.78,26.3,55.2,116.6,0.3,26.8,Clear,Normal,4.017,synthetic_virtual_ev
SIM_TRIP_0622,VIRTUAL_EV_002,40.5,81.7,44.32,80.7,38.9,0.0,0.696,23.9,Overcast,Aggressive,8.092,synthetic_virtual_ev
SIM_TRIP_0623,VIRTUAL_EV_001,30.0,86.0,51.07,57.4,57.2,-95.5,0.186,33.5,Clear,Aggressive,9.425,synthetic_virtual_ev
SIM_TRIP_0624,VIRTUAL_EV_001,30.0,33.1,23.95,29.8,52.7,173.0,0.263,30.0,Clear,Eco,4.473,synthetic_virtual_ev
SIM_TRIP_0625,VIRTUAL_EV_001,30.0,30.2,9.11,14.7,42.1,58.8,0.484,41.6,Hot,Eco,1.877,synthetic_virtual_ev
SIM_TRIP_0626,VIRTUAL_EV_001,30.0,26.8,7.25,8.5,55.8,87.1,0.246,25.2,Rain,Normal,1.573,synthetic_virtual_ev
SIM_TRIP_0627,VIRTUAL_EV_001,30.0,90.3,16.23,15.3,66.6,105.6,0.104,24.5,Clear,Normal,3.233,synthetic_virtual_ev
SIM_TRIP_0628,VIRTUAL_EV_001,30.0,29.0,5.94,6.3,61.6,2.0,0.212,25.9,Clear,Normal,0.979,synthetic_virtual_ev
SIM_TRIP_0629,VIRTUAL_EV_001,30.0,37.6,8.51,12.0,47.0,3.1,0.332,28.3,Clear,Normal,1.398,synthetic_virtual_ev
SIM_TRIP_0630,VIRTUAL_EV_001,30.0,45.8,8.11,7.7,65.8,122.9,0.079,24.3,Overcast,Normal,1.942,synthetic_virtual_ev
SIM_TRIP_0631,VIRTUAL_EV_001,30.0,21.3,14.14,17.5,55.8,14.6,0.398,24.7,Clear,Eco,2.166,synthetic_virtual_ev
SIM_TRIP_0632,VIRTUAL_EV_001,30.0,57.6,14.61,27.4,37.8,91.9,0.716,30.7,Clear,Normal,2.93,synthetic_virtual_ev
SIM_TRIP_0633,VIRTUAL_EV_001,30.0,32.6,6.15,8.3,50.6,-110.5,0.408,25.2,Rain,Aggressive,0.801,synthetic_virtual_ev
SIM_TRIP_0634,VIRTUAL_EV_001,30.0,66.9,9.4,9.8,60.6,144.6,0.131,38.0,Hot,Normal,2.342,synthetic_virtual_ev
SIM_TRIP_0635,VIRTUAL_EV_001,30.0,47.4,14.13,14.7,60.9,-117.3,0.145,25.8,Rain,Aggressive,2.297,synthetic_virtual_ev
SIM_TRIP_0636,VIRTUAL_EV_001,30.0,61.1,16.61,17.9,58.7,93.3,0.137,40.9,Hot,Normal,3.374,synthetic_virtual_ev
SIM_TRIP_0637,VIRTUAL_EV_001,30.0,94.5,39.28,45.5,56.9,-0.5,0.257,24.6,Rain,Normal,6.175,synthetic_virtual_ev
SIM_TRIP_0638,VIRTUAL_EV_001,30.0,41.7,43.03,53.0,51.7,-40.6,0.175,25.1,Clear,Normal,6.459,synthetic_virtual_ev
SIM_TRIP_0639,VIRTUAL_EV_002,40.5,49.5,9.55,17.8,39.2,137.1,0.833,40.4,Hot,Aggressive,2.799,synthetic_virtual_ev
SIM_TRIP_0640,VIRTUAL_EV_001,30.0,79.1,9.84,10.9,56.3,102.4,0.108,24.1,Rain,Normal,2.033,synthetic_virtual_ev
SIM_TRIP_0641,VIRTUAL_EV_002,40.5,71.6,6.36,11.3,38.7,38.0,0.551,25.2,Clear,Normal,1.199,synthetic_virtual_ev
SIM_TRIP_0642,VIRTUAL_EV_001,30.0,60.6,4.89,5.3,58.5,24.1,0.152,22.8,Rain,Eco,0.81,synthetic_virtual_ev
SIM_TRIP_0643,VIRTUAL_EV_001,30.0,74.7,7.84,13.9,41.2,-73.4,0.798,33.8,Clear,Aggressive,1.388,synthetic_virtual_ev
SIM_TRIP_0644,VIRTUAL_EV_001,30.0,83.8,63.0,88.5,48.4,-91.9,0.414,32.6,Clear,Aggressive,11.778,synthetic_virtual_ev
SIM_TRIP_0645,VIRTUAL_EV_001,30.0,64.0,11.04,13.1,53.8,-105.0,0.189,21.9,Rain,Normal,1.455,synthetic_virtual_ev
SIM_TRIP_0646,VIRTUAL_EV_001,30.0,53.9,3.47,7.2,32.7,-51.0,0.615,29.2,Clear,Normal,0.44,synthetic_virtual_ev
SIM_TRIP_0647,VIRTUAL_EV_001,30.0,84.9,43.92,43.1,62.3,-71.9,0.048,30.1,Clear,Normal,6.917,synthetic_virtual_ev
SIM_TRIP_0648,VIRTUAL_EV_002,40.5,56.6,12.05,17.4,46.3,62.4,0.375,25.0,Clear,Eco,2.069,synthetic_virtual_ev
SIM_TRIP_0649,VIRTUAL_EV_001,30.0,54.8,8.76,13.7,43.5,168.7,0.462,20.9,Rain,Normal,2.237,synthetic_virtual_ev
SIM_TRIP_0650,VIRTUAL_EV_001,30.0,22.2,46.29,70.9,45.4,103.2,0.526,31.5,Clear,Normal,8.43,synthetic_virtual_ev
SIM_TRIP_0651,VIRTUAL_EV_002,40.5,78.8,14.71,16.1,57.9,-2.9,0.144,30.9,Clear,Normal,2.363,synthetic_virtual_ev
SIM_TRIP_0652,VIRTUAL_EV_002,40.5,64.8,20.8,27.0,51.8,-7.8,0.353,30.8,Clear,Normal,3.456,synthetic_virtual_ev
SIM_TRIP_0653,VIRTUAL_EV_001,30.0,47.3,56.43,90.4,43.7,-2.4,0.572,31.0,Clear,Eco,8.92,synthetic_virtual_ev
SIM_TRIP_0654,VIRTUAL_EV_002,40.5,28.5,57.51,65.6,56.7,156.5,0.206,36.7,Hot,Eco,10.043,synthetic_virtual_ev
SIM_TRIP_0655,VIRTUAL_EV_001,30.0,23.4,17.32,16.4,65.0,141.8,0.053,27.7,Overcast,Normal,3.467,synthetic_virtual_ev
SIM_TRIP_0656,VIRTUAL_EV_001,30.0,26.0,13.26,17.2,51.0,116.4,0.309,25.6,Clear,Normal,2.578,synthetic_virtual_ev
SIM_TRIP_0657,VIRTUAL_EV_001,30.0,62.7,8.05,9.3,58.7,-68.5,0.319,24.1,Overcast,Aggressive,1.267,synthetic_virtual_ev
SIM_TRIP_0658,VIRTUAL_EV_002,40.5,45.3,19.78,24.1,55.5,-104.6,0.347,25.4,Clear,Normal,2.769,synthetic_virtual_ev
SIM_TRIP_0659,VIRTUAL_EV_001,30.0,23.5,9.97,12.9,51.8,130.8,0.343,36.2,Hot,Normal,2.384,synthetic_virtual_ev
SIM_TRIP_0660,VIRTUAL_EV_001,30.0,63.3,12.84,19.3,47.0,174.9,0.574,31.8,Clear,Normal,3.054,synthetic_virtual_ev
SIM_TRIP_0661,VIRTUAL_EV_001,30.0,25.2,7.81,9.0,56.6,146.6,0.242,24.6,Rain,Normal,2.005,synthetic_virtual_ev
SIM_TRIP_0662,VIRTUAL_EV_001,30.0,92.7,4.83,6.4,52.0,23.5,0.439,27.4,Clear,Aggressive,1.001,synthetic_virtual_ev
SIM_TRIP_0663,VIRTUAL_EV_002,40.5,81.3,2.17,3.0,50.8,115.3,0.538,37.5,Hot,Normal,0.989,synthetic_virtual_ev
SIM_TRIP_0664,VIRTUAL_EV_001,30.0,69.7,8.03,9.4,58.3,-46.0,0.349,22.9,Rain,Normal,1.137,synthetic_virtual_ev
SIM_TRIP_0665,VIRTUAL_EV_001,30.0,75.3,14.69,24.7,41.2,86.6,0.557,29.7,Clear,Eco,2.745,synthetic_virtual_ev
SIM_TRIP_0666,VIRTUAL_EV_001,30.0,35.5,7.91,11.7,45.7,91.7,0.428,21.7,Rain,Normal,1.672,synthetic_virtual_ev
SIM_TRIP_0667,VIRTUAL_EV_001,30.0,41.2,8.85,10.3,56.5,-58.6,0.243,33.4,Clear,Eco,1.218,synthetic_virtual_ev
SIM_TRIP_0668,VIRTUAL_EV_001,30.0,93.0,16.26,31.1,37.6,81.1,0.793,33.8,Clear,Normal,3.247,synthetic_virtual_ev
SIM_TRIP_0669,VIRTUAL_EV_001,30.0,26.2,14.68,15.1,60.8,72.9,0.107,35.2,Hot,Normal,2.817,synthetic_virtual_ev
SIM_TRIP_0670,VIRTUAL_EV_002,40.5,87.9,14.31,24.2,40.0,87.3,0.47,20.5,Rain,Aggressive,3.047,synthetic_virtual_ev
SIM_TRIP_0671,VIRTUAL_EV_001,30.0,35.5,10.13,9.4,66.6,-67.2,0.068,31.2,Clear,Normal,1.505,synthetic_virtual_ev
SIM_TRIP_0672,VIRTUAL_EV_002,40.5,47.0,3.79,5.9,44.1,124.8,0.466,20.2,Rain,Aggressive,1.348,synthetic_virtual_ev
SIM_TRIP_0673,VIRTUAL_EV_001,30.0,67.9,39.69,35.8,68.8,12.7,0.076,32.6,Clear,Aggressive,7.719,synthetic_virtual_ev
SIM_TRIP_0674,VIRTUAL_EV_001,30.0,40.6,49.93,49.3,63.0,-11.0,0.086,33.2,Clear,Normal,8.289,synthetic_virtual_ev
SIM_TRIP_0675,VIRTUAL_EV_001,30.0,70.6,22.01,24.1,58.7,-83.9,0.18,23.9,Rain,Eco,2.94,synthetic_virtual_ev
SIM_TRIP_0676,VIRTUAL_EV_001,30.0,73.9,9.22,11.6,54.8,122.9,0.408,33.2,Hot,Eco,2.095,synthetic_virtual_ev
SIM_TRIP_0677,VIRTUAL_EV_001,30.0,59.6,21.85,25.1,57.4,42.3,0.258,33.1,Clear,Normal,3.867,synthetic_virtual_ev
SIM_TRIP_0678,VIRTUAL_EV_001,30.0,71.8,4.38,7.1,43.4,-49.7,0.581,23.2,Rain,Aggressive,0.648,synthetic_virtual_ev
SIM_TRIP_0679,VIRTUAL_EV_001,30.0,20.8,9.74,9.3,66.2,-11.7,0.127,31.3,Clear,Normal,1.564,synthetic_virtual_ev
SIM_TRIP_0680,VIRTUAL_EV_001,30.0,79.2,26.57,42.6,43.3,-89.7,0.546,20.1,Rain,Normal,3.887,synthetic_virtual_ev
SIM_TRIP_0681,VIRTUAL_EV_001,30.0,52.1,4.6,5.9,52.9,-105.6,0.392,40.0,Hot,Normal,0.516,synthetic_virtual_ev
SIM_TRIP_0682,VIRTUAL_EV_001,30.0,47.1,28.2,42.2,45.3,40.3,0.426,31.4,Clear,Aggressive,5.491,synthetic_virtual_ev
SIM_TRIP_0683,VIRTUAL_EV_001,30.0,64.3,35.2,48.4,51.7,139.0,0.533,20.2,Rain,Normal,6.457,synthetic_virtual_ev
SIM_TRIP_0684,VIRTUAL_EV_001,30.0,53.6,11.57,18.5,43.3,-85.4,0.531,22.3,Rain,Eco,1.471,synthetic_virtual_ev
SIM_TRIP_0685,VIRTUAL_EV_001,30.0,43.0,11.82,14.3,54.4,26.3,0.277,38.1,Hot,Aggressive,2.441,synthetic_virtual_ev
SIM_TRIP_0686,VIRTUAL_EV_001,30.0,83.5,11.49,11.0,65.2,162.0,0.094,22.2,Rain,Aggressive,2.901,synthetic_virtual_ev
SIM_TRIP_0687,VIRTUAL_EV_001,30.0,94.5,3.0,4.1,49.1,117.8,0.379,25.8,Clear,Normal,1.066,synthetic_virtual_ev
SIM_TRIP_0688,VIRTUAL_EV_002,40.5,82.9,14.44,15.7,61.3,144.8,0.266,24.2,Clear,Aggressive,3.46,synthetic_virtual_ev
SIM_TRIP_0689,VIRTUAL_EV_001,30.0,41.9,8.9,17.3,36.1,113.3,0.712,38.9,Hot,Normal,2.272,synthetic_virtual_ev
SIM_TRIP_0690,VIRTUAL_EV_001,30.0,69.3,55.73,52.3,64.4,-55.1,0.017,24.0,Rain,Eco,7.911,synthetic_virtual_ev
SIM_TRIP_0691,VIRTUAL_EV_001,30.0,29.1,2.58,2.6,64.3,86.5,0.18,20.1,Rain,Eco,0.827,synthetic_virtual_ev
SIM_TRIP_0692,VIRTUAL_EV_001,30.0,85.1,17.83,22.1,52.6,-112.0,0.252,35.1,Hot,Normal,2.681,synthetic_virtual_ev
SIM_TRIP_0693,VIRTUAL_EV_001,30.0,86.3,60.6,79.1,52.5,93.0,0.407,27.9,Clear,Normal,10.382,synthetic_virtual_ev
SIM_TRIP_0694,VIRTUAL_EV_002,40.5,20.7,8.12,12.9,44.3,130.4,0.578,25.6,Overcast,Aggressive,2.188,synthetic_virtual_ev
SIM_TRIP_0695,VIRTUAL_EV_001,30.0,22.7,11.08,15.2,49.5,-74.1,0.407,25.1,Clear,Normal,1.528,synthetic_virtual_ev
SIM_TRIP_0696,VIRTUAL_EV_001,30.0,89.4,7.51,9.0,53.6,-12.7,0.181,33.7,Hot,Eco,1.129,synthetic_virtual_ev
SIM_TRIP_0697,VIRTUAL_EV_002,40.5,33.1,5.09,9.5,38.7,154.5,0.782,22.1,Rain,Eco,1.624,synthetic_virtual_ev
SIM_TRIP_0698,VIRTUAL_EV_001,30.0,20.8,42.19,61.8,45.2,30.4,0.342,40.0,Hot,Aggressive,8.945,synthetic_virtual_ev
SIM_TRIP_0699,VIRTUAL_EV_001,30.0,61.1,30.94,39.1,50.7,3.9,0.197,30.3,Clear,Aggressive,5.495,synthetic_virtual_ev
SIM_TRIP_0700,VIRTUAL_EV_002,40.5,35.4,9.73,10.6,61.3,84.2,0.277,33.7,Clear,Eco,2.024,synthetic_virtual_ev
SIM_TRIP_0701,VIRTUAL_EV_001,30.0,85.8,5.7,6.4,57.0,-109.4,0.187,39.1,Hot,Normal,0.69,synthetic_virtual_ev
SIM_TRIP_0702,VIRTUAL_EV_001,30.0,67.4,2.06,3.4,43.1,-19.3,0.706,36.9,Hot,Aggressive,0.377,synthetic_virtual_ev
SIM_TRIP_0703,VIRTUAL_EV_001,30.0,30.7,15.77,15.9,63.5,-19.0,0.159,30.2,Clear,Eco,2.355,synthetic_virtual_ev
SIM_TRIP_0704,VIRTUAL_EV_001,30.0,73.2,20.26,26.4,53.9,124.3,0.471,24.1,Clear,Eco,3.689,synthetic_virtual_ev
SIM_TRIP_0705,VIRTUAL_EV_001,30.0,41.9,6.8,11.4,40.1,93.4,0.456,28.5,Clear,Eco,1.515,synthetic_virtual_ev
SIM_TRIP_0706,VIRTUAL_EV_001,30.0,42.8,7.15,7.4,59.8,-89.1,0.069,27.2,Clear,Aggressive,1.057,synthetic_virtual_ev
SIM_TRIP_0707,VIRTUAL_EV_002,40.5,39.9,23.49,23.3,62.3,75.1,0.073,34.0,Clear,Normal,4.234,synthetic_virtual_ev
SIM_TRIP_0708,VIRTUAL_EV_002,40.5,74.4,14.99,19.2,50.3,21.4,0.228,38.2,Hot,Aggressive,3.014,synthetic_virtual_ev
SIM_TRIP_0709,VIRTUAL_EV_001,30.0,92.2,15.06,13.0,73.1,171.5,0.11,36.1,Hot,Eco,3.262,synthetic_virtual_ev
SIM_TRIP_0710,VIRTUAL_EV_001,30.0,81.0,9.44,9.6,62.4,120.0,0.127,33.6,Clear,Aggressive,2.387,synthetic_virtual_ev
SIM_TRIP_0711,VIRTUAL_EV_001,30.0,61.8,11.34,14.2,54.1,128.8,0.347,21.4,Rain,Normal,2.412,synthetic_virtual_ev
SIM_TRIP_0712,VIRTUAL_EV_001,30.0,70.0,3.95,4.9,55.6,111.3,0.383,38.6,Hot,Normal,1.224,synthetic_virtual_ev
SIM_TRIP_0713,VIRTUAL_EV_002,40.5,68.9,6.25,5.8,65.1,10.8,0.022,35.6,Hot,Aggressive,1.253,synthetic_virtual_ev
SIM_TRIP_0714,VIRTUAL_EV_001,30.0,53.8,2.96,3.4,59.5,-5.1,0.351,25.3,Clear,Eco,0.424,synthetic_virtual_ev
SIM_TRIP_0715,VIRTUAL_EV_001,30.0,56.3,42.85,89.3,33.3,-78.7,0.703,38.8,Hot,Eco,7.339,synthetic_virtual_ev
SIM_TRIP_0716,VIRTUAL_EV_002,40.5,20.6,7.42,8.2,56.9,117.2,0.113,25.4,Rain,Normal,1.81,synthetic_virtual_ev
SIM_TRIP_0717,VIRTUAL_EV_001,30.0,31.0,6.88,8.1,55.5,-24.6,0.246,33.5,Clear,Normal,1.075,synthetic_virtual_ev
SIM_TRIP_0718,VIRTUAL_EV_001,30.0,36.5,19.44,18.5,63.5,-93.4,0.023,30.6,Clear,Normal,2.942,synthetic_virtual_ev
SIM_TRIP_0719,VIRTUAL_EV_001,30.0,38.2,14.33,17.0,55.2,122.7,0.249,28.7,Clear,Eco,2.761,synthetic_virtual_ev
SIM_TRIP_0720,VIRTUAL_EV_002,40.5,51.6,11.12,13.8,53.4,49.5,0.302,21.2,Rain,Normal,1.966,synthetic_virtual_ev
SIM_TRIP_0721,VIRTUAL_EV_001,30.0,72.0,2.77,3.9,48.4,-97.8,0.38,39.2,Hot,Normal,0.216,synthetic_virtual_ev
SIM_TRIP_0722,VIRTUAL_EV_001,30.0,59.6,31.74,37.5,56.7,-119.0,0.307,34.5,Hot,Normal,5.159,synthetic_virtual_ev
SIM_TRIP_0723,VIRTUAL_EV_001,30.0,43.5,17.37,20.5,53.9,-28.0,0.169,33.3,Clear,Normal,2.768,synthetic_virtual_ev
SIM_TRIP_0724,VIRTUAL_EV_001,30.0,48.2,56.84,60.2,60.6,-53.0,0.173,26.4,Clear,Aggressive,10.14,synthetic_virtual_ev
SIM_TRIP_0725,VIRTUAL_EV_002,40.5,65.3,4.44,5.9,52.4,166.6,0.443,36.7,Hot,Eco,1.595,synthetic_virtual_ev
SIM_TRIP_0726,VIRTUAL_EV_001,30.0,86.8,39.95,46.5,56.6,54.9,0.258,31.5,Clear,Eco,6.159,synthetic_virtual_ev
SIM_TRIP_0727,VIRTUAL_EV_001,30.0,63.0,42.46,86.2,33.8,51.7,0.638,23.0,Rain,Aggressive,7.687,synthetic_virtual_ev
SIM_TRIP_0728,VIRTUAL_EV_001,30.0,83.6,8.62,14.4,41.9,-49.2,0.601,32.1,Clear,Aggressive,1.511,synthetic_virtual_ev
SIM_TRIP_0729,VIRTUAL_EV_001,30.0,86.6,12.99,17.6,48.8,111.6,0.317,25.9,Clear,Normal,2.514,synthetic_virtual_ev
SIM_TRIP_0730,VIRTUAL_EV_001,30.0,91.4,12.89,15.3,54.4,21.5,0.204,22.2,Rain,Normal,2.094,synthetic_virtual_ev
SIM_TRIP_0731,VIRTUAL_EV_001,30.0,69.4,50.47,82.7,43.4,29.4,0.639,21.2,Rain,Aggressive,9.529,synthetic_virtual_ev
SIM_TRIP_0732,VIRTUAL_EV_001,30.0,21.5,5.18,5.9,57.8,-113.5,0.276,37.7,Hot,Normal,0.579,synthetic_virtual_ev
SIM_TRIP_0733,VIRTUAL_EV_002,40.5,43.1,45.07,56.6,54.5,-103.7,0.386,30.8,Clear,Eco,6.626,synthetic_virtual_ev
SIM_TRIP_0734,VIRTUAL_EV_002,40.5,80.4,22.64,25.5,56.9,-81.0,0.178,21.3,Rain,Normal,3.294,synthetic_virtual_ev
SIM_TRIP_0735,VIRTUAL_EV_001,30.0,92.4,3.09,3.1,62.3,-86.6,0.105,33.7,Hot,Eco,0.237,synthetic_virtual_ev
SIM_TRIP_0736,VIRTUAL_EV_001,30.0,65.8,10.14,13.4,50.2,-5.7,0.327,21.8,Rain,Normal,1.535,synthetic_virtual_ev
SIM_TRIP_0737,VIRTUAL_EV_001,30.0,60.9,13.02,24.7,36.1,114.1,0.589,26.7,Clear,Eco,2.534,synthetic_virtual_ev
SIM_TRIP_0738,VIRTUAL_EV_001,30.0,49.7,63.66,78.1,54.6,-43.4,0.32,31.1,Clear,Normal,10.17,synthetic_virtual_ev
SIM_TRIP_0739,VIRTUAL_EV_001,30.0,77.6,34.88,34.4,63.7,73.7,0.112,22.6,Rain,Eco,5.452,synthetic_virtual_ev
SIM_TRIP_0740,VIRTUAL_EV_001,30.0,29.6,14.92,20.3,51.1,88.8,0.471,28.5,Clear,Normal,2.881,synthetic_virtual_ev
SIM_TRIP_0741,VIRTUAL_EV_002,40.5,47.4,4.22,4.3,62.3,114.8,0.117,39.6,Hot,Normal,1.362,synthetic_virtual_ev
SIM_TRIP_0742,VIRTUAL_EV_001,30.0,88.9,2.8,3.3,55.5,10.1,0.215,25.7,Rain,Normal,0.485,synthetic_virtual_ev
SIM_TRIP_0743,VIRTUAL_EV_001,30.0,28.2,11.04,13.5,54.4,167.1,0.297,31.2,Clear,Eco,2.496,synthetic_virtual_ev
SIM_TRIP_0744,VIRTUAL_EV_001,30.0,32.0,27.16,37.7,47.5,-110.6,0.312,22.4,Rain,Aggressive,4.498,synthetic_virtual_ev
SIM_TRIP_0745,VIRTUAL_EV_002,40.5,49.6,12.46,16.5,52.1,129.4,0.428,29.2,Clear,Aggressive,3.06,synthetic_virtual_ev
SIM_TRIP_0746,VIRTUAL_EV_002,40.5,62.7,7.5,9.4,52.4,4.6,0.256,38.8,Hot,Normal,1.316,synthetic_virtual_ev
SIM_TRIP_0747,VIRTUAL_EV_001,30.0,52.3,45.44,47.7,58.9,16.5,0.078,29.7,Clear,Aggressive,8.224,synthetic_virtual_ev
SIM_TRIP_0748,VIRTUAL_EV_001,30.0,25.3,51.55,109.6,32.9,110.4,0.754,39.9,Hot,Normal,10.305,synthetic_virtual_ev
SIM_TRIP_0749,VIRTUAL_EV_001,30.0,86.0,9.59,9.1,64.4,53.4,0.045,30.8,Clear,Normal,1.861,synthetic_virtual_ev
SIM_TRIP_0750,VIRTUAL_EV_001,30.0,37.8,13.12,12.4,65.8,147.8,0.074,27.0,Clear,Normal,2.874,synthetic_virtual_ev
SIM_TRIP_0751,VIRTUAL_EV_001,30.0,72.4,54.31,56.8,59.6,13.3,0.099,21.9,Rain,Aggressive,10.023,synthetic_virtual_ev
SIM_TRIP_0752,VIRTUAL_EV_001,30.0,45.2,11.07,21.4,35.0,66.9,0.543,22.9,Rain,Normal,2.102,synthetic_virtual_ev
SIM_TRIP_0753,VIRTUAL_EV_001,30.0,33.5,4.55,5.3,57.6,8.5,0.301,31.6,Clear,Normal,0.777,synthetic_virtual_ev
SIM_TRIP_0754,VIRTUAL_EV_002,40.5,81.1,49.89,53.8,60.2,61.5,0.203,40.7,Hot,Normal,9.076,synthetic_virtual_ev
SIM_TRIP_0755,VIRTUAL_EV_002,40.5,77.3,3.85,5.0,53.0,10.5,0.424,29.6,Clear,Normal,0.714,synthetic_virtual_ev
SIM_TRIP_0756,VIRTUAL_EV_001,30.0,66.1,8.6,15.4,38.4,179.6,0.561,29.6,Clear,Normal,2.307,synthetic_virtual_ev
SIM_TRIP_0757,VIRTUAL_EV_001,30.0,78.3,40.97,45.1,58.9,-6.5,0.206,41.8,Hot,Eco,6.58,synthetic_virtual_ev
SIM_TRIP_0758,VIRTUAL_EV_002,40.5,22.1,53.64,75.6,49.3,-66.3,0.483,25.0,Rain,Normal,8.26,synthetic_virtual_ev
SIM_TRIP_0759,VIRTUAL_EV_001,30.0,83.0,14.09,15.3,57.1,8.9,0.084,30.9,Clear,Aggressive,2.649,synthetic_virtual_ev
SIM_TRIP_0760,VIRTUAL_EV_002,40.5,22.5,7.5,7.8,63.4,66.6,0.223,27.4,Clear,Normal,1.583,synthetic_virtual_ev
SIM_TRIP_0761,VIRTUAL_EV_001,30.0,94.2,51.89,69.6,50.2,47.7,0.367,25.8,Clear,Eco,7.864,synthetic_virtual_ev
SIM_TRIP_0762,VIRTUAL_EV_001,30.0,90.5,20.09,25.7,53.5,160.7,0.4,20.4,Rain,Eco,3.736,synthetic_virtual_ev
SIM_TRIP_0763,VIRTUAL_EV_001,30.0,42.6,20.07,26.5,52.5,9.0,0.44,39.3,Hot,Eco,3.331,synthetic_virtual_ev
SIM_TRIP_0764,VIRTUAL_EV_001,30.0,71.8,9.95,13.4,51.9,93.4,0.484,32.4,Hot,Normal,2.111,synthetic_virtual_ev
SIM_TRIP_0765,VIRTUAL_EV_001,30.0,78.2,27.21,29.2,59.9,6.2,0.18,33.1,Clear,Aggressive,5.282,synthetic_virtual_ev
SIM_TRIP_0766,VIRTUAL_EV_001,30.0,87.2,10.2,12.9,54.6,-39.7,0.416,36.9,Hot,Normal,1.675,synthetic_virtual_ev
SIM_TRIP_0767,VIRTUAL_EV_001,30.0,72.1,37.73,64.1,42.3,113.8,0.698,34.6,Hot,Eco,6.661,synthetic_virtual_ev
SIM_TRIP_0768,VIRTUAL_EV_002,40.5,77.6,59.75,80.7,51.3,19.2,0.451,25.1,Rain,Eco,8.831,synthetic_virtual_ev
SIM_TRIP_0769,VIRTUAL_EV_002,40.5,42.4,16.14,30.5,37.2,-112.9,0.693,27.1,Clear,Eco,2.15,synthetic_virtual_ev
SIM_TRIP_0770,VIRTUAL_EV_002,40.5,73.3,10.54,17.7,41.0,75.9,0.549,27.8,Overcast,Normal,2.185,synthetic_virtual_ev
SIM_TRIP_0771,VIRTUAL_EV_001,30.0,42.2,9.25,11.1,54.5,-82.9,0.236,35.6,Hot,Aggressive,1.535,synthetic_virtual_ev
SIM_TRIP_0772,VIRTUAL_EV_001,30.0,48.3,47.98,45.7,65.0,-56.9,0.076,22.7,Rain,Aggressive,8.606,synthetic_virtual_ev
SIM_TRIP_0773,VIRTUAL_EV_002,40.5,47.3,61.15,71.8,52.8,86.8,0.096,25.3,Overcast,Aggressive,11.321,synthetic_virtual_ev
SIM_TRIP_0774,VIRTUAL_EV_001,30.0,58.5,45.14,66.0,48.0,-54.0,0.53,25.3,Rain,Normal,7.045,synthetic_virtual_ev
SIM_TRIP_0775,VIRTUAL_EV_001,30.0,45.3,3.96,4.4,56.3,-65.8,0.126,34.2,Hot,Eco,0.416,synthetic_virtual_ev
SIM_TRIP_0776,VIRTUAL_EV_002,40.5,46.2,42.15,61.1,48.2,74.2,0.51,32.4,Hot,Aggressive,8.208,synthetic_virtual_ev
SIM_TRIP_0777,VIRTUAL_EV_002,40.5,62.4,48.51,66.9,47.8,160.4,0.312,25.4,Overcast,Normal,8.333,synthetic_virtual_ev
SIM_TRIP_0778,VIRTUAL_EV_002,40.5,38.2,16.02,20.1,51.3,153.3,0.22,25.6,Rain,Aggressive,3.655,synthetic_virtual_ev
SIM_TRIP_0779,VIRTUAL_EV_001,30.0,61.5,63.23,120.1,36.0,-44.0,0.582,34.9,Hot,Normal,11.115,synthetic_virtual_ev
SIM_TRIP_0780,VIRTUAL_EV_001,30.0,85.4,6.12,8.1,49.3,-35.7,0.28,26.6,Clear,Normal,0.854,synthetic_virtual_ev
SIM_TRIP_0781,VIRTUAL_EV_001,30.0,87.4,7.43,9.0,54.1,36.0,0.244,22.7,Overcast,Normal,1.377,synthetic_virtual_ev
SIM_TRIP_0782,VIRTUAL_EV_002,40.5,69.3,24.67,32.8,50.3,-48.8,0.343,34.0,Clear,Normal,3.967,synthetic_virtual_ev
SIM_TRIP_0783,VIRTUAL_EV_001,30.0,23.2,17.59,35.0,34.6,-68.2,0.643,28.3,Clear,Normal,2.745,synthetic_virtual_ev
SIM_TRIP_0784,VIRTUAL_EV_001,30.0,52.1,7.01,8.5,54.8,80.7,0.305,28.3,Clear,Normal,1.533,synthetic_virtual_ev
SIM_TRIP_0785,VIRTUAL_EV_001,30.0,70.7,14.41,14.2,63.8,172.5,0.12,26.2,Clear,Normal,3.149,synthetic_virtual_ev
SIM_TRIP_0786,VIRTUAL_EV_002,40.5,84.6,38.95,48.6,51.1,-105.5,0.186,26.9,Clear,Eco,5.393,synthetic_virtual_ev
SIM_TRIP_0787,VIRTUAL_EV_001,30.0,30.4,4.99,6.2,54.8,95.9,0.363,24.4,Clear,Normal,1.265,synthetic_virtual_ev
SIM_TRIP_0788,VIRTUAL_EV_002,40.5,82.1,2.12,2.9,48.3,32.4,0.311,39.9,Hot,Aggressive,0.604,synthetic_virtual_ev
SIM_TRIP_0789,VIRTUAL_EV_001,30.0,89.1,4.95,7.2,47.7,2.4,0.472,25.2,Rain,Eco,0.74,synthetic_virtual_ev
SIM_TRIP_0790,VIRTUAL_EV_001,30.0,64.4,45.54,58.7,52.5,-84.5,0.366,25.7,Clear,Eco,6.494,synthetic_virtual_ev
SIM_TRIP_0791,VIRTUAL_EV_001,30.0,68.4,21.43,27.0,53.0,37.0,0.32,35.1,Hot,Normal,3.812,synthetic_virtual_ev
SIM_TRIP_0792,VIRTUAL_EV_001,30.0,68.7,8.25,9.6,52.9,-103.7,0.071,26.9,Clear,Eco,0.912,synthetic_virtual_ev
SIM_TRIP_0793,VIRTUAL_EV_001,30.0,64.4,11.84,14.5,56.6,27.2,0.415,31.9,Clear,Normal,2.126,synthetic_virtual_ev
SIM_TRIP_0794,VIRTUAL_EV_001,30.0,54.7,27.0,29.5,59.6,143.5,0.212,20.3,Rain,Eco,4.606,synthetic_virtual_ev
SIM_TRIP_0795,VIRTUAL_EV_001,30.0,24.6,9.3,11.6,52.7,-14.1,0.264,25.9,Clear,Normal,1.413,synthetic_virtual_ev
SIM_TRIP_0796,VIRTUAL_EV_001,30.0,50.6,3.19,5.9,37.7,-51.4,0.662,20.5,Rain,Normal,0.377,synthetic_virtual_ev
SIM_TRIP_0797,VIRTUAL_EV_001,30.0,32.3,8.36,8.6,61.5,134.7,0.125,40.8,Hot,Aggressive,2.329,synthetic_virtual_ev
SIM_TRIP_0798,VIRTUAL_EV_001,30.0,39.5,15.54,14.9,66.7,-115.8,0.142,29.9,Clear,Eco,2.082,synthetic_virtual_ev
SIM_TRIP_0799,VIRTUAL_EV_001,30.0,46.4,8.65,12.2,49.7,167.0,0.515,27.4,Clear,Aggressive,2.404,synthetic_virtual_ev
SIM_TRIP_0800,VIRTUAL_EV_001,30.0,28.0,5.18,7.7,45.0,35.0,0.398,21.3,Rain,Normal,1.003,synthetic_virtual_ev
SIM_TRIP_0801,VIRTUAL_EV_001,30.0,51.9,17.68,16.5,66.7,-87.8,0.078,25.5,Clear,Normal,2.654,synthetic_virtual_ev
SIM_TRIP_0802,VIRTUAL_EV_001,30.0,86.2,10.16,11.3,57.8,168.0,0.186,32.0,Clear,Aggressive,2.707,synthetic_virtual_ev
SIM_TRIP_0803,VIRTUAL_EV_001,30.0,87.4,9.76,14.0,48.2,91.8,0.483,21.2,Rain,Normal,1.984,synthetic_virtual_ev
SIM_TRIP_0804,VIRTUAL_EV_001,30.0,45.3,11.13,18.0,43.6,51.8,0.607,38.8,Hot,Normal,2.271,synthetic_virtual_ev
SIM_TRIP_0805,VIRTUAL_EV_001,30.0,66.1,10.79,11.3,60.7,104.8,0.156,21.1,Rain,Normal,2.227,synthetic_virtual_ev
SIM_TRIP_0806,VIRTUAL_EV_001,30.0,81.2,51.09,72.6,46.7,146.0,0.339,33.2,Hot,Eco,8.638,synthetic_virtual_ev
SIM_TRIP_0807,VIRTUAL_EV_001,30.0,74.1,40.72,46.6,56.3,-104.8,0.196,26.4,Clear,Normal,6.17,synthetic_virtual_ev
SIM_TRIP_0808,VIRTUAL_EV_001,30.0,79.1,10.97,10.5,62.9,149.4,0.009,41.6,Hot,Normal,2.636,synthetic_virtual_ev
SIM_TRIP_0809,VIRTUAL_EV_001,30.0,51.8,29.49,34.9,53.5,-108.3,0.151,36.3,Hot,Aggressive,5.374,synthetic_virtual_ev
SIM_TRIP_0810,VIRTUAL_EV_001,30.0,21.8,13.14,25.0,37.0,166.4,0.703,38.2,Hot,Normal,3.203,synthetic_virtual_ev
SIM_TRIP_0811,VIRTUAL_EV_001,30.0,75.2,2.35,3.6,44.7,35.7,0.497,30.9,Clear,Eco,0.536,synthetic_virtual_ev
SIM_TRIP_0812,VIRTUAL_EV_001,30.0,66.0,30.09,64.7,32.3,-40.3,0.732,32.6,Clear,Normal,5.162,synthetic_virtual_ev
SIM_TRIP_0813,VIRTUAL_EV_002,40.5,52.3,9.41,10.1,59.8,111.3,0.165,32.6,Clear,Normal,2.197,synthetic_virtual_ev
SIM_TRIP_0814,VIRTUAL_EV_001,30.0,23.7,11.45,13.0,56.2,8.4,0.173,29.0,Clear,Eco,1.775,synthetic_virtual_ev
SIM_TRIP_0815,VIRTUAL_EV_001,30.0,72.2,6.51,7.5,57.1,-58.8,0.266,33.3,Hot,Normal,0.905,synthetic_virtual_ev
SIM_TRIP_0816,VIRTUAL_EV_001,30.0,64.5,42.19,40.4,65.9,129.8,0.118,25.5,Clear,Normal,7.126,synthetic_virtual_ev
SIM_TRIP_0817,VIRTUAL_EV_001,30.0,87.6,18.4,24.7,50.3,139.7,0.374,30.6,Clear,Normal,3.612,synthetic_virtual_ev
SIM_TRIP_0818,VIRTUAL_EV_002,40.5,36.3,4.72,7.5,43.4,94.1,0.498,33.0,Clear,Normal,1.279,synthetic_virtual_ev
SIM_TRIP_0819,VIRTUAL_EV_002,40.5,29.6,14.92,19.5,51.6,-50.7,0.362,30.4,Clear,Eco,2.116,synthetic_virtual_ev
SIM_TRIP_0820,VIRTUAL_EV_002,40.5,30.9,3.91,5.6,47.5,-57.2,0.408,31.9,Clear,Normal,0.465,synthetic_virtual_ev
SIM_TRIP_0821,VIRTUAL_EV_001,30.0,70.3,40.7,63.4,43.7,98.4,0.462,28.9,Clear,Eco,6.743,synthetic_virtual_ev
SIM_TRIP_0822,VIRTUAL_EV_001,30.0,65.7,4.36,6.0,48.2,-56.1,0.343,27.4,Clear,Normal,0.53,synthetic_virtual_ev
SIM_TRIP_0823,VIRTUAL_EV_001,30.0,69.1,14.92,19.9,50.9,16.9,0.39,27.0,Clear,Normal,2.496,synthetic_virtual_ev
SIM_TRIP_0824,VIRTUAL_EV_001,30.0,67.9,12.1,24.1,35.2,140.3,0.726,27.0,Clear,Eco,2.503,synthetic_virtual_ev
SIM_TRIP_0825,VIRTUAL_EV_002,40.5,83.1,5.49,9.0,41.8,99.6,0.519,34.0,Hot,Normal,1.472,synthetic_virtual_ev
SIM_TRIP_0826,VIRTUAL_EV_002,40.5,81.0,12.16,14.7,55.1,64.2,0.309,20.7,Rain,Eco,2.079,synthetic_virtual_ev
SIM_TRIP_0827,VIRTUAL_EV_001,30.0,46.4,58.49,99.4,42.5,-105.9,0.72,37.8,Hot,Normal,10.289,synthetic_virtual_ev
SIM_TRIP_0828,VIRTUAL_EV_001,30.0,71.9,24.05,25.5,57.9,-11.6,0.057,33.6,Clear,Aggressive,4.398,synthetic_virtual_ev
SIM_TRIP_0829,VIRTUAL_EV_001,30.0,51.8,29.52,36.6,54.8,66.5,0.364,23.7,Overcast,Normal,5.022,synthetic_virtual_ev
SIM_TRIP_0830,VIRTUAL_EV_001,30.0,70.3,32.33,42.9,51.9,57.0,0.431,22.6,Rain,Normal,5.369,synthetic_virtual_ev
SIM_TRIP_0831,VIRTUAL_EV_001,30.0,36.7,8.59,10.1,54.8,-106.6,0.207,21.4,Rain,Normal,1.049,synthetic_virtual_ev
SIM_TRIP_0832,VIRTUAL_EV_001,30.0,72.4,15.41,19.6,53.6,80.8,0.383,31.7,Clear,Normal,3.01,synthetic_virtual_ev
SIM_TRIP_0833,VIRTUAL_EV_001,30.0,45.5,5.77,10.0,40.8,-60.7,0.647,31.0,Clear,Normal,0.805,synthetic_virtual_ev
SIM_TRIP_0834,VIRTUAL_EV_002,40.5,55.0,64.9,88.4,51.7,115.3,0.504,38.4,Hot,Normal,12.032,synthetic_virtual_ev
SIM_TRIP_0835,VIRTUAL_EV_001,30.0,41.4,4.36,5.1,54.5,37.5,0.152,25.3,Clear,Eco,0.816,synthetic_virtual_ev
SIM_TRIP_0836,VIRTUAL_EV_001,30.0,21.2,57.87,105.0,38.6,-82.1,0.652,22.7,Rain,Normal,9.02,synthetic_virtual_ev
SIM_TRIP_0837,VIRTUAL_EV_001,30.0,86.9,6.15,5.6,67.5,-14.6,0.043,23.7,Rain,Eco,0.854,synthetic_virtual_ev
SIM_TRIP_0838,VIRTUAL_EV_001,30.0,36.3,9.92,15.0,44.4,57.5,0.395,29.1,Clear,Normal,1.863,synthetic_virtual_ev
SIM_TRIP_0839,VIRTUAL_EV_001,30.0,91.2,7.17,8.6,55.3,-110.1,0.298,32.0,Clear,Aggressive,1.051,synthetic_virtual_ev
SIM_TRIP_0840,VIRTUAL_EV_001,30.0,48.7,20.06,32.7,42.6,62.0,0.553,21.7,Rain,Normal,3.493,synthetic_virtual_ev
SIM_TRIP_0841,VIRTUAL_EV_002,40.5,89.0,14.81,33.4,31.8,105.4,0.925,38.7,Hot,Aggressive,3.716,synthetic_virtual_ev
SIM_TRIP_0842,VIRTUAL_EV_001,30.0,49.4,50.81,65.3,52.1,179.7,0.333,38.0,Hot,Aggressive,10.612,synthetic_virtual_ev
SIM_TRIP_0843,VIRTUAL_EV_001,30.0,60.5,5.12,6.0,57.0,13.0,0.296,30.3,Clear,Eco,0.861,synthetic_virtual_ev
SIM_TRIP_0844,VIRTUAL_EV_002,40.5,83.4,52.82,76.8,47.4,-87.2,0.471,34.1,Hot,Eco,8.031,synthetic_virtual_ev
SIM_TRIP_0845,VIRTUAL_EV_001,30.0,58.9,12.07,22.2,38.5,145.8,0.697,23.9,Overcast,Eco,2.507,synthetic_virtual_ev
SIM_TRIP_0846,VIRTUAL_EV_001,30.0,53.8,4.32,5.6,50.0,-11.3,0.24,25.9,Clear,Normal,0.638,synthetic_virtual_ev
SIM_TRIP_0847,VIRTUAL_EV_002,40.5,24.5,12.65,20.4,40.9,152.4,0.365,22.1,Rain,Normal,2.784,synthetic_virtual_ev
SIM_TRIP_0848,VIRTUAL_EV_001,30.0,91.7,13.62,18.6,50.8,-113.6,0.457,24.5,Clear,Eco,1.675,synthetic_virtual_ev
SIM_TRIP_0849,VIRTUAL_EV_001,30.0,87.8,6.48,9.4,47.2,39.6,0.458,30.3,Clear,Normal,1.24,synthetic_virtual_ev
SIM_TRIP_0850,VIRTUAL_EV_001,30.0,25.2,61.14,61.5,61.6,-77.9,0.08,31.0,Clear,Eco,9.151,synthetic_virtual_ev
SIM_TRIP_0851,VIRTUAL_EV_001,30.0,89.2,6.66,12.6,37.6,10.8,0.746,29.1,Clear,Aggressive,1.335,synthetic_virtual_ev
SIM_TRIP_0852,VIRTUAL_EV_002,40.5,26.5,50.26,55.1,58.4,-2.3,0.172,24.4,Clear,Eco,7.31,synthetic_virtual_ev
SIM_TRIP_0853,VIRTUAL_EV_002,40.5,44.3,59.31,61.5,60.0,-2.4,0.092,20.9,Rain,Normal,9.677,synthetic_virtual_ev
SIM_TRIP_0854,VIRTUAL_EV_001,30.0,49.0,13.25,15.7,53.6,-89.0,0.172,28.2,Clear,Normal,1.839,synthetic_virtual_ev
SIM_TRIP_0855,VIRTUAL_EV_001,30.0,54.1,11.55,14.2,53.4,94.7,0.274,21.8,Rain,Eco,2.156,synthetic_virtual_ev
SIM_TRIP_0856,VIRTUAL_EV_002,40.5,94.8,29.99,37.3,52.3,35.9,0.24,32.7,Clear,Normal,5.071,synthetic_virtual_ev
SIM_TRIP_0857,VIRTUAL_EV_002,40.5,82.0,34.22,38.7,58.7,42.6,0.275,33.5,Hot,Normal,6.011,synthetic_virtual_ev
SIM_TRIP_0858,VIRTUAL_EV_002,40.5,81.5,11.18,12.6,59.0,-95.7,0.28,39.2,Hot,Eco,1.562,synthetic_virtual_ev
SIM_TRIP_0859,VIRTUAL_EV_002,40.5,40.7,40.93,71.5,39.9,-5.8,0.609,29.5,Clear,Aggressive,7.867,synthetic_virtual_ev
SIM_TRIP_0860,VIRTUAL_EV_002,40.5,89.8,46.18,63.1,47.9,-5.2,0.282,25.7,Clear,Normal,6.929,synthetic_virtual_ev
SIM_TRIP_0861,VIRTUAL_EV_001,30.0,31.0,8.98,11.2,53.2,-21.8,0.293,39.5,Hot,Normal,1.501,synthetic_virtual_ev
SIM_TRIP_0862,VIRTUAL_EV_002,40.5,24.2,58.22,64.4,58.4,92.8,0.195,28.3,Clear,Normal,9.984,synthetic_virtual_ev
SIM_TRIP_0863,VIRTUAL_EV_001,30.0,36.7,8.63,10.3,55.5,84.9,0.294,23.0,Rain,Aggressive,1.994,synthetic_virtual_ev
SIM_TRIP_0864,VIRTUAL_EV_002,40.5,77.4,26.15,42.5,43.7,-94.4,0.629,40.6,Hot,Normal,4.553,synthetic_virtual_ev
SIM_TRIP_0865,VIRTUAL_EV_002,40.5,21.8,13.76,20.4,47.6,96.4,0.554,27.1,Clear,Normal,2.688,synthetic_virtual_ev
SIM_TRIP_0866,VIRTUAL_EV_001,30.0,32.7,3.86,4.5,55.1,39.4,0.216,26.8,Clear,Aggressive,0.892,synthetic_virtual_ev
SIM_TRIP_0867,VIRTUAL_EV_001,30.0,91.3,28.81,48.3,41.3,-53.7,0.556,29.5,Clear,Normal,4.634,synthetic_virtual_ev
SIM_TRIP_0868,VIRTUAL_EV_001,30.0,77.3,17.01,17.7,60.4,-24.1,0.12,25.5,Clear,Eco,2.445,synthetic_virtual_ev
SIM_TRIP_0869,VIRTUAL_EV_001,30.0,46.3,39.93,64.1,41.5,18.9,0.4,24.0,Rain,Eco,5.826,synthetic_virtual_ev
SIM_TRIP_0870,VIRTUAL_EV_001,30.0,47.2,4.35,4.4,62.8,-93.8,0.161,26.2,Clear,Normal,0.428,synthetic_virtual_ev
SIM_TRIP_0871,VIRTUAL_EV_001,30.0,58.6,46.02,60.7,50.8,156.5,0.345,22.6,Overcast,Normal,7.801,synthetic_virtual_ev
SIM_TRIP_0872,VIRTUAL_EV_002,40.5,57.7,10.05,8.4,72.9,176.9,0.031,33.4,Clear,Eco,2.533,synthetic_virtual_ev
SIM_TRIP_0873,VIRTUAL_EV_002,40.5,36.0,5.05,7.2,46.5,114.0,0.318,25.5,Clear,Aggressive,1.514,synthetic_virtual_ev
SIM_TRIP_0874,VIRTUAL_EV_002,40.5,51.7,31.15,34.4,58.4,109.1,0.192,25.9,Clear,Normal,5.564,synthetic_virtual_ev
SIM_TRIP_0875,VIRTUAL_EV_001,30.0,48.2,6.87,10.2,44.7,38.3,0.354,24.0,Rain,Eco,1.188,synthetic_virtual_ev
SIM_TRIP_0876,VIRTUAL_EV_001,30.0,64.4,54.06,89.1,42.3,-31.4,0.575,25.8,Overcast,Aggressive,9.807,synthetic_virtual_ev
SIM_TRIP_0877,VIRTUAL_EV_001,30.0,20.8,2.38,4.2,38.5,94.5,0.551,42.0,Hot,Normal,0.917,synthetic_virtual_ev
SIM_TRIP_0878,VIRTUAL_EV_001,30.0,21.4,7.38,7.8,57.9,123.0,0.068,22.6,Rain,Aggressive,1.889,synthetic_virtual_ev
SIM_TRIP_0879,VIRTUAL_EV_001,30.0,82.7,50.34,79.0,42.7,-82.3,0.412,34.3,Hot,Normal,8.251,synthetic_virtual_ev
SIM_TRIP_0880,VIRTUAL_EV_002,40.5,78.4,3.51,3.5,63.2,76.0,0.112,31.3,Clear,Eco,0.93,synthetic_virtual_ev
SIM_TRIP_0881,VIRTUAL_EV_002,40.5,55.5,47.3,67.1,46.6,-120.0,0.326,37.8,Hot,Eco,7.265,synthetic_virtual_ev
SIM_TRIP_0882,VIRTUAL_EV_001,30.0,81.6,60.95,69.4,57.1,53.1,0.22,26.3,Clear,Normal,9.854,synthetic_virtual_ev
SIM_TRIP_0883,VIRTUAL_EV_001,30.0,58.0,49.12,76.6,44.2,-88.9,0.506,26.6,Clear,Eco,6.951,synthetic_virtual_ev
SIM_TRIP_0884,VIRTUAL_EV_001,30.0,61.4,26.99,30.1,59.8,-7.4,0.28,31.1,Clear,Normal,4.407,synthetic_virtual_ev
SIM_TRIP_0885,VIRTUAL_EV_001,30.0,91.5,9.05,9.7,59.0,134.4,0.15,35.2,Hot,Aggressive,2.41,synthetic_virtual_ev
SIM_TRIP_0886,VIRTUAL_EV_001,30.0,49.3,6.9,10.2,46.6,-39.3,0.494,25.6,Rain,Normal,1.004,synthetic_virtual_ev
SIM_TRIP_0887,VIRTUAL_EV_001,30.0,90.5,4.54,6.4,50.9,62.2,0.554,33.9,Clear,Normal,1.093,synthetic_virtual_ev
SIM_TRIP_0888,VIRTUAL_EV_001,30.0,93.4,8.1,12.2,47.1,31.3,0.566,30.0,Clear,Eco,1.411,synthetic_virtual_ev
SIM_TRIP_0889,VIRTUAL_EV_001,30.0,85.3,33.29,41.3,54.1,155.8,0.327,41.6,Hot,Normal,6.621,synthetic_virtual_ev
SIM_TRIP_0890,VIRTUAL_EV_001,30.0,76.6,60.26,92.7,44.3,47.1,0.458,38.8,Hot,Normal,11.283,synthetic_virtual_ev
SIM_TRIP_0891,VIRTUAL_EV_001,30.0,93.8,53.9,51.9,65.6,-19.6,0.121,25.6,Rain,Normal,8.422,synthetic_virtual_ev
SIM_TRIP_0892,VIRTUAL_EV_002,40.5,52.9,10.67,10.9,61.6,4.6,0.122,37.3,Hot,Eco,1.715,synthetic_virtual_ev
SIM_TRIP_0893,VIRTUAL_EV_001,30.0,44.4,7.55,10.1,50.3,164.5,0.353,33.0,Hot,Eco,2.003,synthetic_virtual_ev
SIM_TRIP_0894,VIRTUAL_EV_002,40.5,44.4,11.12,16.9,44.9,-77.7,0.462,24.7,Clear,Eco,1.369,synthetic_virtual_ev
SIM_TRIP_0895,VIRTUAL_EV_001,30.0,33.6,10.52,16.4,43.7,103.4,0.467,25.9,Rain,Eco,2.041,synthetic_virtual_ev
SIM_TRIP_0896,VIRTUAL_EV_001,30.0,68.1,9.48,11.6,53.8,95.7,0.275,29.1,Clear,Aggressive,2.196,synthetic_virtual_ev
SIM_TRIP_0897,VIRTUAL_EV_001,30.0,48.7,26.81,34.6,51.2,-42.5,0.294,26.5,Clear,Eco,3.778,synthetic_virtual_ev
SIM_TRIP_0898,VIRTUAL_EV_001,30.0,49.9,5.84,6.0,60.0,74.7,0.06,33.7,Clear,Eco,1.252,synthetic_virtual_ev
SIM_TRIP_0899,VIRTUAL_EV_001,30.0,38.3,54.03,60.6,55.7,54.3,0.112,33.4,Clear,Aggressive,10.249,synthetic_virtual_ev
SIM_TRIP_0900,VIRTUAL_EV_001,30.0,83.8,7.28,7.3,66.5,-30.7,0.244,22.8,Overcast,Normal,1.096,synthetic_virtual_ev
SIM_TRIP_0901,VIRTUAL_EV_001,30.0,81.3,7.56,11.1,46.8,88.6,0.463,20.8,Rain,Normal,1.614,synthetic_virtual_ev
SIM_TRIP_0902,VIRTUAL_EV_001,30.0,23.9,2.2,2.4,57.5,93.1,0.127,33.0,Hot,Normal,0.828,synthetic_virtual_ev
SIM_TRIP_0903,VIRTUAL_EV_002,40.5,40.2,22.4,26.1,55.9,159.7,0.234,25.9,Clear,Normal,4.36,synthetic_virtual_ev
SIM_TRIP_0904,VIRTUAL_EV_001,30.0,31.0,25.78,32.4,52.8,-58.0,0.303,27.7,Overcast,Aggressive,4.427,synthetic_virtual_ev
SIM_TRIP_0905,VIRTUAL_EV_002,40.5,83.4,8.89,10.3,56.9,102.9,0.249,24.7,Clear,Eco,1.846,synthetic_virtual_ev
SIM_TRIP_0906,VIRTUAL_EV_001,30.0,58.7,4.04,9.4,30.4,158.9,0.878,33.3,Clear,Normal,1.501,synthetic_virtual_ev
SIM_TRIP_0907,VIRTUAL_EV_001,30.0,60.2,12.36,19.2,44.1,115.6,0.48,24.3,Rain,Eco,2.399,synthetic_virtual_ev
SIM_TRIP_0908,VIRTUAL_EV_001,30.0,86.0,4.09,5.1,51.5,-112.7,0.229,34.7,Hot,Normal,0.373,synthetic_virtual_ev
SIM_TRIP_0909,VIRTUAL_EV_001,30.0,49.7,24.0,25.8,62.6,-23.3,0.288,25.0,Clear,Normal,3.875,synthetic_virtual_ev
SIM_TRIP_0910,VIRTUAL_EV_002,40.5,54.0,56.36,75.4,54.4,-47.3,0.587,30.2,Clear,Normal,9.13,synthetic_virtual_ev
SIM_TRIP_0911,VIRTUAL_EV_002,40.5,91.6,13.56,19.3,48.1,160.3,0.435,35.1,Hot,Normal,3.177,synthetic_virtual_ev
SIM_TRIP_0912,VIRTUAL_EV_002,40.5,41.3,42.83,39.2,67.6,59.1,0.072,26.0,Clear,Aggressive,8.157,synthetic_virtual_ev
SIM_TRIP_0913,VIRTUAL_EV_001,30.0,55.5,64.61,88.4,48.4,128.7,0.323,27.2,Clear,Normal,10.803,synthetic_virtual_ev
SIM_TRIP_0914,VIRTUAL_EV_001,30.0,40.0,5.41,5.6,60.0,2.0,0.107,25.3,Clear,Aggressive,0.972,synthetic_virtual_ev
SIM_TRIP_0915,VIRTUAL_EV_002,40.5,31.2,54.59,91.6,41.7,-1.5,0.596,24.4,Rain,Normal,8.567,synthetic_virtual_ev
SIM_TRIP_0916,VIRTUAL_EV_002,40.5,22.6,10.71,16.7,46.0,153.4,0.641,32.1,Clear,Normal,2.671,synthetic_virtual_ev
SIM_TRIP_0917,VIRTUAL_EV_001,30.0,36.4,7.51,11.3,45.5,-4.3,0.452,32.0,Clear,Normal,1.231,synthetic_virtual_ev
SIM_TRIP_0918,VIRTUAL_EV_002,40.5,56.2,9.51,12.8,49.6,86.8,0.334,31.6,Clear,Normal,2.005,synthetic_virtual_ev
SIM_TRIP_0919,VIRTUAL_EV_001,30.0,35.3,37.16,47.0,53.7,-118.1,0.37,25.1,Clear,Normal,5.688,synthetic_virtual_ev
SIM_TRIP_0920,VIRTUAL_EV_001,30.0,29.6,11.05,11.9,58.7,67.3,0.127,20.6,Rain,Aggressive,2.364,synthetic_virtual_ev
SIM_TRIP_0921,VIRTUAL_EV_002,40.5,25.5,12.8,12.6,61.9,-28.6,0.046,26.8,Clear,Eco,1.77,synthetic_virtual_ev
SIM_TRIP_0922,VIRTUAL_EV_001,30.0,92.1,2.03,2.2,63.2,-115.1,0.277,32.6,Hot,Normal,0.05,synthetic_virtual_ev
SIM_TRIP_0923,VIRTUAL_EV_001,30.0,78.6,64.69,73.2,57.3,138.7,0.211,26.8,Clear,Normal,10.917,synthetic_virtual_ev
SIM_TRIP_0924,VIRTUAL_EV_001,30.0,71.8,11.89,13.0,58.9,3.5,0.195,20.3,Rain,Normal,1.85,synthetic_virtual_ev
SIM_TRIP_0925,VIRTUAL_EV_001,30.0,75.9,32.06,33.7,58.6,43.1,0.066,28.2,Clear,Aggressive,6.119,synthetic_virtual_ev
SIM_TRIP_0926,VIRTUAL_EV_001,30.0,67.2,9.03,10.6,53.9,76.2,0.146,27.6,Overcast,Normal,1.82,synthetic_virtual_ev
SIM_TRIP_0927,VIRTUAL_EV_001,30.0,58.6,14.1,19.8,48.6,1.2,0.433,27.0,Clear,Eco,2.076,synthetic_virtual_ev
SIM_TRIP_0928,VIRTUAL_EV_002,40.5,31.3,5.23,6.1,57.4,146.1,0.31,36.0,Hot,Normal,1.696,synthetic_virtual_ev
SIM_TRIP_0929,VIRTUAL_EV_001,30.0,35.4,22.66,24.9,58.9,-81.3,0.202,21.1,Rain,Normal,3.275,synthetic_virtual_ev
SIM_TRIP_0930,VIRTUAL_EV_001,30.0,46.5,14.47,19.4,52.5,-97.1,0.492,23.0,Overcast,Normal,2.031,synthetic_virtual_ev
SIM_TRIP_0931,VIRTUAL_EV_001,30.0,93.4,6.61,11.4,40.8,40.1,0.636,25.2,Rain,Normal,1.254,synthetic_virtual_ev
SIM_TRIP_0932,VIRTUAL_EV_001,30.0,51.5,13.6,12.8,65.5,160.9,0.063,26.4,Overcast,Normal,2.94,synthetic_virtual_ev
SIM_TRIP_0933,VIRTUAL_EV_001,30.0,58.8,10.68,24.3,29.5,17.1,0.615,29.8,Clear,Normal,1.934,synthetic_virtual_ev
SIM_TRIP_0934,VIRTUAL_EV_001,30.0,69.0,25.34,33.3,51.1,-30.4,0.35,34.4,Hot,Eco,3.907,synthetic_virtual_ev
SIM_TRIP_0935,VIRTUAL_EV_002,40.5,37.2,21.95,28.4,51.4,-11.6,0.314,28.1,Clear,Normal,3.493,synthetic_virtual_ev
SIM_TRIP_0936,VIRTUAL_EV_001,30.0,45.4,8.64,13.0,45.2,66.0,0.441,28.3,Clear,Normal,1.738,synthetic_virtual_ev
SIM_TRIP_0937,VIRTUAL_EV_001,30.0,93.3,9.34,13.8,46.8,76.5,0.5,34.0,Clear,Normal,2.021,synthetic_virtual_ev
SIM_TRIP_0938,VIRTUAL_EV_001,30.0,39.3,4.96,6.2,54.2,163.0,0.35,38.6,Hot,Normal,1.66,synthetic_virtual_ev
SIM_TRIP_0939,VIRTUAL_EV_001,30.0,43.8,10.86,13.8,53.6,-61.0,0.376,33.8,Hot,Eco,1.537,synthetic_virtual_ev
SIM_TRIP_0940,VIRTUAL_EV_002,40.5,93.8,44.51,66.6,45.4,25.9,0.435,24.7,Clear,Aggressive,8.095,synthetic_virtual_ev
SIM_TRIP_0941,VIRTUAL_EV_001,30.0,85.0,17.07,22.3,51.9,64.4,0.374,24.6,Clear,Eco,2.715,synthetic_virtual_ev
SIM_TRIP_0942,VIRTUAL_EV_001,30.0,86.7,51.82,53.2,60.8,-29.9,0.099,21.3,Rain,Aggressive,9.04,synthetic_virtual_ev
SIM_TRIP_0943,VIRTUAL_EV_001,30.0,38.1,5.92,8.1,49.6,-58.3,0.384,20.2,Rain,Normal,0.753,synthetic_virtual_ev
SIM_TRIP_0944,VIRTUAL_EV_002,40.5,84.8,7.86,10.2,50.4,118.0,0.274,30.6,Clear,Eco,1.849,synthetic_virtual_ev
SIM_TRIP_0945,VIRTUAL_EV_002,40.5,27.9,13.9,14.2,59.9,-97.5,0.051,30.1,Clear,Eco,1.735,synthetic_virtual_ev
SIM_TRIP_0946,VIRTUAL_EV_001,30.0,65.5,4.57,5.6,54.4,-46.9,0.298,31.4,Clear,Aggressive,0.726,synthetic_virtual_ev
SIM_TRIP_0947,VIRTUAL_EV_001,30.0,79.3,41.33,40.7,63.5,-15.5,0.099,33.7,Clear,Normal,6.97,synthetic_virtual_ev
SIM_TRIP_0948,VIRTUAL_EV_002,40.5,57.4,5.92,9.0,44.6,-82.0,0.426,31.8,Clear,Normal,0.744,synthetic_virtual_ev
SIM_TRIP_0949,VIRTUAL_EV_001,30.0,51.0,33.5,48.5,48.3,29.9,0.513,29.7,Clear,Normal,5.743,synthetic_virtual_ev
SIM_TRIP_0950,VIRTUAL_EV_001,30.0,70.8,4.71,5.9,54.1,57.8,0.372,26.5,Clear,Normal,1.056,synthetic_virtual_ev
SIM_TRIP_0951,VIRTUAL_EV_001,30.0,76.7,32.49,42.9,51.0,177.6,0.358,25.5,Clear,Eco,5.662,synthetic_virtual_ev
SIM_TRIP_0952,VIRTUAL_EV_002,40.5,81.8,10.05,13.8,48.7,-50.4,0.355,28.3,Clear,Normal,1.456,synthetic_virtual_ev
SIM_TRIP_0953,VIRTUAL_EV_001,30.0,30.1,28.59,44.3,43.2,-89.2,0.399,27.7,Clear,Aggressive,5.021,synthetic_virtual_ev
SIM_TRIP_0954,VIRTUAL_EV_001,30.0,65.7,42.07,76.0,39.7,-97.6,0.74,25.0,Clear,Eco,6.082,synthetic_virtual_ev
SIM_TRIP_0955,VIRTUAL_EV_002,40.5,62.9,11.72,16.5,46.5,-30.9,0.294,33.0,Clear,Aggressive,2.073,synthetic_virtual_ev
SIM_TRIP_0956,VIRTUAL_EV_001,30.0,31.6,18.04,21.1,55.4,-99.5,0.216,22.7,Overcast,Aggressive,2.924,synthetic_virtual_ev
SIM_TRIP_0957,VIRTUAL_EV_001,30.0,70.1,36.11,55.8,45.3,128.7,0.555,32.7,Clear,Eco,6.424,synthetic_virtual_ev
SIM_TRIP_0958,VIRTUAL_EV_002,40.5,84.3,6.82,9.8,48.2,35.5,0.471,38.4,Hot,Normal,1.399,synthetic_virtual_ev
SIM_TRIP_0959,VIRTUAL_EV_001,30.0,68.2,12.35,13.7,57.1,-53.2,0.15,32.2,Clear,Normal,1.846,synthetic_virtual_ev
SIM_TRIP_0960,VIRTUAL_EV_001,30.0,20.9,34.77,30.3,70.6,-117.3,0.051,24.9,Overcast,Normal,5.248,synthetic_virtual_ev
SIM_TRIP_0961,VIRTUAL_EV_001,30.0,61.4,64.62,63.2,64.2,162.9,0.11,24.3,Rain,Eco,10.369,synthetic_virtual_ev
SIM_TRIP_0962,VIRTUAL_EV_002,40.5,36.1,5.39,5.6,60.7,67.0,0.137,25.3,Clear,Aggressive,1.336,synthetic_virtual_ev
SIM_TRIP_0963,VIRTUAL_EV_001,30.0,54.4,28.29,37.5,49.5,63.0,0.283,27.3,Clear,Eco,4.465,synthetic_virtual_ev
SIM_TRIP_0964,VIRTUAL_EV_002,40.5,50.9,30.21,47.3,45.5,45.1,0.614,25.8,Overcast,Normal,5.003,synthetic_virtual_ev
SIM_TRIP_0965,VIRTUAL_EV_001,30.0,44.8,2.84,5.3,37.3,-2.1,0.62,24.3,Clear,Eco,0.417,synthetic_virtual_ev
SIM_TRIP_0966,VIRTUAL_EV_001,30.0,71.6,4.85,7.0,46.6,-91.4,0.414,25.6,Clear,Eco,0.454,synthetic_virtual_ev
SIM_TRIP_0967,VIRTUAL_EV_001,30.0,78.0,8.04,12.3,45.1,72.4,0.486,26.0,Clear,Aggressive,1.819,synthetic_virtual_ev
SIM_TRIP_0968,VIRTUAL_EV_001,30.0,26.6,5.09,5.0,61.9,64.7,0.055,40.5,Hot,Normal,1.187,synthetic_virtual_ev
SIM_TRIP_0969,VIRTUAL_EV_001,30.0,76.8,55.4,66.8,58.2,46.0,0.436,33.5,Clear,Normal,9.707,synthetic_virtual_ev
SIM_TRIP_0970,VIRTUAL_EV_002,40.5,53.2,9.5,16.1,41.9,16.8,0.652,25.3,Rain,Normal,1.62,synthetic_virtual_ev
SIM_TRIP_0971,VIRTUAL_EV_001,30.0,43.4,46.09,50.8,61.6,10.2,0.318,27.4,Clear,Normal,7.718,synthetic_virtual_ev
SIM_TRIP_0972,VIRTUAL_EV_001,30.0,64.6,14.82,19.6,51.0,12.0,0.365,32.4,Clear,Normal,2.495,synthetic_virtual_ev
SIM_TRIP_0973,VIRTUAL_EV_001,30.0,67.8,10.27,17.6,40.4,58.1,0.561,25.7,Clear,Eco,1.799,synthetic_virtual_ev
SIM_TRIP_0974,VIRTUAL_EV_001,30.0,43.1,63.13,77.4,54.8,-41.2,0.326,38.9,Hot,Eco,10.078,synthetic_virtual_ev
SIM_TRIP_0975,VIRTUAL_EV_002,40.5,88.3,13.0,18.0,48.4,8.2,0.363,35.4,Hot,Eco,2.057,synthetic_virtual_ev
SIM_TRIP_0976,VIRTUAL_EV_001,30.0,79.2,33.6,31.8,66.8,108.4,0.118,20.7,Rain,Normal,6.05,synthetic_virtual_ev
SIM_TRIP_0977,VIRTUAL_EV_002,40.5,38.4,8.33,7.7,69.6,15.7,0.156,25.9,Clear,Normal,1.468,synthetic_virtual_ev
SIM_TRIP_0978,VIRTUAL_EV_001,30.0,53.0,3.62,4.5,53.5,37.5,0.297,33.4,Hot,Normal,0.785,synthetic_virtual_ev
SIM_TRIP_0979,VIRTUAL_EV_001,30.0,40.4,31.23,34.7,57.6,88.8,0.171,28.8,Clear,Normal,5.479,synthetic_virtual_ev
SIM_TRIP_0980,VIRTUAL_EV_002,40.5,86.9,38.95,78.6,34.2,74.3,0.659,35.9,Hot,Eco,7.006,synthetic_virtual_ev
SIM_TRIP_0981,VIRTUAL_EV_001,30.0,90.2,7.84,9.4,56.4,-20.6,0.347,30.7,Clear,Normal,1.225,synthetic_virtual_ev
SIM_TRIP_0982,VIRTUAL_EV_002,40.5,58.0,14.95,16.1,60.8,54.7,0.226,22.4,Rain,Normal,2.712,synthetic_virtual_ev
SIM_TRIP_0983,VIRTUAL_EV_002,40.5,51.1,31.35,35.8,56.1,164.3,0.181,39.7,Hot,Normal,6.413,synthetic_virtual_ev
SIM_TRIP_0984,VIRTUAL_EV_002,40.5,79.1,56.67,62.1,60.2,142.8,0.246,21.4,Rain,Aggressive,10.949,synthetic_virtual_ev
SIM_TRIP_0985,VIRTUAL_EV_002,40.5,91.9,11.06,16.1,46.4,-41.7,0.406,40.2,Hot,Eco,1.743,synthetic_virtual_ev
SIM_TRIP_0986,VIRTUAL_EV_002,40.5,88.2,5.48,9.3,41.0,97.7,0.593,41.8,Hot,Aggressive,1.676,synthetic_virtual_ev
SIM_TRIP_0987,VIRTUAL_EV_001,30.0,47.2,5.18,7.6,45.7,-108.2,0.405,21.5,Rain,Normal,0.528,synthetic_virtual_ev
SIM_TRIP_0988,VIRTUAL_EV_002,40.5,93.4,46.69,46.1,62.9,-9.9,0.082,31.9,Clear,Aggressive,8.892,synthetic_virtual_ev
SIM_TRIP_0989,VIRTUAL_EV_001,30.0,38.7,33.97,55.0,43.5,-48.4,0.597,29.2,Clear,Normal,5.38,synthetic_virtual_ev
SIM_TRIP_0990,VIRTUAL_EV_001,30.0,71.5,30.24,52.9,40.6,177.9,0.675,29.5,Clear,Aggressive,6.569,synthetic_virtual_ev
SIM_TRIP_0991,VIRTUAL_EV_001,30.0,23.5,12.87,17.3,52.8,-74.1,0.517,36.0,Hot,Aggressive,2.366,synthetic_virtual_ev
SIM_TRIP_0992,VIRTUAL_EV_002,40.5,48.6,9.78,10.2,59.6,18.4,0.078,38.5,Hot,Aggressive,1.998,synthetic_virtual_ev
SIM_TRIP_0993,VIRTUAL_EV_001,30.0,46.6,9.53,10.6,59.9,29.1,0.279,27.4,Clear,Normal,1.719,synthetic_virtual_ev
SIM_TRIP_0994,VIRTUAL_EV_001,30.0,63.1,47.78,61.2,53.3,151.9,0.389,31.9,Clear,Eco,8.186,synthetic_virtual_ev
SIM_TRIP_0995,VIRTUAL_EV_002,40.5,44.1,26.11,42.0,42.8,137.6,0.512,41.7,Hot,Normal,5.581,synthetic_virtual_ev
SIM_TRIP_0996,VIRTUAL_EV_001,30.0,40.5,5.66,9.3,43.3,139.5,0.628,23.8,Rain,Normal,1.609,synthetic_virtual_ev
SIM_TRIP_0997,VIRTUAL_EV_002,40.5,62.7,39.05,51.6,50.2,50.6,0.317,23.5,Overcast,Normal,6.301,synthetic_virtual_ev
SIM_TRIP_0998,VIRTUAL_EV_001,30.0,88.5,55.16,52.7,66.0,101.8,0.116,33.1,Clear,Normal,9.674,synthetic_virtual_ev
SIM_TRIP_0999,VIRTUAL_EV_001,30.0,66.8,50.08,64.1,52.2,64.8,0.326,29.5,Clear,Eco,7.774,synthetic_virtual_ev
SIM_TRIP_1000,VIRTUAL_EV_001,30.0,56.7,12.63,12.8,60.9,-21.9,0.077,28.9,Clear,Normal,1.992,synthetic_virtual_ev
SIM_TRIP_1001,VIRTUAL_EV_001,30.0,82.7,12.3,17.5,49.3,41.6,0.521,41.0,Hot,Normal,2.45,synthetic_virtual_ev
SIM_TRIP_1002,VIRTUAL_EV_002,40.5,74.6,20.69,20.8,62.0,-22.8,0.098,22.3,Overcast,Normal,3.221,synthetic_virtual_ev
SIM_TRIP_1003,VIRTUAL_EV_002,40.5,69.7,15.68,24.4,45.8,112.5,0.62,32.5,Clear,Normal,3.117,synthetic_virtual_ev
SIM_TRIP_1004,VIRTUAL_EV_002,40.5,36.4,25.09,25.9,61.2,125.9,0.131,33.4,Clear,Eco,4.628,synthetic_virtual_ev
SIM_TRIP_1005,VIRTUAL_EV_001,30.0,65.7,7.34,10.6,48.8,-119.3,0.529,31.4,Clear,Eco,0.843,synthetic_virtual_ev
SIM_TRIP_1006,VIRTUAL_EV_001,30.0,83.1,9.95,12.8,52.9,154.2,0.371,30.9,Clear,Eco,2.263,synthetic_virtual_ev
SIM_TRIP_1007,VIRTUAL_EV_002,40.5,94.7,11.32,15.5,49.5,-73.0,0.395,30.4,Clear,Normal,1.651,synthetic_virtual_ev
SIM_TRIP_1008,VIRTUAL_EV_001,30.0,45.5,13.48,14.0,63.7,48.3,0.245,25.2,Rain,Normal,2.386,synthetic_virtual_ev
SIM_TRIP_1009,VIRTUAL_EV_001,30.0,67.0,14.1,18.2,51.6,24.8,0.321,33.9,Clear,Normal,2.459,synthetic_virtual_ev
SIM_TRIP_1010,VIRTUAL_EV_001,30.0,66.2,46.06,49.2,56.8,-66.4,0.029,24.1,Rain,Normal,7.044,synthetic_virtual_ev
SIM_TRIP_1011,VIRTUAL_EV_001,30.0,37.5,18.87,21.5,55.4,-29.4,0.146,25.2,Clear,Eco,2.638,synthetic_virtual_ev
SIM_TRIP_1012,VIRTUAL_EV_001,30.0,45.6,2.14,2.6,56.1,112.9,0.314,27.2,Overcast,Aggressive,0.948,synthetic_virtual_ev
SIM_TRIP_1013,VIRTUAL_EV_002,40.5,29.5,4.07,4.9,55.8,151.7,0.294,25.4,Overcast,Eco,1.408,synthetic_virtual_ev
SIM_TRIP_1014,VIRTUAL_EV_001,30.0,89.4,4.19,6.4,43.4,-89.8,0.384,30.2,Clear,Normal,0.443,synthetic_virtual_ev
SIM_TRIP_1015,VIRTUAL_EV_001,30.0,60.1,6.34,9.0,48.8,-80.3,0.465,36.2,Hot,Eco,0.793,synthetic_virtual_ev
SIM_TRIP_1016,VIRTUAL_EV_001,30.0,29.4,13.67,20.5,45.1,-119.6,0.428,27.3,Overcast,Normal,1.89,synthetic_virtual_ev
SIM_TRIP_1017,VIRTUAL_EV_002,40.5,26.3,13.15,20.2,43.7,12.7,0.413,26.1,Clear,Normal,2.093,synthetic_virtual_ev
SIM_TRIP_1018,VIRTUAL_EV_001,30.0,49.9,31.94,35.5,60.8,92.3,0.309,40.8,Hot,Normal,5.942,synthetic_virtual_ev
SIM_TRIP_1019,VIRTUAL_EV_001,30.0,29.4,9.99,9.8,62.9,51.5,0.08,38.9,Hot,Normal,1.919,synthetic_virtual_ev
SIM_TRIP_1020,VIRTUAL_EV_001,30.0,39.8,9.44,10.5,57.6,-59.9,0.185,38.1,Hot,Normal,1.462,synthetic_virtual_ev
SIM_TRIP_1021,VIRTUAL_EV_002,40.5,44.5,3.84,5.7,46.4,82.4,0.471,32.0,Clear,Eco,1.065,synthetic_virtual_ev
SIM_TRIP_1022,VIRTUAL_EV_001,30.0,57.6,23.42,32.6,48.6,72.4,0.397,24.9,Clear,Aggressive,4.416,synthetic_virtual_ev
SIM_TRIP_1023,VIRTUAL_EV_001,30.0,55.5,20.15,34.1,41.5,157.2,0.621,25.4,Rain,Aggressive,4.52,synthetic_virtual_ev
SIM_TRIP_1024,VIRTUAL_EV_002,40.5,68.4,42.62,59.3,47.9,120.3,0.348,20.3,Rain,Normal,7.193,synthetic_virtual_ev
SIM_TRIP_1025,VIRTUAL_EV_001,30.0,90.9,25.9,34.9,51.3,175.4,0.447,25.0,Clear,Eco,4.585,synthetic_virtual_ev
SIM_TRIP_1026,VIRTUAL_EV_002,40.5,79.4,45.02,56.6,52.0,-103.9,0.261,29.5,Clear,Aggressive,7.908,synthetic_virtual_ev
SIM_TRIP_1027,VIRTUAL_EV_002,40.5,66.0,16.58,29.5,38.4,38.3,0.539,27.0,Clear,Aggressive,3.243,synthetic_virtual_ev
SIM_TRIP_1028,VIRTUAL_EV_001,30.0,40.2,63.98,58.6,67.2,-36.9,0.056,26.3,Clear,Normal,10.148,synthetic_virtual_ev
SIM_TRIP_1029,VIRTUAL_EV_001,30.0,55.3,54.43,74.8,49.3,154.6,0.392,34.9,Hot,Normal,9.967,synthetic_virtual_ev
SIM_TRIP_1030,VIRTUAL_EV_001,30.0,34.9,8.8,8.8,64.1,39.4,0.168,40.7,Hot,Normal,1.784,synthetic_virtual_ev
SIM_TRIP_1031,VIRTUAL_EV_002,40.5,20.9,6.45,6.1,65.7,36.8,0.094,32.5,Hot,Normal,1.246,synthetic_virtual_ev
SIM_TRIP_1032,VIRTUAL_EV_001,30.0,94.0,11.9,22.5,37.1,73.6,0.68,36.7,Hot,Normal,2.613,synthetic_virtual_ev
SIM_TRIP_1033,VIRTUAL_EV_001,30.0,43.8,47.12,65.1,49.2,75.4,0.403,39.2,Hot,Normal,8.536,synthetic_virtual_ev
SIM_TRIP_1034,VIRTUAL_EV_001,30.0,52.7,19.09,30.6,43.9,33.7,0.592,24.0,Overcast,Eco,2.961,synthetic_virtual_ev
SIM_TRIP_1035,VIRTUAL_EV_001,30.0,24.1,20.68,28.5,48.5,96.1,0.358,21.2,Rain,Eco,3.445,synthetic_virtual_ev
SIM_TRIP_1036,VIRTUAL_EV_001,30.0,84.8,61.76,58.6,64.3,-94.5,0.04,33.2,Clear,Normal,10.116,synthetic_virtual_ev
SIM_TRIP_1037,VIRTUAL_EV_001,30.0,78.4,24.07,34.4,49.0,-112.0,0.507,23.3,Rain,Aggressive,3.963,synthetic_virtual_ev
SIM_TRIP_1038,VIRTUAL_EV_001,30.0,59.8,23.97,35.1,46.7,-19.9,0.451,23.1,Overcast,Normal,3.699,synthetic_virtual_ev
SIM_TRIP_1039,VIRTUAL_EV_001,30.0,74.2,23.18,26.1,57.1,102.4,0.185,20.7,Rain,Normal,4.091,synthetic_virtual_ev
SIM_TRIP_1040,VIRTUAL_EV_001,30.0,76.0,6.53,8.6,51.8,19.5,0.409,23.0,Rain,Normal,1.107,synthetic_virtual_ev
SIM_TRIP_1041,VIRTUAL_EV_002,40.5,34.3,6.74,7.8,56.1,40.6,0.237,26.8,Overcast,Aggressive,1.451,synthetic_virtual_ev
SIM_TRIP_1042,VIRTUAL_EV_001,30.0,35.3,18.81,23.2,55.3,-94.3,0.366,27.2,Clear,Normal,2.777,synthetic_virtual_ev
SIM_TRIP_1043,VIRTUAL_EV_001,30.0,88.9,9.24,8.9,66.0,47.4,0.122,24.9,Rain,Normal,1.713,synthetic_virtual_ev
SIM_TRIP_1044,VIRTUAL_EV_002,40.5,86.6,35.72,48.4,49.2,-99.2,0.338,20.7,Rain,Normal,5.393,synthetic_virtual_ev
SIM_TRIP_1045,VIRTUAL_EV_001,30.0,58.8,9.5,17.8,38.0,162.8,0.724,23.6,Overcast,Eco,2.231,synthetic_virtual_ev
SIM_TRIP_1046,VIRTUAL_EV_001,30.0,23.3,6.94,9.6,49.6,49.5,0.442,24.6,Rain,Aggressive,1.509,synthetic_virtual_ev
SIM_TRIP_1047,VIRTUAL_EV_001,30.0,87.1,9.71,11.2,57.4,-69.7,0.258,20.3,Rain,Normal,1.372,synthetic_virtual_ev
SIM_TRIP_1048,VIRTUAL_EV_001,30.0,38.5,9.77,10.4,57.6,22.4,0.063,34.8,Hot,Normal,1.685,synthetic_virtual_ev
SIM_TRIP_1049,VIRTUAL_EV_001,30.0,43.1,3.97,4.4,59.8,52.9,0.248,24.0,Clear,Eco,0.832,synthetic_virtual_ev
SIM_TRIP_1050,VIRTUAL_EV_001,30.0,89.2,3.29,3.6,59.8,126.2,0.199,31.6,Clear,Normal,1.199,synthetic_virtual_ev
SIM_TRIP_1051,VIRTUAL_EV_001,30.0,94.7,4.23,4.6,59.9,0.8,0.189,32.7,Clear,Aggressive,0.812,synthetic_virtual_ev
SIM_TRIP_1052,VIRTUAL_EV_001,30.0,46.1,47.61,53.2,56.8,-53.2,0.155,30.4,Clear,Eco,6.946,synthetic_virtual_ev
SIM_TRIP_1053,VIRTUAL_EV_001,30.0,81.3,8.15,11.5,50.0,4.4,0.542,26.4,Clear,Normal,1.335,synthetic_virtual_ev
SIM_TRIP_1054,VIRTUAL_EV_001,30.0,82.3,13.73,15.5,57.9,-66.5,0.227,20.3,Rain,Eco,1.798,synthetic_virtual_ev
SIM_TRIP_1055,VIRTUAL_EV_001,30.0,21.0,12.56,13.8,58.9,-23.7,0.202,39.1,Hot,Normal,2.11,synthetic_virtual_ev
SIM_TRIP_1056,VIRTUAL_EV_001,30.0,37.6,2.72,4.0,45.3,93.5,0.403,24.4,Rain,Aggressive,0.959,synthetic_virtual_ev
SIM_TRIP_1057,VIRTUAL_EV_002,40.5,26.7,33.1,35.1,61.3,127.6,0.201,38.1,Hot,Normal,6.613,synthetic_virtual_ev
SIM_TRIP_1058,VIRTUAL_EV_001,30.0,55.6,60.52,70.9,57.0,137.1,0.297,27.5,Clear,Eco,9.892,synthetic_virtual_ev
SIM_TRIP_1059,VIRTUAL_EV_001,30.0,42.7,39.67,48.1,53.4,115.9,0.22,33.5,Clear,Eco,6.578,synthetic_virtual_ev
SIM_TRIP_1060,VIRTUAL_EV_002,40.5,48.5,16.58,22.8,49.5,19.9,0.413,41.0,Hot,Normal,3.077,synthetic_virtual_ev
SIM_TRIP_1061,VIRTUAL_EV_001,30.0,86.4,4.31,4.6,58.2,126.7,0.071,32.1,Hot,Eco,1.3,synthetic_virtual_ev
SIM_TRIP_1062,VIRTUAL_EV_001,30.0,63.7,19.68,27.5,51.1,140.9,0.564,41.8,Hot,Normal,4.241,synthetic_virtual_ev
SIM_TRIP_1063,VIRTUAL_EV_002,40.5,86.0,5.8,8.9,45.4,16.1,0.539,21.1,Rain,Aggressive,1.129,synthetic_virtual_ev
SIM_TRIP_1064,VIRTUAL_EV_002,40.5,33.0,43.53,77.4,40.2,108.1,0.711,24.3,Rain,Normal,7.674,synthetic_virtual_ev
SIM_TRIP_1065,VIRTUAL_EV_002,40.5,31.0,24.17,32.3,52.7,62.2,0.497,30.4,Clear,Normal,4.297,synthetic_virtual_ev
SIM_TRIP_1066,VIRTUAL_EV_001,30.0,67.5,11.67,12.8,56.9,-9.8,0.106,30.5,Clear,Eco,1.665,synthetic_virtual_ev
SIM_TRIP_1067,VIRTUAL_EV_002,40.5,22.5,2.85,3.9,47.7,49.9,0.299,28.2,Clear,Aggressive,0.794,synthetic_virtual_ev
SIM_TRIP_1068,VIRTUAL_EV_001,30.0,33.1,12.22,15.9,51.8,3.7,0.353,37.0,Hot,Eco,2.003,synthetic_virtual_ev
SIM_TRIP_1069,VIRTUAL_EV_002,40.5,23.5,6.7,7.4,57.0,-55.7,0.13,27.8,Overcast,Eco,0.835,synthetic_virtual_ev
SIM_TRIP_1070,VIRTUAL_EV_002,40.5,43.9,10.18,12.4,52.9,75.1,0.205,26.5,Clear,Eco,1.833,synthetic_virtual_ev
SIM_TRIP_1071,VIRTUAL_EV_001,30.0,50.1,34.09,45.3,52.1,120.7,0.441,32.9,Clear,Aggressive,7.05,synthetic_virtual_ev
SIM_TRIP_1072,VIRTUAL_EV_001,30.0,93.3,2.51,4.5,39.2,105.5,0.623,25.8,Clear,Aggressive,0.965,synthetic_virtual_ev
SIM_TRIP_1073,VIRTUAL_EV_001,30.0,31.3,3.28,5.8,39.1,105.0,0.586,24.7,Rain,Normal,1.043,synthetic_virtual_ev
SIM_TRIP_1074,VIRTUAL_EV_001,30.0,66.6,28.72,31.9,58.9,30.3,0.234,31.7,Clear,Normal,4.924,synthetic_virtual_ev
SIM_TRIP_1075,VIRTUAL_EV_001,30.0,43.5,21.59,27.5,53.6,66.9,0.387,40.8,Hot,Normal,4.134,synthetic_virtual_ev
SIM_TRIP_1076,VIRTUAL_EV_001,30.0,65.3,19.51,20.8,59.4,-73.9,0.142,41.6,Hot,Aggressive,3.705,synthetic_virtual_ev
SIM_TRIP_1077,VIRTUAL_EV_001,30.0,73.4,4.57,10.0,31.5,-87.0,0.727,33.4,Clear,Eco,0.528,synthetic_virtual_ev
SIM_TRIP_1078,VIRTUAL_EV_001,30.0,43.9,18.35,19.3,59.0,-82.9,0.082,25.3,Rain,Normal,2.649,synthetic_virtual_ev
SIM_TRIP_1079,VIRTUAL_EV_002,40.5,35.9,14.17,13.5,64.3,-63.5,0.057,36.1,Hot,Eco,2.086,synthetic_virtual_ev
SIM_TRIP_1080,VIRTUAL_EV_001,30.0,25.9,21.14,35.2,41.9,-33.5,0.587,34.5,Hot,Eco,3.394,synthetic_virtual_ev
SIM_TRIP_1081,VIRTUAL_EV_002,40.5,47.3,35.79,42.8,54.2,-97.1,0.225,32.6,Hot,Normal,5.662,synthetic_virtual_ev
SIM_TRIP_1082,VIRTUAL_EV_001,30.0,40.7,9.51,12.4,54.0,-58.5,0.473,38.8,Hot,Normal,1.522,synthetic_virtual_ev
SIM_TRIP_1083,VIRTUAL_EV_001,30.0,35.7,42.32,55.3,51.9,53.7,0.376,25.8,Rain,Eco,6.462,synthetic_virtual_ev
SIM_TRIP_1084,VIRTUAL_EV_001,30.0,27.2,2.07,3.2,45.5,149.2,0.624,34.9,Hot,Normal,1.113,synthetic_virtual_ev
SIM_TRIP_1085,VIRTUAL_EV_001,30.0,42.3,13.38,17.3,52.4,-37.3,0.375,24.0,Overcast,Eco,1.846,synthetic_virtual_ev
SIM_TRIP_1086,VIRTUAL_EV_002,40.5,27.9,4.9,6.3,54.2,157.9,0.436,20.7,Rain,Eco,1.537,synthetic_virtual_ev
SIM_TRIP_1087,VIRTUAL_EV_001,30.0,92.1,5.8,10.8,36.6,-76.2,0.536,30.9,Clear,Normal,0.785,synthetic_virtual_ev
SIM_TRIP_1088,VIRTUAL_EV_001,30.0,79.7,27.14,27.9,60.0,-115.5,0.072,32.3,Clear,Eco,3.801,synthetic_virtual_ev
SIM_TRIP_1089,VIRTUAL_EV_001,30.0,86.0,16.8,31.1,37.5,31.5,0.627,38.6,Hot,Normal,3.213,synthetic_virtual_ev
SIM_TRIP_1090,VIRTUAL_EV_001,30.0,43.5,50.01,51.2,63.5,78.0,0.197,24.1,Overcast,Normal,8.389,synthetic_virtual_ev
SIM_TRIP_1091,VIRTUAL_EV_001,30.0,91.1,32.3,46.1,47.2,144.3,0.387,24.0,Rain,Normal,5.829,synthetic_virtual_ev
SIM_TRIP_1092,VIRTUAL_EV_001,30.0,33.5,7.22,7.7,60.7,-90.9,0.193,37.2,Hot,Normal,0.977,synthetic_virtual_ev
SIM_TRIP_1093,VIRTUAL_EV_001,30.0,29.4,12.74,15.3,55.5,-30.5,0.29,22.1,Rain,Eco,1.775,synthetic_virtual_ev
SIM_TRIP_1094,VIRTUAL_EV_001,30.0,42.7,4.03,4.1,62.1,-87.2,0.145,24.5,Overcast,Normal,0.406,synthetic_virtual_ev
SIM_TRIP_1095,VIRTUAL_EV_001,30.0,65.1,33.74,33.7,64.2,7.7,0.158,29.7,Clear,Eco,5.161,synthetic_virtual_ev
SIM_TRIP_1096,VIRTUAL_EV_001,30.0,70.5,12.37,16.0,51.4,35.8,0.313,33.5,Clear,Normal,2.248,synthetic_virtual_ev
SIM_TRIP_1097,VIRTUAL_EV_001,30.0,90.0,8.61,8.7,60.1,89.6,0.03,24.8,Rain,Eco,1.678,synthetic_virtual_ev
SIM_TRIP_1098,VIRTUAL_EV_001,30.0,68.8,43.76,65.7,45.4,49.5,0.449,24.6,Clear,Aggressive,8.286,synthetic_virtual_ev
SIM_TRIP_1099,VIRTUAL_EV_001,30.0,59.4,2.04,2.6,51.7,54.6,0.273,23.7,Overcast,Normal,0.6,synthetic_virtual_ev
SIM_TRIP_1100,VIRTUAL_EV_001,30.0,36.1,20.42,28.3,49.2,42.9,0.411,20.6,Rain,Aggressive,4.003,synthetic_virtual_ev
SIM_TRIP_1101,VIRTUAL_EV_001,30.0,22.6,6.54,6.5,62.7,-48.3,0.089,34.8,Hot,Normal,0.967,synthetic_virtual_ev
SIM_TRIP_1102,VIRTUAL_EV_001,30.0,62.3,7.27,8.1,58.1,147.2,0.207,30.1,Clear,Normal,1.935,synthetic_virtual_ev
SIM_TRIP_1103,VIRTUAL_EV_001,30.0,75.6,9.13,10.0,58.8,106.4,0.176,24.4,Rain,Normal,1.971,synthetic_virtual_ev
SIM_TRIP_1104,VIRTUAL_EV_001,30.0,38.4,7.03,8.8,53.9,61.3,0.335,27.5,Clear,Eco,1.337,synthetic_virtual_ev
SIM_TRIP_1105,VIRTUAL_EV_001,30.0,76.8,30.93,44.7,46.9,151.3,0.415,21.4,Rain,Eco,5.189,synthetic_virtual_ev
SIM_TRIP_1106,VIRTUAL_EV_001,30.0,79.9,63.9,71.6,58.3,123.1,0.229,32.2,Clear,Eco,10.374,synthetic_virtual_ev
SIM_TRIP_1107,VIRTUAL_EV_001,30.0,75.0,35.48,58.9,41.6,-94.2,0.545,33.3,Hot,Eco,5.447,synthetic_virtual_ev
SIM_TRIP_1108,VIRTUAL_EV_001,30.0,79.1,52.78,58.6,60.0,60.8,0.275,30.2,Clear,Aggressive,10.409,synthetic_virtual_ev
SIM_TRIP_1109,VIRTUAL_EV_001,30.0,20.1,35.7,44.0,52.4,138.2,0.217,38.0,Hot,Normal,6.736,synthetic_virtual_ev
SIM_TRIP_1110,VIRTUAL_EV_002,40.5,76.4,26.68,51.5,36.3,131.2,0.696,41.3,Hot,Normal,5.758,synthetic_virtual_ev
SIM_TRIP_1111,VIRTUAL_EV_001,30.0,92.2,8.42,11.3,51.2,34.3,0.423,24.5,Rain,Normal,1.487,synthetic_virtual_ev
SIM_TRIP_1112,VIRTUAL_EV_002,40.5,57.3,8.1,12.1,46.5,33.2,0.5,24.6,Clear,Normal,1.457,synthetic_virtual_ev
SIM_TRIP_1113,VIRTUAL_EV_001,30.0,20.4,38.66,46.6,55.6,176.9,0.313,22.0,Overcast,Normal,6.917,synthetic_virtual_ev
SIM_TRIP_1114,VIRTUAL_EV_001,30.0,21.5,8.43,8.9,60.0,162.4,0.152,20.1,Rain,Eco,2.013,synthetic_virtual_ev
SIM_TRIP_1115,VIRTUAL_EV_001,30.0,71.5,11.32,12.2,57.6,127.6,0.09,26.3,Overcast,Eco,2.282,synthetic_virtual_ev
SIM_TRIP_1116,VIRTUAL_EV_001,30.0,34.9,46.2,56.3,55.3,111.5,0.332,22.6,Overcast,Normal,7.904,synthetic_virtual_ev
SIM_TRIP_1117,VIRTUAL_EV_001,30.0,65.5,10.0,11.2,55.6,-111.7,0.112,39.2,Hot,Normal,1.434,synthetic_virtual_ev
SIM_TRIP_1118,VIRTUAL_EV_001,30.0,85.8,49.76,47.5,64.5,177.7,0.06,22.6,Rain,Normal,8.612,synthetic_virtual_ev
SIM_TRIP_1119,VIRTUAL_EV_001,30.0,39.5,36.13,43.4,54.9,2.4,0.273,26.6,Overcast,Aggressive,6.474,synthetic_virtual_ev
SIM_TRIP_1120,VIRTUAL_EV_001,30.0,27.2,2.65,2.7,61.1,149.7,0.064,23.4,Overcast,Normal,1.14,synthetic_virtual_ev
SIM_TRIP_1121,VIRTUAL_EV_001,30.0,78.7,7.56,8.4,61.8,-15.9,0.365,38.8,Hot,Normal,1.293,synthetic_virtual_ev
SIM_TRIP_1122,VIRTUAL_EV_001,30.0,71.2,56.43,61.5,57.7,126.6,0.124,24.5,Clear,Eco,8.733,synthetic_virtual_ev
SIM_TRIP_1123,VIRTUAL_EV_001,30.0,32.5,7.56,10.1,48.2,-74.1,0.244,21.6,Rain,Aggressive,1.134,synthetic_virtual_ev
SIM_TRIP_1124,VIRTUAL_EV_001,30.0,75.6,10.03,14.1,50.2,-96.6,0.517,40.2,Hot,Normal,1.496,synthetic_virtual_ev
SIM_TRIP_1125,VIRTUAL_EV_001,30.0,20.2,43.85,77.2,38.9,-116.5,0.545,28.0,Clear,Normal,6.872,synthetic_virtual_ev
SIM_TRIP_1126,VIRTUAL_EV_001,30.0,77.3,4.31,4.9,59.7,66.8,0.336,28.3,Clear,Normal,1.058,synthetic_virtual_ev
SIM_TRIP_1127,VIRTUAL_EV_001,30.0,80.1,5.06,5.4,59.5,20.6,0.142,21.8,Rain,Eco,0.835,synthetic_virtual_ev
SIM_TRIP_1128,VIRTUAL_EV_001,30.0,93.5,4.71,5.5,57.7,-57.4,0.321,26.6,Clear,Normal,0.593,synthetic_virtual_ev
SIM_TRIP_1129,VIRTUAL_EV_001,30.0,64.9,9.52,9.7,61.0,167.8,0.089,31.5,Clear,Aggressive,2.588,synthetic_virtual_ev
SIM_TRIP_1130,VIRTUAL_EV_001,30.0,59.7,32.63,39.9,55.3,178.7,0.346,34.3,Hot,Normal,6.299,synthetic_virtual_ev
SIM_TRIP_1131,VIRTUAL_EV_001,30.0,91.1,63.16,93.2,45.3,-29.2,0.378,42.0,Hot,Aggressive,12.74,synthetic_virtual_ev
SIM_TRIP_1132,VIRTUAL_EV_002,40.5,37.5,8.74,11.6,50.5,-20.5,0.351,24.9,Overcast,Eco,1.199,synthetic_virtual_ev
SIM_TRIP_1133,VIRTUAL_EV_002,40.5,73.9,14.76,19.5,51.1,-62.5,0.363,33.6,Clear,Normal,2.243,synthetic_virtual_ev
SIM_TRIP_1134,VIRTUAL_EV_001,30.0,46.1,23.24,39.3,40.8,25.6,0.553,24.3,Clear,Aggressive,4.313,synthetic_virtual_ev
SIM_TRIP_1135,VIRTUAL_EV_001,30.0,27.6,4.71,6.2,51.7,-33.1,0.37,40.6,Hot,Normal,0.743,synthetic_virtual_ev
SIM_TRIP_1136,VIRTUAL_EV_002,40.5,33.1,14.34,20.3,49.8,-10.2,0.53,24.8,Clear,Normal,2.311,synthetic_virtual_ev
SIM_TRIP_1137,VIRTUAL_EV_001,30.0,31.4,58.47,91.2,43.4,179.0,0.442,37.3,Hot,Aggressive,12.406,synthetic_virtual_ev
SIM_TRIP_1138,VIRTUAL_EV_002,40.5,42.2,16.46,21.5,50.8,139.2,0.317,24.8,Rain,Eco,3.092,synthetic_virtual_ev
SIM_TRIP_1139,VIRTUAL_EV_001,30.0,50.7,58.55,66.1,59.6,-54.6,0.304,33.4,Clear,Eco,9.083,synthetic_virtual_ev
SIM_TRIP_1140,VIRTUAL_EV_001,30.0,38.6,4.99,7.1,47.8,167.9,0.427,28.9,Clear,Eco,1.592,synthetic_virtual_ev
SIM_TRIP_1141,VIRTUAL_EV_001,30.0,66.8,3.11,3.5,57.7,-99.6,0.246,24.8,Rain,Eco,0.182,synthetic_virtual_ev
SIM_TRIP_1142,VIRTUAL_EV_001,30.0,71.5,29.26,28.6,64.6,119.4,0.119,26.4,Overcast,Aggressive,5.903,synthetic_virtual_ev
SIM_TRIP_1143,VIRTUAL_EV_001,30.0,40.7,14.86,31.1,33.3,47.3,0.734,23.5,Rain,Normal,2.644,synthetic_virtual_ev
SIM_TRIP_1144,VIRTUAL_EV_001,30.0,62.6,14.37,13.9,65.4,78.8,0.122,20.0,Rain,Normal,2.697,synthetic_virtual_ev
SIM_TRIP_1145,VIRTUAL_EV_001,30.0,67.9,5.11,4.9,65.7,153.1,0.138,24.9,Rain,Normal,1.574,synthetic_virtual_ev
SIM_TRIP_1146,VIRTUAL_EV_002,40.5,33.7,14.79,24.2,43.0,-18.9,0.599,36.9,Hot,Eco,2.415,synthetic_virtual_ev
SIM_TRIP_1147,VIRTUAL_EV_001,30.0,49.2,23.66,25.4,61.2,122.0,0.23,20.4,Rain,Normal,4.448,synthetic_virtual_ev
SIM_TRIP_1148,VIRTUAL_EV_002,40.5,91.9,14.35,20.1,48.3,-82.3,0.393,33.7,Hot,Normal,2.173,synthetic_virtual_ev
SIM_TRIP_1149,VIRTUAL_EV_002,40.5,71.3,14.79,31.0,33.4,30.2,0.751,28.7,Clear,Aggressive,3.002,synthetic_virtual_ev
SIM_TRIP_1150,VIRTUAL_EV_001,30.0,68.7,7.54,8.0,60.6,142.5,0.188,23.3,Overcast,Eco,1.807,synthetic_virtual_ev
SIM_TRIP_1151,VIRTUAL_EV_001,30.0,55.1,62.82,76.9,56.3,4.0,0.398,41.0,Hot,Normal,11.104,synthetic_virtual_ev
SIM_TRIP_1152,VIRTUAL_EV_002,40.5,69.1,9.93,9.8,65.7,159.5,0.177,23.5,Rain,Eco,2.346,synthetic_virtual_ev
SIM_TRIP_1153,VIRTUAL_EV_001,30.0,44.8,13.6,21.1,44.5,9.8,0.5,29.3,Clear,Normal,2.265,synthetic_virtual_ev
SIM_TRIP_1154,VIRTUAL_EV_002,40.5,47.8,8.41,13.3,43.8,-60.0,0.532,39.1,Hot,Normal,1.316,synthetic_virtual_ev
SIM_TRIP_1155,VIRTUAL_EV_002,40.5,54.6,2.48,2.9,56.5,73.8,0.262,22.4,Rain,Normal,0.795,synthetic_virtual_ev
SIM_TRIP_1156,VIRTUAL_EV_001,30.0,42.6,6.55,7.4,54.1,75.4,0.054,32.6,Clear,Aggressive,1.617,synthetic_virtual_ev
SIM_TRIP_1157,VIRTUAL_EV_002,40.5,87.9,14.76,15.8,58.8,125.1,0.12,28.2,Clear,Eco,2.826,synthetic_virtual_ev
SIM_TRIP_1158,VIRTUAL_EV_001,30.0,42.5,7.05,8.5,54.0,23.8,0.23,20.9,Rain,Normal,1.235,synthetic_virtual_ev
SIM_TRIP_1159,VIRTUAL_EV_001,30.0,30.3,51.02,55.0,59.1,-51.8,0.158,24.3,Rain,Normal,7.98,synthetic_virtual_ev
SIM_TRIP_1160,VIRTUAL_EV_002,40.5,32.6,38.02,51.8,48.6,73.0,0.32,22.3,Rain,Aggressive,7.171,synthetic_virtual_ev
SIM_TRIP_1161,VIRTUAL_EV_001,30.0,29.4,11.97,12.6,60.2,-18.6,0.14,28.8,Clear,Normal,1.884,synthetic_virtual_ev
SIM_TRIP_1162,VIRTUAL_EV_002,40.5,31.0,6.09,10.9,38.0,164.3,0.52,41.9,Hot,Normal,2.025,synthetic_virtual_ev
SIM_TRIP_1163,VIRTUAL_EV_002,40.5,82.0,11.64,20.7,38.1,175.2,0.512,40.2,Hot,Normal,3.092,synthetic_virtual_ev
SIM_TRIP_1164,VIRTUAL_EV_001,30.0,54.5,9.14,13.7,48.0,-68.4,0.615,26.6,Clear,Normal,1.287,synthetic_virtual_ev
SIM_TRIP_1165,VIRTUAL_EV_001,30.0,53.4,29.13,46.9,41.9,63.6,0.444,20.7,Rain,Eco,4.615,synthetic_virtual_ev
SIM_TRIP_1166,VIRTUAL_EV_001,30.0,56.3,57.59,67.1,54.0,-108.8,0.137,32.6,Hot,Eco,8.308,synthetic_virtual_ev
SIM_TRIP_1167,VIRTUAL_EV_001,30.0,80.7,29.62,54.9,37.2,148.1,0.601,32.8,Clear,Eco,5.497,synthetic_virtual_ev
SIM_TRIP_1168,VIRTUAL_EV_001,30.0,43.0,4.85,7.1,48.7,39.5,0.564,30.2,Clear,Normal,1.003,synthetic_virtual_ev
SIM_TRIP_1169,VIRTUAL_EV_001,30.0,76.6,2.86,3.3,56.2,96.4,0.255,26.1,Overcast,Normal,0.936,synthetic_virtual_ev
SIM_TRIP_1170,VIRTUAL_EV_001,30.0,88.0,2.67,3.7,47.2,-110.9,0.284,20.2,Rain,Eco,0.074,synthetic_virtual_ev
SIM_TRIP_1171,VIRTUAL_EV_002,40.5,79.8,13.5,17.7,52.2,91.5,0.399,26.2,Clear,Normal,2.596,synthetic_virtual_ev
SIM_TRIP_1172,VIRTUAL_EV_001,30.0,29.6,10.13,9.8,66.1,78.1,0.137,23.7,Overcast,Eco,1.859,synthetic_virtual_ev
SIM_TRIP_1173,VIRTUAL_EV_002,40.5,67.3,46.13,53.9,55.5,42.5,0.219,36.6,Hot,Normal,8.39,synthetic_virtual_ev
SIM_TRIP_1174,VIRTUAL_EV_001,30.0,21.1,2.26,3.0,52.0,-11.4,0.46,22.4,Rain,Eco,0.31,synthetic_virtual_ev
SIM_TRIP_1175,VIRTUAL_EV_001,30.0,68.1,11.17,12.2,60.9,115.9,0.267,41.6,Hot,Normal,2.583,synthetic_virtual_ev
SIM_TRIP_1176,VIRTUAL_EV_001,30.0,67.0,3.14,4.6,49.7,38.5,0.614,29.1,Clear,Aggressive,0.768,synthetic_virtual_ev
SIM_TRIP_1177,VIRTUAL_EV_002,40.5,28.4,8.72,12.4,46.6,66.7,0.33,35.9,Hot,Aggressive,2.055,synthetic_virtual_ev
SIM_TRIP_1178,VIRTUAL_EV_002,40.5,91.6,8.63,18.7,32.6,-61.4,0.802,32.0,Clear,Normal,1.338,synthetic_virtual_ev
SIM_TRIP_1179,VIRTUAL_EV_002,40.5,48.4,3.31,3.6,58.5,27.4,0.126,28.3,Clear,Normal,0.666,synthetic_virtual_ev
SIM_TRIP_1180,VIRTUAL_EV_001,30.0,28.3,8.89,12.9,48.1,9.5,0.496,22.2,Rain,Normal,1.429,synthetic_virtual_ev
SIM_TRIP_1181,VIRTUAL_EV_001,30.0,85.7,20.2,29.8,45.3,125.1,0.382,37.0,Hot,Normal,4.193,synthetic_virtual_ev
SIM_TRIP_1182,VIRTUAL_EV_001,30.0,86.5,18.76,26.5,49.7,82.6,0.52,33.5,Clear,Normal,3.56,synthetic_virtual_ev
SIM_TRIP_1183,VIRTUAL_EV_001,30.0,39.0,8.0,12.5,44.6,85.7,0.533,39.6,Hot,Aggressive,2.069,synthetic_virtual_ev
SIM_TRIP_1184,VIRTUAL_EV_001,30.0,94.9,64.13,67.9,61.9,137.9,0.222,25.4,Rain,Eco,10.133,synthetic_virtual_ev
SIM_TRIP_1185,VIRTUAL_EV_001,30.0,58.8,6.46,8.1,52.9,51.7,0.283,34.4,Hot,Eco,1.227,synthetic_virtual_ev
SIM_TRIP_1186,VIRTUAL_EV_001,30.0,52.3,7.88,9.3,54.4,158.9,0.188,31.2,Clear,Normal,2.048,synthetic_virtual_ev
SIM_TRIP_1187,VIRTUAL_EV_002,40.5,62.6,47.49,63.2,49.8,93.8,0.314,33.0,Clear,Aggressive,9.467,synthetic_virtual_ev
SIM_TRIP_1188,VIRTUAL_EV_002,40.5,68.9,10.96,16.4,47.4,-28.5,0.584,40.7,Hot,Eco,1.771,synthetic_virtual_ev
SIM_TRIP_1189,VIRTUAL_EV_001,30.0,69.3,23.22,25.7,58.0,118.6,0.183,25.6,Clear,Normal,4.238,synthetic_virtual_ev
SIM_TRIP_1190,VIRTUAL_EV_001,30.0,77.3,12.6,18.7,45.2,-102.4,0.398,32.9,Hot,Aggressive,2.109,synthetic_virtual_ev
SIM_TRIP_1191,VIRTUAL_EV_002,40.5,70.7,14.49,15.8,60.1,65.4,0.223,30.7,Clear,Normal,2.745,synthetic_virtual_ev
SIM_TRIP_1192,VIRTUAL_EV_001,30.0,39.6,59.79,98.7,42.6,118.1,0.604,33.6,Hot,Eco,9.98,synthetic_virtual_ev
SIM_TRIP_1193,VIRTUAL_EV_002,40.5,52.6,2.14,3.8,39.0,18.8,0.552,34.7,Hot,Normal,0.49,synthetic_virtual_ev
SIM_TRIP_1194,VIRTUAL_EV_001,30.0,77.6,36.59,37.1,63.5,97.0,0.173,24.0,Clear,Normal,6.509,synthetic_virtual_ev
SIM_TRIP_1195,VIRTUAL_EV_002,40.5,40.2,3.99,5.1,53.5,135.3,0.366,27.4,Clear,Aggressive,1.431,synthetic_virtual_ev
SIM_TRIP_1196,VIRTUAL_EV_002,40.5,64.3,14.71,18.5,51.8,174.3,0.254,41.1,Hot,Aggressive,3.867,synthetic_virtual_ev
SIM_TRIP_1197,VIRTUAL_EV_001,30.0,30.7,8.16,14.2,38.4,-4.4,0.436,33.2,Clear,Normal,1.387,synthetic_virtual_ev
SIM_TRIP_1198,VIRTUAL_EV_001,30.0,60.3,63.44,78.6,54.6,-73.8,0.35,33.8,Clear,Aggressive,11.758,synthetic_virtual_ev
SIM_TRIP_1199,VIRTUAL_EV_001,30.0,56.5,8.04,9.1,57.4,163.7,0.207,36.1,Hot,Normal,2.176,synthetic_virtual_ev
SIM_TRIP_1200,VIRTUAL_EV_001,30.0,62.4,3.64,4.6,52.2,-102.6,0.275,25.0,Overcast,Eco,0.239,synthetic_virtual_ev
